session_id,participant_id,enumerator_id,treatment_group,language,currency_rate,app_version,round_index,is_practice,dose,fertilizer_used,savings,rain_outcome,rain_seed,rain_draw,price_outcome,price_seed,price_draw,yield,price_level,revenue,decision_start_time,decision_end_time,decision_duration_ms,dose_trajectory_json
c880b5e6-a90a-4e5a-ac04-17d2ef458e57,K,1,,en,5,0.3.0-v2,practice,true,10,true,15,good,K-rpractice-rain,0.5284215457207371,low,K-rpractice-price,0.8140724982072154,27.119999999999997,0.6,24.071999999999996,2026-06-04T10:51:50.396Z,2026-06-04T10:52:53.467Z,63071.59999999404,"[{""t"":215014.19999998808,""value"":1},{""t"":215342.09999999404,""value"":2},{""t"":215962.59999999404,""value"":3},{""t"":216388.79999998212,""value"":4},{""t"":216764.40000000596,""value"":5},{""t"":218598.79999998212,""value"":6},{""t"":219073.90000000596,""value"":7},{""t"":219482.09999999404,""value"":8},{""t"":219894,""value"":9},{""t"":220529.40000000596,""value"":10}]"
c880b5e6-a90a-4e5a-ac04-17d2ef458e57,K,1,,en,5,0.3.0-v2,0,false,5,true,20,good,K-r0-rain,0.47198842791519535,low,K-r0-price,0.7458044818482218,21.310000000000002,0.6,25.586000000000002,2026-06-04T10:53:25.663Z,2026-06-04T10:54:26.752Z,61088.90000000596,"[{""t"":305748,""value"":1},{""t"":307071,""value"":2},{""t"":318680.2999999821,""value"":3},{""t"":319971.7999999821,""value"":4},{""t"":321413.2999999821,""value"":5}]"
c880b5e6-a90a-4e5a-ac04-17d2ef458e57,K,1,,en,5,0.3.0-v2,1,false,5,true,20,normal,K-r1-rain,0.668651185588707,high,K-r1-price,0.0640333561132199,14.65,1.6,30.64,2026-06-04T10:54:43.973Z,2026-06-04T10:54:51.502Z,7528.5,"[{""t"":342790.1999999881,""value"":1},{""t"":343017.2999999821,""value"":2},{""t"":343214.40000000596,""value"":3},{""t"":344474.2999999821,""value"":4},{""t"":346736.6999999881,""value"":5}]"
c880b5e6-a90a-4e5a-ac04-17d2ef458e57,K,1,,en,5,0.3.0-v2,2,false,3,true,22,normal,K-r2-rain,0.3611683497149954,high,K-r2-price,0.2581500914659833,12.29,1.6,28.863999999999997,2026-06-04T10:55:39.072Z,2026-06-04T10:55:50.580Z,11507.799999982119,"[{""t"":403507.6999999881,""value"":1},{""t"":403832.5,""value"":2},{""t"":404454.09999999404,""value"":3}]"
c880b5e6-a90a-4e5a-ac04-17d2ef458e57,K,1,,en,5,0.3.0-v2,3,false,10,true,15,good,K-r3-rain,0.0931719107472808,low,K-r3-price,0.9137793796764405,27.119999999999997,0.6,24.071999999999996,2026-06-04T10:57:28.026Z,2026-06-04T10:57:37.880Z,9854,"[{""t"":506585.09999999404,""value"":1},{""t"":506761.90000000596,""value"":2},{""t"":506943.40000000596,""value"":3},{""t"":507104.5,""value"":4},{""t"":508923.40000000596,""value"":5},{""t"":509299.09999999404,""value"":6},{""t"":510494.59999999404,""value"":7},{""t"":511358.09999999404,""value"":8},{""t"":512557.09999999404,""value"":9},{""t"":513261.2999999821,""value"":10}]"
c880b5e6-a90a-4e5a-ac04-17d2ef458e57,K,1,,en,5,0.3.0-v2,4,false,7,true,18,good,K-r4-rain,0.3436849541171333,mid,K-r4-price,0.4344979440363737,24.054,1,30.054,2026-06-04T10:57:52.709Z,2026-06-04T10:57:59.670Z,6960.9000000059605,"[{""t"":531545.099999994,""value"":1},{""t"":531754.5,""value"":2},{""t"":532298.5,""value"":3},{""t"":532495.599999994,""value"":4},{""t"":532787.099999994,""value"":5},{""t"":533016.7999999821,""value"":6},{""t"":533689.6999999881,""value"":7}]"
c880b5e6-a90a-4e5a-ac04-17d2ef458e57,K,1,,en,5,0.3.0-v2,5,false,10,true,15,normal,K-r5-rain,0.8190827574905558,mid,K-r5-price,0.6879693297572663,18.8,1,25.8,2026-06-04T10:58:15.497Z,2026-06-04T10:58:22.209Z,6712.5,"[{""t"":554153.1999999881,""value"":1},{""t"":554361.5,""value"":2},{""t"":554513.599999994,""value"":3},{""t"":554675.099999994,""value"":4},{""t"":555166.1999999881,""value"":5},{""t"":555347.7999999821,""value"":6},{""t"":555692.7999999821,""value"":7},{""t"":555854.1999999881,""value"":8},{""t"":556197.7999999821,""value"":9},{""t"":556343.5,""value"":10}]"
c880b5e6-a90a-4e5a-ac04-17d2ef458e57,K,1,,en,5,0.3.0-v2,6,false,10,true,15,drought,K-r6-rain,0.9794687103768347,low,K-r6-price,0.9236027637861036,2,0.6,15,2026-06-04T10:58:29.067Z,2026-06-04T10:58:35.188Z,6121.5,"[{""t"":567593,""value"":1},{""t"":567785.400000006,""value"":2},{""t"":567963.400000006,""value"":3},{""t"":569224.1999999881,""value"":4},{""t"":569356.7999999821,""value"":5},{""t"":569666.7999999821,""value"":6},{""t"":570064.5,""value"":7},{""t"":570353.900000006,""value"":8},{""t"":570679.1999999881,""value"":9},{""t"":571321.900000006,""value"":10}]"
c880b5e6-a90a-4e5a-ac04-17d2ef458e57,K,1,,en,5,0.3.0-v2,7,false,3,true,22,good,K-r7-rain,0.06751673841812361,mid,K-r7-price,0.6620572158740838,18.006,1,28.006,2026-06-04T10:58:42.981Z,2026-06-04T10:58:45.828Z,2847.800000011921,"[{""t"":581388,""value"":1},{""t"":581598.1999999881,""value"":2},{""t"":581763.099999994,""value"":3}]"
c880b5e6-a90a-4e5a-ac04-17d2ef458e57,K,1,,en,5,0.3.0-v2,8,false,6,true,19,drought,K-r8-rain,0.9800598585739102,mid,K-r8-price,0.7987539911743735,2,1,19,2026-06-04T10:58:58.024Z,2026-06-04T10:59:06.666Z,8642.199999988079,"[{""t"":596287.1999999881,""value"":1},{""t"":596463.099999994,""value"":2},{""t"":596646.1999999881,""value"":3},{""t"":597088.1999999881,""value"":4},{""t"":597562.1999999881,""value"":5},{""t"":602816.5,""value"":6}]"
c880b5e6-a90a-4e5a-ac04-17d2ef458e57,K,1,,en,5,0.3.0-v2,9,false,5,true,20,good,K-r9-rain,0.3659281071348306,low,K-r9-price,0.6794395063586312,21.310000000000002,0.6,25.586000000000002,2026-06-04T10:59:10.906Z,2026-06-04T10:59:18.600Z,7693.4000000059605,"[{""t"":613475.5,""value"":1},{""t"":613667,""value"":2},{""t"":613834.6999999881,""value"":3},{""t"":613997.400000006,""value"":4},{""t"":614305.5,""value"":5}]"
0abc10f7-f2cd-484e-a549-b6882a57866e,Eh,1,,en,5,0.3.0-v2,practice,true,10,true,15,good,Eh-rpractice-rain,0.5008801734489642,mid,Eh-rpractice-price,0.5848232816823384,27.119999999999997,1,30.119999999999997,2026-06-08T04:58:05.835Z,2026-06-08T04:58:13.987Z,8152.200000047684,"[{""t"":368657.3000000119,""value"":1},{""t"":369080.40000003576,""value"":2},{""t"":369245.5,""value"":3},{""t"":369621.90000003576,""value"":4},{""t"":372011.5,""value"":5},{""t"":372402.5,""value"":6},{""t"":373139,""value"":7},{""t"":373332.90000003576,""value"":8},{""t"":373667.10000002384,""value"":9},{""t"":374203.6999999881,""value"":10}]"
0abc10f7-f2cd-484e-a549-b6882a57866e,Eh,1,,en,5,0.3.0-v2,0,false,10,true,15,drought,Eh-r0-rain,0.9837344931897933,low,Eh-r0-price,0.7133058268642652,2,0.6,15,2026-06-08T04:58:18.160Z,2026-06-08T04:58:23.906Z,5745.700000047684,"[{""t"":380671,""value"":1},{""t"":380847.40000003576,""value"":2},{""t"":381634.1999999881,""value"":3},{""t"":381796.5,""value"":4},{""t"":381993.90000003576,""value"":5},{""t"":382138.60000002384,""value"":6},{""t"":382448.8000000119,""value"":7},{""t"":382631.5,""value"":8},{""t"":382776.40000003576,""value"":9},{""t"":383173.90000003576,""value"":10}]"
0abc10f7-f2cd-484e-a549-b6882a57866e,Eh,1,,en,5,0.3.0-v2,1,false,4,true,21,good,Eh-r1-rain,0.3978419766196581,mid,Eh-r1-price,0.37690724333110087,19.728,1,28.728,2026-06-08T04:58:28.097Z,2026-06-08T04:58:32.769Z,4671.699999988079,"[{""t"":390622.8000000119,""value"":1},{""t"":392880.5,""value"":2},{""t"":393086.10000002384,""value"":3},{""t"":393257.40000003576,""value"":4}]"
0abc10f7-f2cd-484e-a549-b6882a57866e,Eh,1,,en,5,0.3.0-v2,2,false,5,true,20,drought,Eh-r2-rain,0.8061366636091182,mid,Eh-r2-price,0.6281587691350737,2,1,20,2026-06-08T04:58:36.099Z,2026-06-08T04:58:40.128Z,4029.099999964237,"[{""t"":398725.6999999881,""value"":1},{""t"":398918.8000000119,""value"":2},{""t"":399133,""value"":3},{""t"":399510.3000000119,""value"":4},{""t"":399720.1999999881,""value"":5}]"
0abc10f7-f2cd-484e-a549-b6882a57866e,Eh,1,,en,5,0.3.0-v2,3,false,7,true,18,normal,Eh-r3-rain,0.6030620072505111,mid,Eh-r3-price,0.591604192640991,16.61,1,26.61,2026-06-08T04:58:42.812Z,2026-06-08T04:58:47.513Z,4701.100000023842,"[{""t"":405241.6999999881,""value"":1},{""t"":406153.40000003576,""value"":2},{""t"":406381.40000003576,""value"":3},{""t"":406761,""value"":4},{""t"":407120.8000000119,""value"":5},{""t"":407527.60000002384,""value"":6},{""t"":407906.6999999881,""value"":7}]"
0abc10f7-f2cd-484e-a549-b6882a57866e,Eh,1,,en,5,0.3.0-v2,4,false,5,true,20,good,Eh-r4-rain,0.3828648081330346,mid,Eh-r4-price,0.12375118973696568,21.310000000000002,1,29.310000000000002,2026-06-08T04:58:50.440Z,2026-06-08T04:58:54.598Z,4158.199999988079,"[{""t"":412902.8000000119,""value"":1},{""t"":413075.6999999881,""value"":2},{""t"":413288.5,""value"":3},{""t"":413636,""value"":4},{""t"":414014.90000003576,""value"":5}]"
0abc10f7-f2cd-484e-a549-b6882a57866e,Eh,1,,en,5,0.3.0-v2,5,false,10,true,15,good,Eh-r5-rain,0.12435070972307741,high,Eh-r5-price,0.3549129189158602,27.119999999999997,1.6,39.19199999999999,2026-06-08T04:58:57.807Z,2026-06-08T04:59:02.812Z,5005.300000011921,"[{""t"":420187.40000003576,""value"":1},{""t"":420379.5,""value"":2},{""t"":420742.60000002384,""value"":3},{""t"":421186.60000002384,""value"":4},{""t"":421325.90000003576,""value"":5},{""t"":421687.10000002384,""value"":6},{""t"":422086.3000000119,""value"":7},{""t"":422242.90000003576,""value"":8},{""t"":422397.60000002384,""value"":9},{""t"":422591.6999999881,""value"":10}]"
0abc10f7-f2cd-484e-a549-b6882a57866e,Eh,1,,en,5,0.3.0-v2,6,false,8,true,17,drought,Eh-r6-rain,0.8680311423929229,mid,Eh-r6-price,0.22412116996219614,2,1,17,2026-06-08T04:59:05.909Z,2026-06-08T04:59:14.520Z,8610.599999964237,"[{""t"":428485.60000002384,""value"":1},{""t"":428677.8000000119,""value"":2},{""t"":429445.90000003576,""value"":3},{""t"":429988.40000003576,""value"":4},{""t"":430197.6999999881,""value"":5},{""t"":430329,""value"":6},{""t"":430576.40000003576,""value"":7},{""t"":430723.1999999881,""value"":8},{""t"":431331.60000002384,""value"":9},{""t"":432083.3000000119,""value"":10},{""t"":433690.40000003576,""value"":9},{""t"":433865.6999999881,""value"":8}]"
0abc10f7-f2cd-484e-a549-b6882a57866e,Eh,1,,en,5,0.3.0-v2,7,false,3,true,22,normal,Eh-r7-rain,0.3506062761921879,mid,Eh-r7-price,0.4408295815501013,12.29,1,26.29,2026-06-08T04:59:17.561Z,2026-06-08T04:59:21.247Z,3686.600000023842,"[{""t"":439894.5,""value"":1},{""t"":440103.6999999881,""value"":2},{""t"":440249.1999999881,""value"":3}]"
0abc10f7-f2cd-484e-a549-b6882a57866e,Eh,1,,en,5,0.3.0-v2,8,false,8,true,17,drought,Eh-r8-rain,0.8636176663353134,mid,Eh-r8-price,0.3280382929581069,2,1,17,2026-06-08T04:59:25.714Z,2026-06-08T04:59:32.379Z,6664.399999976158,"[{""t"":448078.90000003576,""value"":1},{""t"":448410.10000002384,""value"":2},{""t"":448582.1999999881,""value"":3},{""t"":448796.8000000119,""value"":4},{""t"":449072.40000003576,""value"":5},{""t"":451302.8000000119,""value"":6},{""t"":451792.5,""value"":7},{""t"":451989.3000000119,""value"":8}]"
0abc10f7-f2cd-484e-a549-b6882a57866e,Eh,1,,en,5,0.3.0-v2,9,false,5,true,20,drought,Eh-r9-rain,0.8275905513478407,low,Eh-r9-price,0.7593682288431075,2,0.6,20,2026-06-08T04:59:38.615Z,2026-06-08T04:59:41.775Z,3159.800000011921,"[{""t"":461205.5,""value"":1},{""t"":461400.60000002384,""value"":2},{""t"":461583.10000002384,""value"":3},{""t"":461746.60000002384,""value"":4},{""t"":461927.1999999881,""value"":5}]"
1e82a795-f0f2-4169-898a-46fc113b9ee5,2,4,,en,5,0.3.0-v2,practice,true,8,true,17,good,2-rpractice-rain,0.28465667075262824,mid,2-rpractice-price,0.6294311629844843,25.216,1,30.216,2026-06-04T16:44:18.565Z,2026-06-04T16:44:27.655Z,9089.79999999993,"[{""t"":135620.8999999999,""value"":1},{""t"":137343.79999999993,""value"":2},{""t"":137543,""value"":3},{""t"":137729.09999999998,""value"":4},{""t"":138244.8999999999,""value"":5},{""t"":138894.69999999995,""value"":6},{""t"":139221.29999999993,""value"":7},{""t"":139788,""value"":8}]"
1e82a795-f0f2-4169-898a-46fc113b9ee5,2,4,,en,5,0.3.0-v2,0,false,10,true,15,good,2-r0-rain,0.1697633019377156,mid,2-r0-price,0.28390705160251317,27.119999999999997,1,30.119999999999997,2026-06-04T16:44:35.811Z,2026-06-04T16:44:44.242Z,8430.699999999953,"[{""t"":152723.80000000005,""value"":1},{""t"":152937.5,""value"":2},{""t"":153122.3999999999,""value"":3},{""t"":154806.8999999999,""value"":4},{""t"":154960.69999999995,""value"":5},{""t"":155146.69999999995,""value"":6},{""t"":155372.5,""value"":7},{""t"":155824.69999999995,""value"":8},{""t"":156624.69999999995,""value"":9},{""t"":156798.69999999995,""value"":10}]"
1e82a795-f0f2-4169-898a-46fc113b9ee5,2,4,,en,5,0.3.0-v2,1,false,5,true,20,normal,2-r1-rain,0.6264214831209145,mid,2-r1-price,0.1967699770324429,14.65,1,26.65,2026-06-04T16:44:54.049Z,2026-06-04T16:45:00.337Z,6287.399999999907,"[{""t"":169944,""value"":1},{""t"":170123,""value"":2},{""t"":170290,""value"":3},{""t"":171359.59999999986,""value"":4},{""t"":171859,""value"":5}]"
1e82a795-f0f2-4169-898a-46fc113b9ee5,2,4,,en,5,0.3.0-v2,2,false,2,true,23,good,2-r2-rain,0.23789922327917573,low,2-r2-price,0.8778771995756699,16.144,0.6,25.4864,2026-06-04T16:45:11.411Z,2026-06-04T16:45:14.879Z,3468,"[{""t"":187356.3999999999,""value"":1},{""t"":187729.19999999995,""value"":2}]"
1e82a795-f0f2-4169-898a-46fc113b9ee5,2,4,,en,5,0.3.0-v2,3,false,4,true,21,normal,2-r3-rain,0.6482953145693964,low,2-r3-price,0.8823160446132449,13.52,0.6,24.312,2026-06-04T16:45:20.891Z,2026-06-04T16:45:25.037Z,4145.300000000047,"[{""t"":197021.59999999986,""value"":1},{""t"":197358.80000000005,""value"":2},{""t"":197543.3999999999,""value"":3},{""t"":197753.69999999995,""value"":4}]"
1e82a795-f0f2-4169-898a-46fc113b9ee5,2,4,,en,5,0.3.0-v2,4,false,2,true,23,good,2-r4-rain,0.14906981491493973,mid,2-r4-price,0.2887288136077382,16.144,1,27.144,2026-06-04T16:45:32.117Z,2026-06-04T16:45:35.836Z,3718.899999999907,"[{""t"":208237.8999999999,""value"":1},{""t"":208961.8999999999,""value"":2}]"
1e82a795-f0f2-4169-898a-46fc113b9ee5,2,4,,en,5,0.3.0-v2,5,false,10,true,15,good,2-r5-rain,0.6293526125644215,mid,2-r5-price,0.6586312644891502,27.119999999999997,1,30.119999999999997,2026-06-04T16:45:40.323Z,2026-06-04T16:45:45.385Z,5061.699999999953,"[{""t"":216461,""value"":1},{""t"":216630.80000000005,""value"":2},{""t"":216803.80000000005,""value"":3},{""t"":216975.30000000005,""value"":4},{""t"":217132.8999999999,""value"":5},{""t"":217302.69999999995,""value"":6},{""t"":217475.69999999995,""value"":7},{""t"":217773.80000000005,""value"":8},{""t"":218259.30000000005,""value"":9},{""t"":218684.8999999999,""value"":10}]"
1e82a795-f0f2-4169-898a-46fc113b9ee5,2,4,,en,5,0.3.0-v2,6,false,8,true,17,drought,2-r6-rain,0.9732183932942823,low,2-r6-price,0.9956437084437086,2,0.6,17,2026-06-04T16:45:51.757Z,2026-06-04T16:45:56.751Z,4993.799999999814,"[{""t"":227343.09999999986,""value"":1},{""t"":227557.59999999986,""value"":2},{""t"":227757.09999999986,""value"":3},{""t"":227932.30000000005,""value"":4},{""t"":228308.69999999995,""value"":5},{""t"":228716.80000000005,""value"":6},{""t"":229451.3999999999,""value"":7},{""t"":229960.3999999999,""value"":8}]"
1e82a795-f0f2-4169-898a-46fc113b9ee5,2,4,,en,5,0.3.0-v2,7,false,1,true,24,good,2-r7-rain,0.03852359817917051,mid,2-r7-price,0.33628275230102855,14.142,1,26.142,2026-06-04T16:46:04.891Z,2026-06-04T16:46:08.092Z,3201.5,"[{""t"":241521.30000000005,""value"":1}]"
1e82a795-f0f2-4169-898a-46fc113b9ee5,2,4,,en,5,0.3.0-v2,8,false,3,true,22,good,2-r8-rain,0.3195229438969949,high,2-r8-price,0.243481955685877,18.006,1.6,31.6096,2026-06-04T16:46:16.058Z,2026-06-04T16:46:27.591Z,11532.90000000014,"[{""t"":253454.09999999986,""value"":1},{""t"":253767.59999999986,""value"":2},{""t"":254535.80000000005,""value"":3}]"
1e82a795-f0f2-4169-898a-46fc113b9ee5,2,4,,en,5,0.3.0-v2,9,false,2,true,23,good,2-r9-rain,0.3484180862980674,low,2-r9-price,0.7792710530665375,16.144,0.6,25.4864,2026-06-04T16:46:33.244Z,2026-06-04T16:46:36.256Z,3011.1999999999534,"[{""t"":269073.69999999995,""value"":1},{""t"":269219.3999999999,""value"":2}]"
9ea02581-3d36-4363-a865-18cf05b328bd,2,4,,en,5,0.3.0-v2,practice,true,4,true,21,good,2-rpractice-rain,0.28465667075262824,mid,2-rpractice-price,0.6294311629844843,19.728,1,28.728,2026-06-05T11:59:12.944Z,2026-06-05T11:59:26.328Z,13383.800000000745,"[{""t"":78699.39999999944,""value"":1},{""t"":79548.79999999981,""value"":2},{""t"":79737.29999999981,""value"":3},{""t"":79988.59999999963,""value"":4}]"
9ea02581-3d36-4363-a865-18cf05b328bd,2,4,,en,5,0.3.0-v2,0,false,10,true,15,good,2-r0-rain,0.1697633019377156,mid,2-r0-price,0.28390705160251317,27.119999999999997,1,30.119999999999997,2026-06-05T11:59:30.605Z,2026-06-05T11:59:47.458Z,16853.400000000373,"[{""t"":88173,""value"":1},{""t"":88739.19999999925,""value"":2},{""t"":89007.19999999925,""value"":3},{""t"":89839.29999999981,""value"":4},{""t"":97145.59999999963,""value"":5},{""t"":97636.39999999944,""value"":6},{""t"":98586.5,""value"":7},{""t"":98712.59999999963,""value"":8},{""t"":99246.29999999981,""value"":9},{""t"":100507,""value"":10}]"
9ea02581-3d36-4363-a865-18cf05b328bd,2,4,,en,5,0.3.0-v2,1,false,5,true,20,normal,2-r1-rain,0.6264214831209145,mid,2-r1-price,0.1967699770324429,14.65,1,26.65,2026-06-05T11:59:54.180Z,2026-06-05T11:59:57.683Z,3502.2999999998137,"[{""t"":111373.19999999925,""value"":1},{""t"":111705.5,""value"":2},{""t"":111859.39999999944,""value"":3},{""t"":112005.89999999944,""value"":4},{""t"":112152.09999999963,""value"":5}]"
9ea02581-3d36-4363-a865-18cf05b328bd,2,4,,en,5,0.3.0-v2,2,false,1,true,24,good,2-r2-rain,0.23789922327917573,low,2-r2-price,0.8778771995756699,14.142,0.6,25.2852,2026-06-05T12:00:01.677Z,2026-06-05T12:00:05.105Z,3427.7999999998137,"[{""t"":119804.09999999963,""value"":1}]"
9ea02581-3d36-4363-a865-18cf05b328bd,2,4,,en,5,0.3.0-v2,3,false,4,true,21,normal,2-r3-rain,0.6482953145693964,low,2-r3-price,0.8823160446132449,13.52,0.6,24.312,2026-06-05T12:00:11.838Z,2026-06-05T12:00:15.812Z,3974.2000000001863,"[{""t"":128834.59999999963,""value"":1},{""t"":129201.09999999963,""value"":2},{""t"":129408.89999999944,""value"":3},{""t"":129655.29999999981,""value"":4}]"
9ea02581-3d36-4363-a865-18cf05b328bd,2,4,,en,5,0.3.0-v2,4,false,3,true,22,good,2-r4-rain,0.14906981491493973,mid,2-r4-price,0.2887288136077382,18.006,1,28.006,2026-06-05T12:00:22.209Z,2026-06-05T12:00:25.948Z,3739.399999999441,"[{""t"":139409.69999999925,""value"":1},{""t"":139858.5,""value"":2},{""t"":140083.5,""value"":3}]"
9ea02581-3d36-4363-a865-18cf05b328bd,2,4,,en,5,0.3.0-v2,5,false,10,true,15,good,2-r5-rain,0.6293526125644215,mid,2-r5-price,0.6586312644891502,27.119999999999997,1,30.119999999999997,2026-06-05T12:00:31.492Z,2026-06-05T12:00:37.711Z,6218.799999999814,"[{""t"":148387.7999999998,""value"":1},{""t"":148749.2999999998,""value"":2},{""t"":148905.5,""value"":3},{""t"":149103.2999999998,""value"":4},{""t"":149457.19999999925,""value"":5},{""t"":150438.2999999998,""value"":6},{""t"":151224.89999999944,""value"":7},{""t"":151608.59999999963,""value"":8},{""t"":151800.7999999998,""value"":9},{""t"":151973.39999999944,""value"":10}]"
9ea02581-3d36-4363-a865-18cf05b328bd,2,4,,en,5,0.3.0-v2,6,false,10,true,15,drought,2-r6-rain,0.9732183932942823,low,2-r6-price,0.9956437084437086,2,0.6,15,2026-06-05T12:00:41.766Z,2026-06-05T12:00:48.303Z,6536.700000000186,"[{""t"":159107.69999999925,""value"":1},{""t"":160414.7999999998,""value"":2},{""t"":160661.2999999998,""value"":3},{""t"":160904.59999999963,""value"":4},{""t"":161073.7999999998,""value"":5},{""t"":161434.59999999963,""value"":6},{""t"":161580.2999999998,""value"":7},{""t"":161782,""value"":8},{""t"":162038.59999999963,""value"":9},{""t"":162273.89999999944,""value"":10}]"
9ea02581-3d36-4363-a865-18cf05b328bd,2,4,,en,5,0.3.0-v2,7,false,7,true,18,good,2-r7-rain,0.03852359817917051,mid,2-r7-price,0.33628275230102855,24.054,1,30.054,2026-06-05T12:00:53.023Z,2026-06-05T12:00:56.583Z,3560,"[{""t"":169706.59999999963,""value"":1},{""t"":170245.69999999925,""value"":2},{""t"":170412.19999999925,""value"":3},{""t"":170568.59999999963,""value"":4},{""t"":170731.7999999998,""value"":5},{""t"":171106.59999999963,""value"":6},{""t"":171263.5,""value"":7}]"
9ea02581-3d36-4363-a865-18cf05b328bd,2,4,,en,5,0.3.0-v2,8,false,4,true,21,good,2-r8-rain,0.3195229438969949,high,2-r8-price,0.243481955685877,19.728,1.6,33.3648,2026-06-05T12:01:00.561Z,2026-06-05T12:01:03.321Z,2760,"[{""t"":177762.2999999998,""value"":1},{""t"":177918.59999999963,""value"":2},{""t"":178065.89999999944,""value"":3},{""t"":178190.39999999944,""value"":4}]"
9ea02581-3d36-4363-a865-18cf05b328bd,2,4,,en,5,0.3.0-v2,9,false,2,true,23,good,2-r9-rain,0.3484180862980674,low,2-r9-price,0.7792710530665375,16.144,0.6,25.4864,2026-06-05T12:01:08.049Z,2026-06-05T12:01:12.228Z,4178.200000000186,"[{""t"":185142.7999999998,""value"":1},{""t"":185665.89999999944,""value"":2}]"
1fb2e2e4-511d-465a-9c24-c7bd6d3948ea,5,4,,en,5,0.3.0-v2,practice,true,4,true,21,good,5-rpractice-rain,0.32162598228867667,low,5-rpractice-price,0.9467979791031103,19.728,0.6,25.6368,2026-06-05T12:11:50.729Z,2026-06-05T12:11:56.942Z,6212.5,"[{""t"":31808.700000000186,""value"":1},{""t"":32016,""value"":2},{""t"":32250.60000000056,""value"":3},{""t"":32493.300000000745,""value"":4}]"
1fb2e2e4-511d-465a-9c24-c7bd6d3948ea,5,4,,en,5,0.3.0-v2,0,false,8,true,17,good,5-r0-rain,0.6703089682901195,high,5-r0-price,0.051774071372070275,25.216,1.6,38.1456,2026-06-05T12:12:03.869Z,2026-06-05T12:12:09.362Z,5492.700000000186,"[{""t"":44780.5,""value"":1},{""t"":45010.5,""value"":2},{""t"":45210.800000000745,""value"":3},{""t"":45377,""value"":4},{""t"":45578.5,""value"":5},{""t"":45808.800000000745,""value"":6},{""t"":46230.10000000056,""value"":7},{""t"":46452.700000000186,""value"":8}]"
1fb2e2e4-511d-465a-9c24-c7bd6d3948ea,5,4,,en,5,0.3.0-v2,1,false,6,true,19,good,5-r1-rain,0.38978109998096827,mid,5-r1-price,0.275423338587917,22.752,1,29.752,2026-06-05T12:12:14.466Z,2026-06-05T12:12:23.859Z,9392.799999999814,"[{""t"":57763.40000000037,""value"":1},{""t"":59385.5,""value"":2},{""t"":59612.300000000745,""value"":3},{""t"":59804.10000000056,""value"":4},{""t"":60002.60000000056,""value"":5},{""t"":60202.5,""value"":6}]"
1fb2e2e4-511d-465a-9c24-c7bd6d3948ea,5,4,,en,5,0.3.0-v2,2,false,0,false,25,normal,5-r2-rain,0.40067163639221526,mid,5-r2-price,0.5506305436379033,8,1,25,2026-06-05T12:12:55.331Z,2026-06-05T12:12:57.904Z,2573.0999999996275,[]
1fb2e2e4-511d-465a-9c24-c7bd6d3948ea,5,4,,en,5,0.3.0-v2,3,false,10,true,15,normal,5-r3-rain,0.8642007116388746,low,5-r3-price,0.7744563489513063,18.8,0.6,21.48,2026-06-05T12:13:03.226Z,2026-06-05T12:13:09.265Z,6039.5,"[{""t"":103735.70000000019,""value"":1},{""t"":103953.30000000075,""value"":2},{""t"":104177.60000000056,""value"":3},{""t"":105274.40000000037,""value"":4},{""t"":105633.40000000037,""value"":5},{""t"":105830.10000000056,""value"":6},{""t"":106029.60000000056,""value"":7},{""t"":106219,""value"":8},{""t"":106413.30000000075,""value"":9},{""t"":106614.20000000019,""value"":10}]"
1fb2e2e4-511d-465a-9c24-c7bd6d3948ea,5,4,,en,5,0.3.0-v2,4,false,2,true,23,good,5-r4-rain,0.37931222492357103,low,5-r4-price,0.8086940080057615,16.144,0.6,25.4864,2026-06-05T12:13:14.260Z,2026-06-05T12:13:20.040Z,5779.799999999814,"[{""t"":117040.80000000075,""value"":1},{""t"":117260.40000000037,""value"":2}]"
1fb2e2e4-511d-465a-9c24-c7bd6d3948ea,5,4,,en,5,0.3.0-v2,5,false,10,true,15,good,5-r5-rain,0.30143193830902854,low,5-r5-price,0.9533498364466835,27.119999999999997,0.6,24.071999999999996,2026-06-05T12:13:25.002Z,2026-06-05T12:13:32.472Z,7470,"[{""t"":127858.20000000019,""value"":1},{""t"":128086.40000000037,""value"":2},{""t"":128301.5,""value"":3},{""t"":128527.90000000037,""value"":4},{""t"":128718.40000000037,""value"":5},{""t"":128921.10000000056,""value"":6},{""t"":129119.80000000075,""value"":7},{""t"":129327.60000000056,""value"":8},{""t"":129535.10000000056,""value"":9},{""t"":129735.40000000037,""value"":10}]"
1fb2e2e4-511d-465a-9c24-c7bd6d3948ea,5,4,,en,5,0.3.0-v2,6,false,2,true,23,drought,5-r6-rain,0.9660761013643777,high,5-r6-price,0.13361411872392912,2,1.6,23,2026-06-05T12:13:36.693Z,2026-06-05T12:13:44.407Z,7713.899999999441,"[{""t"":136938.30000000075,""value"":1},{""t"":137370.2000000002,""value"":2}]"
1fb2e2e4-511d-465a-9c24-c7bd6d3948ea,5,4,,en,5,0.3.0-v2,7,false,0,false,25,normal,5-r7-rain,0.283849365120917,high,5-r7-price,0.09147053987608209,8,1.6,25,2026-06-05T12:13:49.367Z,2026-06-05T12:13:51.094Z,1726.9000000003725,[]
1fb2e2e4-511d-465a-9c24-c7bd6d3948ea,5,4,,en,5,0.3.0-v2,8,false,5,true,20,drought,5-r8-rain,0.8988836424545115,high,5-r8-price,0.09360123222623228,2,1.6,20,2026-06-05T12:13:56.263Z,2026-06-05T12:13:59.510Z,3246.5,"[{""t"":156218.2000000002,""value"":1},{""t"":156464.80000000075,""value"":2},{""t"":156671.30000000075,""value"":3},{""t"":156866.7000000002,""value"":4},{""t"":157064.7000000002,""value"":5}]"
1fb2e2e4-511d-465a-9c24-c7bd6d3948ea,5,4,,en,5,0.3.0-v2,9,false,0,false,25,good,5-r9-rain,0.39043722740171277,mid,5-r9-price,0.3070808182999029,12,1,25,2026-06-05T12:14:04.385Z,2026-06-05T12:14:06.287Z,1901.7000000001863,[]
b405df0a-3e75-4a3d-9a3b-c875f071cf28,Dr,4,,en,5,0.3.0-v2,practice,true,9,true,16,good,Dr-rpractice-rain,0.13161331496923728,mid,Dr-rpractice-price,0.41910921310543764,26.238,1,30.238,2026-06-05T14:19:13.005Z,2026-06-05T14:19:19.258Z,6253.10000000149,"[{""t"":39960.79999999888,""value"":1},{""t"":40148.199999999255,""value"":2},{""t"":40751.09999999963,""value"":3},{""t"":40901.90000000037,""value"":4},{""t"":41661.40000000037,""value"":5},{""t"":41940.09999999963,""value"":6},{""t"":42106.59999999963,""value"":7},{""t"":42290.79999999888,""value"":8},{""t"":42453.5,""value"":9}]"
b405df0a-3e75-4a3d-9a3b-c875f071cf28,Dr,4,,en,5,0.3.0-v2,0,false,10,true,15,good,Dr-r0-rain,0.29612267688180005,mid,Dr-r0-price,0.6975079760856439,27.119999999999997,1,30.119999999999997,2026-06-05T14:19:23.944Z,2026-06-05T14:19:28.251Z,4307.199999999255,"[{""t"":49140.699999999255,""value"":1},{""t"":49323.699999999255,""value"":2},{""t"":49538,""value"":3},{""t"":49710.79999999888,""value"":4},{""t"":49899.5,""value"":5},{""t"":50079.79999999888,""value"":6},{""t"":50264.90000000037,""value"":7},{""t"":50478.199999999255,""value"":8},{""t"":50661.40000000037,""value"":9},{""t"":50823.90000000037,""value"":10}]"
b405df0a-3e75-4a3d-9a3b-c875f071cf28,Dr,4,,en,5,0.3.0-v2,1,false,2,true,23,good,Dr-r1-rain,0.4659051603921536,mid,Dr-r1-price,0.33354629473618785,16.144,1,27.144,2026-06-05T14:19:35.037Z,2026-06-05T14:19:38.775Z,3737.9000000003725,"[{""t"":60850.09999999963,""value"":1},{""t"":62016,""value"":2}]"
b405df0a-3e75-4a3d-9a3b-c875f071cf28,Dr,4,,en,5,0.3.0-v2,2,false,0,false,25,good,Dr-r2-rain,0.2937593058549321,low,Dr-r2-price,0.9218314865563553,12,0.6,25,2026-06-05T14:19:42.672Z,2026-06-05T14:19:45.313Z,2641.0999999996275,[]
b405df0a-3e75-4a3d-9a3b-c875f071cf28,Dr,4,,en,5,0.3.0-v2,3,false,6,true,19,normal,Dr-r3-rain,0.8793342413887255,mid,Dr-r3-price,0.32149561006463057,15.68,1,26.68,2026-06-05T14:19:49.947Z,2026-06-05T14:19:53.328Z,3380.5,"[{""t"":75319.69999999925,""value"":1},{""t"":75591.90000000037,""value"":2},{""t"":75796.90000000037,""value"":3},{""t"":76193.09999999963,""value"":4},{""t"":76347.40000000037,""value"":5},{""t"":76550.19999999925,""value"":6}]"
b405df0a-3e75-4a3d-9a3b-c875f071cf28,Dr,4,,en,5,0.3.0-v2,4,false,0,false,25,normal,Dr-r4-rain,0.5900703698272248,low,Dr-r4-price,0.7954847013190229,8,0.6,25,2026-06-05T14:19:57.981Z,2026-06-05T14:20:00.574Z,2593.0999999996275,[]
b405df0a-3e75-4a3d-9a3b-c875f071cf28,Dr,4,,en,5,0.3.0-v2,5,false,8,true,17,good,Dr-r5-rain,0.6545642001435414,mid,Dr-r5-price,0.546861409697367,25.216,1,30.216,2026-06-05T14:20:04.525Z,2026-06-05T14:20:09.054Z,4529.5,"[{""t"":90263.09999999963,""value"":1},{""t"":90508.59999999963,""value"":2},{""t"":90691.40000000037,""value"":3},{""t"":90901,""value"":4},{""t"":91278,""value"":5},{""t"":91477.40000000037,""value"":6},{""t"":91675.90000000037,""value"":7},{""t"":91794,""value"":8}]"
b405df0a-3e75-4a3d-9a3b-c875f071cf28,Dr,4,,en,5,0.3.0-v2,6,false,5,true,20,good,Dr-r6-rain,0.15450015805462106,low,Dr-r6-price,0.758936187365968,21.310000000000002,0.6,25.586000000000002,2026-06-05T14:20:12.590Z,2026-06-05T14:20:16.153Z,3562.800000000745,"[{""t"":98127.69999999925,""value"":1},{""t"":98330.09999999963,""value"":2},{""t"":98516.09999999963,""value"":3},{""t"":98717.19999999925,""value"":4},{""t"":98916.69999999925,""value"":5}]"
b405df0a-3e75-4a3d-9a3b-c875f071cf28,Dr,4,,en,5,0.3.0-v2,7,false,0,false,25,drought,Dr-r7-rain,0.9167711281779988,low,Dr-r7-price,0.9131022265963564,2,0.6,25,2026-06-05T14:20:19.934Z,2026-06-05T14:20:22.021Z,2087.4000000003725,[]
b405df0a-3e75-4a3d-9a3b-c875f071cf28,Dr,4,,en,5,0.3.0-v2,8,false,5,true,20,good,Dr-r8-rain,0.35136501667916165,mid,Dr-r8-price,0.4356216622670988,21.310000000000002,1,29.310000000000002,2026-06-05T14:20:26.033Z,2026-06-05T14:20:31.162Z,5129,"[{""t"":112408.69999999925,""value"":1},{""t"":113208.19999999925,""value"":2},{""t"":113601.40000000037,""value"":3},{""t"":114019.09999999963,""value"":4},{""t"":114302.29999999888,""value"":5}]"
b405df0a-3e75-4a3d-9a3b-c875f071cf28,Dr,4,,en,5,0.3.0-v2,9,false,0,false,25,drought,Dr-r9-rain,0.661009900895023,mid,Dr-r9-price,0.3482511812512507,2,1,25,2026-06-05T14:20:35.229Z,2026-06-05T14:20:37.592Z,2363.0999999996275,[]
88448b35-13dd-419c-b6d6-b9442c9c8ae5,Ws,4,,en,5,0.3.0-v2,practice,true,1,true,24,good,Ws-rpractice-rain,0.662888217418024,mid,Ws-rpractice-price,0.4337851639895779,14.142,1,26.142,2026-06-05T14:25:53.405Z,2026-06-05T14:25:58.148Z,4743.5,"[{""t"":40599.89999999851,""value"":1}]"
88448b35-13dd-419c-b6d6-b9442c9c8ae5,Ws,4,,en,5,0.3.0-v2,0,false,2,true,23,normal,Ws-r0-rain,0.8722795120859698,high,Ws-r0-price,0.09411110452763062,10.96,1.6,27.736,2026-06-05T14:26:04.902Z,2026-06-05T14:26:14.017Z,9115.099999999627,"[{""t"":52474.39999999851,""value"":1},{""t"":53090,""value"":2}]"
88448b35-13dd-419c-b6d6-b9442c9c8ae5,Ws,4,,en,5,0.3.0-v2,1,false,2,true,23,drought,Ws-r1-rain,0.9994500937129939,high,Ws-r1-price,0.010706688904754546,2,1.6,23,2026-06-05T14:27:33.876Z,2026-06-05T14:27:37.077Z,3201.300000000745,"[{""t"":133319.69999999925,""value"":1},{""t"":133592.19999999925,""value"":2}]"
88448b35-13dd-419c-b6d6-b9442c9c8ae5,Ws,4,,en,5,0.3.0-v2,2,false,3,true,22,drought,Ws-r2-rain,0.9810718791491936,high,Ws-r2-price,0.14938665078042418,2,1.6,22,2026-06-05T14:27:41.473Z,2026-06-05T14:27:44.474Z,3001.10000000149,"[{""t"":140877.69999999925,""value"":1},{""t"":141155.3999999985,""value"":2},{""t"":141656.5,""value"":3}]"
88448b35-13dd-419c-b6d6-b9442c9c8ae5,Ws,4,,en,5,0.3.0-v2,3,false,4,true,21,good,Ws-r3-rain,0.5258056821440412,low,Ws-r3-price,0.7651941666625738,19.728,0.6,25.6368,2026-06-05T14:27:49.821Z,2026-06-05T14:27:53.090Z,3268.7000000011176,"[{""t"":149639.3999999985,""value"":1},{""t"":149785.69999999925,""value"":2},{""t"":149901,""value"":3},{""t"":150072.19999999925,""value"":4}]"
88448b35-13dd-419c-b6d6-b9442c9c8ae5,Ws,4,,en,5,0.3.0-v2,4,false,3,true,22,drought,Ws-r4-rain,0.8079138616968002,mid,Ws-r4-price,0.1741416446366586,2,1,22,2026-06-05T14:27:56.400Z,2026-06-05T14:27:59.560Z,3160.5,"[{""t"":155826.79999999888,""value"":1},{""t"":155956.5,""value"":2},{""t"":156096.69999999925,""value"":3}]"
88448b35-13dd-419c-b6d6-b9442c9c8ae5,Ws,4,,en,5,0.3.0-v2,5,false,2,true,23,good,Ws-r5-rain,0.14513426426350706,mid,Ws-r5-price,0.577763479389627,16.144,1,27.144,2026-06-05T14:28:02.946Z,2026-06-05T14:28:28.151Z,25204.5,"[{""t"":179494.59999999963,""value"":1},{""t"":180609.8999999985,""value"":2}]"
88448b35-13dd-419c-b6d6-b9442c9c8ae5,Ws,4,,en,5,0.3.0-v2,6,false,3,true,22,good,Ws-r6-rain,0.311695277684436,mid,Ws-r6-price,0.37067933185650903,18.006,1,28.006,2026-06-05T14:30:23.755Z,2026-06-05T14:30:27.416Z,3661.4000000003725,"[{""t"":230371.59999999963,""value"":1},{""t"":230545.79999999888,""value"":2},{""t"":231253,""value"":3}]"
88448b35-13dd-419c-b6d6-b9442c9c8ae5,Ws,4,,en,5,0.3.0-v2,7,false,4,true,21,normal,Ws-r7-rain,0.4399611108833941,low,Ws-r7-price,0.9401226738913732,13.52,0.6,24.312,2026-06-05T14:30:31.687Z,2026-06-05T14:30:34.379Z,2692.5999999996275,"[{""t"":238402.59999999963,""value"":1},{""t"":238547.59999999963,""value"":2},{""t"":238646.3999999985,""value"":3},{""t"":238788.09999999963,""value"":4}]"
88448b35-13dd-419c-b6d6-b9442c9c8ae5,Ws,4,,en,5,0.3.0-v2,8,false,3,true,22,good,Ws-r8-rain,0.331428589727542,high,Ws-r8-price,0.03339616978569461,18.006,1.6,31.6096,2026-06-05T14:30:38.900Z,2026-06-05T14:30:49.065Z,10164.699999999255,"[{""t"":245873.79999999888,""value"":1},{""t"":246002.79999999888,""value"":2},{""t"":246118.5,""value"":3}]"
88448b35-13dd-419c-b6d6-b9442c9c8ae5,Ws,4,,en,5,0.3.0-v2,9,false,4,true,21,drought,Ws-r9-rain,0.923998814130964,high,Ws-r9-price,0.029719188134778807,2,1.6,21,2026-06-05T14:30:54.238Z,2026-06-05T14:30:57.654Z,3416.5,"[{""t"":261092.79999999888,""value"":1},{""t"":261236.8999999985,""value"":2},{""t"":261380.09999999963,""value"":3},{""t"":262000.29999999888,""value"":4}]"
f568e373-5fcf-4c86-bc81-c5bf544e812f,3,4,,en,5,0.3.0-v2,practice,true,9,true,16,good,3-rpractice-rain,0.048054271010791266,mid,3-rpractice-price,0.6363018405520756,26.238,1,30.238,2026-06-05T14:35:46.858Z,2026-06-05T14:35:51.646Z,4787.5,"[{""t"":22510,""value"":1},{""t"":22666.299999998882,""value"":2},{""t"":23050.299999998882,""value"":3},{""t"":23199,""value"":4},{""t"":23338.299999998882,""value"":5},{""t"":23507.900000000373,""value"":6},{""t"":23674,""value"":7},{""t"":23854.900000000373,""value"":8},{""t"":24041.799999998882,""value"":9}]"
f568e373-5fcf-4c86-bc81-c5bf544e812f,3,4,,en,5,0.3.0-v2,0,false,4,true,21,good,3-r0-rain,0.32395722217400136,mid,3-r0-price,0.41428180576610857,19.728,1,28.728,2026-06-05T14:35:55.648Z,2026-06-05T14:36:14.870Z,19221.599999999627,"[{""t"":31199.299999998882,""value"":1},{""t"":31379.400000000373,""value"":2},{""t"":31559.599999999627,""value"":3},{""t"":32031.5,""value"":4}]"
f568e373-5fcf-4c86-bc81-c5bf544e812f,3,4,,en,5,0.3.0-v2,1,false,5,true,20,normal,3-r1-rain,0.6997171527287194,low,3-r1-price,0.700495337284725,14.65,0.6,23.990000000000002,2026-06-05T14:36:20.341Z,2026-06-05T14:36:57.790Z,36857.300000000745,"[{""t"":55141,""value"":1},{""t"":55308,""value"":2},{""t"":55473.699999999255,""value"":3},{""t"":55659.79999999888,""value"":4},{""t"":56424.09999999963,""value"":5}]"
f568e373-5fcf-4c86-bc81-c5bf544e812f,3,4,,en,5,0.3.0-v2,2,false,2,true,23,drought,3-r2-rain,0.811422953015346,high,3-r2-price,0.2557974006726661,2,1.6,23,2026-06-05T14:37:02.356Z,2026-06-05T14:37:04.595Z,2238.9000000003725,"[{""t"":96628.29999999888,""value"":1},{""t"":96794,""value"":2}]"
f568e373-5fcf-4c86-bc81-c5bf544e812f,3,4,,en,5,0.3.0-v2,3,false,2,true,23,normal,3-r3-rain,0.7161172561844982,high,3-r3-price,0.18043462244680453,10.96,1.6,27.736,2026-06-05T14:37:07.339Z,2026-06-05T14:37:09.298Z,1959.699999999255,"[{""t"":101381.19999999925,""value"":1},{""t"":101579,""value"":2}]"
f568e373-5fcf-4c86-bc81-c5bf544e812f,3,4,,en,5,0.3.0-v2,4,false,2,true,23,normal,3-r4-rain,0.5389768653536269,mid,3-r4-price,0.30307897947780066,10.96,1,25.96,2026-06-05T14:37:12.201Z,2026-06-05T14:37:14.110Z,1908.7999999988824,"[{""t"":106310.29999999888,""value"":1},{""t"":106454.59999999963,""value"":2}]"
f568e373-5fcf-4c86-bc81-c5bf544e812f,3,4,,en,5,0.3.0-v2,5,false,1,true,24,good,3-r5-rain,0.37206840585817696,mid,3-r5-price,0.5782699646211104,14.142,1,26.142,2026-06-05T14:37:17.664Z,2026-06-05T14:37:19.647Z,1983.5999999996275,"[{""t"":111756.19999999925,""value"":1}]"
f568e373-5fcf-4c86-bc81-c5bf544e812f,3,4,,en,5,0.3.0-v2,6,false,2,true,23,good,3-r6-rain,0.11539110703422381,mid,3-r6-price,0.4004977456600302,16.144,1,27.144,2026-06-05T14:37:22.516Z,2026-06-05T14:37:24.959Z,2443.0999999996275,"[{""t"":116625.59999999963,""value"":1},{""t"":116847.59999999963,""value"":2}]"
f568e373-5fcf-4c86-bc81-c5bf544e812f,3,4,,en,5,0.3.0-v2,7,false,1,true,24,drought,3-r7-rain,0.8975962593675767,mid,3-r7-price,0.4698351500740201,2,1,24,2026-06-05T14:37:27.787Z,2026-06-05T14:37:29.847Z,2059.60000000149,"[{""t"":121912.90000000037,""value"":1}]"
f568e373-5fcf-4c86-bc81-c5bf544e812f,3,4,,en,5,0.3.0-v2,8,false,1,true,24,good,3-r8-rain,0.0689076478007715,mid,3-r8-price,0.7573059690171542,14.142,1,26.142,2026-06-05T14:37:33.524Z,2026-06-05T14:37:36.935Z,3411.300000000745,"[{""t"":127609,""value"":1}]"
f568e373-5fcf-4c86-bc81-c5bf544e812f,3,4,,en,5,0.3.0-v2,9,false,2,true,23,drought,3-r9-rain,0.9216358772407269,high,3-r9-price,0.1947612995869084,2,1.6,23,2026-06-05T14:37:41.355Z,2026-06-05T14:37:43.506Z,2151.2000000011176,"[{""t"":135414.09999999963,""value"":1},{""t"":135702.79999999888,""value"":2}]"
05baf504-8897-4afa-a4de-67cf5b0ed2fa,1,Sani,,en,5,0.3.0-v2,practice,true,0,false,25,good,1-rpractice-rain,0.5337972924628342,low,1-rpractice-price,0.9612583808420218,12,0.6,25,2026-06-05T09:07:00.114Z,2026-06-05T09:07:10.513Z,10399.09999999986,[]
05baf504-8897-4afa-a4de-67cf5b0ed2fa,1,Sani,,en,5,0.3.0-v2,0,false,4,true,21,normal,1-r0-rain,0.8379665678707459,mid,1-r0-price,0.24216923365819493,13.52,1,26.52,2026-06-05T09:07:16.292Z,2026-06-05T09:07:19.577Z,3284.7999999998137,"[{""t"":91755.30000000005,""value"":1},{""t"":91977,""value"":2},{""t"":92147.1000000001,""value"":3},{""t"":92434.30000000005,""value"":4}]"
05baf504-8897-4afa-a4de-67cf5b0ed2fa,1,Sani,,en,5,0.3.0-v2,1,false,6,true,19,good,1-r1-rain,0.23706354558248954,mid,1-r1-price,0.34295338503104394,22.752,1,29.752,2026-06-05T09:07:24.423Z,2026-06-05T09:07:33.002Z,8578.5,"[{""t"":100027.1000000001,""value"":1},{""t"":100273.19999999995,""value"":2},{""t"":100457.3999999999,""value"":3},{""t"":100626.5,""value"":4},{""t"":100787.8999999999,""value"":5},{""t"":100946.69999999995,""value"":6}]"
05baf504-8897-4afa-a4de-67cf5b0ed2fa,1,Sani,,en,5,0.3.0-v2,2,false,5,true,20,good,1-r2-rain,0.24149382097008812,high,1-r2-price,0.07274077384941989,21.310000000000002,1.6,34.896,2026-06-05T09:07:38.737Z,2026-06-05T09:07:46.526Z,7788.90000000014,"[{""t"":114192.80000000005,""value"":1},{""t"":114448.69999999995,""value"":2},{""t"":116008.1000000001,""value"":3},{""t"":116283.30000000005,""value"":4},{""t"":116545.6000000001,""value"":5}]"
05baf504-8897-4afa-a4de-67cf5b0ed2fa,1,Sani,,en,5,0.3.0-v2,3,false,6,true,19,good,1-r3-rain,0.3320177380356095,high,1-r3-price,0.09158007471733934,22.752,1.6,36.203199999999995,2026-06-05T09:07:52.064Z,2026-06-05T09:07:55.685Z,3621,"[{""t"":127455.19999999995,""value"":1},{""t"":127683.19999999995,""value"":2},{""t"":127860.19999999995,""value"":3},{""t"":128020.8999999999,""value"":4},{""t"":128190.8999999999,""value"":5},{""t"":128569.3999999999,""value"":6}]"
05baf504-8897-4afa-a4de-67cf5b0ed2fa,1,Sani,,en,5,0.3.0-v2,4,false,6,true,19,drought,1-r4-rain,0.9521624049175255,low,1-r4-price,0.9199897495526025,2,0.6,19,2026-06-05T09:08:00.171Z,2026-06-05T09:08:03.719Z,3547,"[{""t"":135461.1000000001,""value"":1},{""t"":135706.8999999999,""value"":2},{""t"":135885.5,""value"":3},{""t"":136030,""value"":4},{""t"":136197.5,""value"":5},{""t"":136345.3999999999,""value"":6}]"
05baf504-8897-4afa-a4de-67cf5b0ed2fa,1,Sani,,en,5,0.3.0-v2,5,false,4,true,21,good,1-r5-rain,0.3259724922112453,high,1-r5-price,0.19611408880346964,19.728,1.6,33.3648,2026-06-05T09:08:07.986Z,2026-06-05T09:08:11.006Z,3019.7000000001863,"[{""t"":143448.1000000001,""value"":1},{""t"":143652.80000000005,""value"":2},{""t"":143850.3999999999,""value"":3},{""t"":144101,""value"":4}]"
05baf504-8897-4afa-a4de-67cf5b0ed2fa,1,Sani,,en,5,0.3.0-v2,6,false,1,true,24,good,1-r6-rain,0.005184981925122793,mid,1-r6-price,0.3669371760520247,14.142,1,26.142,2026-06-05T09:08:14.631Z,2026-06-05T09:08:17.599Z,2968.0999999998603,"[{""t"":150324.1000000001,""value"":1}]"
05baf504-8897-4afa-a4de-67cf5b0ed2fa,1,Sani,,en,5,0.3.0-v2,7,false,3,true,22,normal,1-r7-rain,0.36583686676033306,high,1-r7-price,0.18971037663257187,12.29,1.6,28.863999999999997,2026-06-05T09:08:21.096Z,2026-06-05T09:08:26.006Z,4910.200000000186,"[{""t"":156652,""value"":1},{""t"":156922.19999999995,""value"":2},{""t"":157092.6000000001,""value"":3}]"
05baf504-8897-4afa-a4de-67cf5b0ed2fa,1,Sani,,en,5,0.3.0-v2,8,false,3,true,22,good,1-r8-rain,0.12721990013067125,mid,1-r8-price,0.587859106477554,18.006,1,28.006,2026-06-05T09:08:30.041Z,2026-06-05T09:08:33.628Z,3586.8000000000466,"[{""t"":165929.8999999999,""value"":1},{""t"":166162.3999999999,""value"":2},{""t"":166347.80000000005,""value"":3}]"
05baf504-8897-4afa-a4de-67cf5b0ed2fa,1,Sani,,en,5,0.3.0-v2,9,false,3,true,22,good,1-r9-rain,0.149290370714575,mid,1-r9-price,0.37412963390109694,18.006,1,28.006,2026-06-05T09:08:38.042Z,2026-06-05T09:08:41.732Z,3690.399999999907,"[{""t"":173488.19999999995,""value"":1},{""t"":173767.5,""value"":2},{""t"":173918.3999999999,""value"":3}]"
6ef0690b-c9f1-4f7b-aafe-dbcc867f0390,1,Sani,,en,5,0.3.0-v2,practice,true,2,true,23,good,1-rpractice-rain,0.5337972924628342,low,1-rpractice-price,0.9612583808420218,16.144,0.6,25.4864,2026-06-05T09:10:41.646Z,2026-06-05T09:10:51.304Z,9658,"[{""t"":35893.5,""value"":1},{""t"":36757.5,""value"":2}]"
6ef0690b-c9f1-4f7b-aafe-dbcc867f0390,1,Sani,,en,5,0.3.0-v2,0,false,3,true,22,normal,1-r0-rain,0.8379665678707459,mid,1-r0-price,0.24216923365819493,12.29,1,26.29,2026-06-05T09:10:56.458Z,2026-06-05T09:11:01.034Z,4576.40000000014,"[{""t"":44766.90000000014,""value"":1},{""t"":45297.40000000014,""value"":2},{""t"":46467.10000000009,""value"":3}]"
6ef0690b-c9f1-4f7b-aafe-dbcc867f0390,1,Sani,,en,5,0.3.0-v2,1,false,1,true,24,good,1-r1-rain,0.23706354558248954,mid,1-r1-price,0.34295338503104394,14.142,1,26.142,2026-06-05T09:11:04.281Z,2026-06-05T09:11:12.377Z,8096,"[{""t"":52588.19999999995,""value"":1},{""t"":53077.60000000009,""value"":2},{""t"":53486.60000000009,""value"":3},{""t"":57178.19999999995,""value"":2},{""t"":58231.40000000014,""value"":1}]"
6ef0690b-c9f1-4f7b-aafe-dbcc867f0390,1,Sani,,en,5,0.3.0-v2,2,false,4,true,21,good,1-r2-rain,0.24149382097008812,high,1-r2-price,0.07274077384941989,19.728,1.6,33.3648,2026-06-05T09:11:15.922Z,2026-06-05T09:11:21.241Z,5318.299999999814,"[{""t"":64205.90000000014,""value"":1},{""t"":65176.69999999995,""value"":2},{""t"":66246.1000000001,""value"":3},{""t"":67238.1000000001,""value"":4}]"
6ef0690b-c9f1-4f7b-aafe-dbcc867f0390,1,Sani,,en,5,0.3.0-v2,3,false,4,true,21,good,1-r3-rain,0.3320177380356095,high,1-r3-price,0.09158007471733934,19.728,1.6,33.3648,2026-06-05T09:11:25.162Z,2026-06-05T09:11:29.855Z,4693.399999999907,"[{""t"":73411.19999999995,""value"":1},{""t"":73975.90000000014,""value"":2},{""t"":74493.1000000001,""value"":3},{""t"":75603.1000000001,""value"":4}]"
6ef0690b-c9f1-4f7b-aafe-dbcc867f0390,1,Sani,,en,5,0.3.0-v2,4,false,4,true,21,drought,1-r4-rain,0.9521624049175255,low,1-r4-price,0.9199897495526025,2,0.6,21,2026-06-05T09:11:35.420Z,2026-06-05T09:11:39.620Z,4199.800000000047,"[{""t"":84192.69999999995,""value"":1},{""t"":84616.40000000014,""value"":2},{""t"":85024.5,""value"":3},{""t"":85608.80000000005,""value"":4}]"
6ef0690b-c9f1-4f7b-aafe-dbcc867f0390,1,Sani,,en,5,0.3.0-v2,5,false,4,true,21,good,1-r5-rain,0.3259724922112453,high,1-r5-price,0.19611408880346964,19.728,1.6,33.3648,2026-06-05T09:11:43.066Z,2026-06-05T09:11:48.210Z,5143.699999999953,"[{""t"":91392.19999999995,""value"":1},{""t"":91905.1000000001,""value"":2},{""t"":92316.90000000014,""value"":3},{""t"":94300.19999999995,""value"":4}]"
6ef0690b-c9f1-4f7b-aafe-dbcc867f0390,1,Sani,,en,5,0.3.0-v2,6,false,2,true,23,good,1-r6-rain,0.005184981925122793,mid,1-r6-price,0.3669371760520247,16.144,1,27.144,2026-06-05T09:11:52.115Z,2026-06-05T09:11:56.357Z,4242,"[{""t"":100372.5,""value"":1},{""t"":100886.69999999995,""value"":2},{""t"":101395,""value"":3},{""t"":102590.69999999995,""value"":2}]"
6ef0690b-c9f1-4f7b-aafe-dbcc867f0390,1,Sani,,en,5,0.3.0-v2,7,false,2,true,23,normal,1-r7-rain,0.36583686676033306,high,1-r7-price,0.18971037663257187,10.96,1.6,27.736,2026-06-05T09:12:02.305Z,2026-06-05T09:12:09.366Z,7061.199999999953,"[{""t"":110571.69999999995,""value"":1},{""t"":111068.19999999995,""value"":2}]"
6ef0690b-c9f1-4f7b-aafe-dbcc867f0390,1,Sani,,en,5,0.3.0-v2,8,false,3,true,22,good,1-r8-rain,0.12721990013067125,mid,1-r8-price,0.587859106477554,18.006,1,28.006,2026-06-05T09:12:14.180Z,2026-06-05T09:12:17.798Z,3617.8000000000466,"[{""t"":122371.40000000014,""value"":1},{""t"":122902.6000000001,""value"":2},{""t"":123403.80000000005,""value"":3}]"
6ef0690b-c9f1-4f7b-aafe-dbcc867f0390,1,Sani,,en,5,0.3.0-v2,9,false,3,true,22,good,1-r9-rain,0.149290370714575,mid,1-r9-price,0.37412963390109694,18.006,1,28.006,2026-06-05T09:12:21.377Z,2026-06-05T09:12:24.978Z,3600.8000000000466,"[{""t"":129693.19999999995,""value"":1},{""t"":130216.30000000005,""value"":2},{""t"":130742.19999999995,""value"":3}]"
0e8d1c75-035a-4a6a-898e-b17c1da5f68f,1,Sani,,en,5,0.3.0-v2,practice,true,2,true,23,good,1-rpractice-rain,0.5337972924628342,low,1-rpractice-price,0.9612583808420218,16.144,0.6,25.4864,2026-06-05T09:18:11.796Z,2026-06-05T09:18:17.034Z,5238.199999999721,"[{""t"":331754.49999999977,""value"":1},{""t"":332097.99999999977,""value"":2}]"
0e8d1c75-035a-4a6a-898e-b17c1da5f68f,1,Sani,,en,5,0.3.0-v2,0,false,2,true,23,normal,1-r0-rain,0.8379665678707459,mid,1-r0-price,0.24216923365819493,10.96,1,25.96,2026-06-05T09:18:23.228Z,2026-06-05T09:18:26.181Z,2953.100000000093,"[{""t"":342695.40000000014,""value"":1},{""t"":343103.40000000014,""value"":2}]"
0e8d1c75-035a-4a6a-898e-b17c1da5f68f,1,Sani,,en,5,0.3.0-v2,1,false,1,true,24,good,1-r1-rain,0.23706354558248954,mid,1-r1-price,0.34295338503104394,14.142,1,26.142,2026-06-05T09:18:30.593Z,2026-06-05T09:18:39.211Z,8617.600000000093,"[{""t"":350855.40000000014,""value"":1}]"
0e8d1c75-035a-4a6a-898e-b17c1da5f68f,1,Sani,,en,5,0.3.0-v2,2,false,2,true,23,good,1-r2-rain,0.24149382097008812,high,1-r2-price,0.07274077384941989,16.144,1.6,29.630399999999998,2026-06-05T09:18:43.728Z,2026-06-05T09:18:48.279Z,4550.699999999721,"[{""t"":363212.80000000005,""value"":1},{""t"":364018.80000000005,""value"":2}]"
0e8d1c75-035a-4a6a-898e-b17c1da5f68f,1,Sani,,en,5,0.3.0-v2,3,false,3,true,22,good,1-r3-rain,0.3320177380356095,high,1-r3-price,0.09158007471733934,18.006,1.6,31.6096,2026-06-05T09:18:54.193Z,2026-06-05T09:18:57.419Z,3225.1999999997206,"[{""t"":373504.69999999995,""value"":1},{""t"":374045.80000000005,""value"":2},{""t"":374561.59999999986,""value"":3}]"
0e8d1c75-035a-4a6a-898e-b17c1da5f68f,1,Sani,,en,5,0.3.0-v2,4,false,1,true,24,drought,1-r4-rain,0.9521624049175255,low,1-r4-price,0.9199897495526025,2,0.6,24,2026-06-05T09:19:01.925Z,2026-06-05T09:19:04.765Z,2839.7999999998137,"[{""t"":381525.59999999986,""value"":1}]"
0e8d1c75-035a-4a6a-898e-b17c1da5f68f,1,Sani,,en,5,0.3.0-v2,5,false,3,true,22,good,1-r5-rain,0.3259724922112453,high,1-r5-price,0.19611408880346964,18.006,1.6,31.6096,2026-06-05T09:19:09.454Z,2026-06-05T09:19:13.393Z,3939.600000000093,"[{""t"":388877.49999999977,""value"":1},{""t"":389751.80000000005,""value"":2},{""t"":390565.30000000005,""value"":3}]"
0e8d1c75-035a-4a6a-898e-b17c1da5f68f,1,Sani,,en,5,0.3.0-v2,6,false,1,true,24,good,1-r6-rain,0.005184981925122793,mid,1-r6-price,0.3669371760520247,14.142,1,26.142,2026-06-05T09:19:18.099Z,2026-06-05T09:19:24.353Z,6254.399999999907,"[{""t"":397905.49999999977,""value"":1}]"
0e8d1c75-035a-4a6a-898e-b17c1da5f68f,1,Sani,,en,5,0.3.0-v2,7,false,2,true,23,normal,1-r7-rain,0.36583686676033306,high,1-r7-price,0.18971037663257187,10.96,1.6,27.736,2026-06-05T09:19:29.291Z,2026-06-05T09:19:34.541Z,5249.899999999907,"[{""t"":409054.40000000014,""value"":1},{""t"":410246.30000000005,""value"":2}]"
0e8d1c75-035a-4a6a-898e-b17c1da5f68f,1,Sani,,en,5,0.3.0-v2,8,false,3,true,22,good,1-r8-rain,0.12721990013067125,mid,1-r8-price,0.587859106477554,18.006,1,28.006,2026-06-05T09:19:38.894Z,2026-06-05T09:19:44.314Z,5419.300000000279,"[{""t"":418342.90000000014,""value"":1},{""t"":419231.40000000014,""value"":2},{""t"":421345.30000000005,""value"":3}]"
0e8d1c75-035a-4a6a-898e-b17c1da5f68f,1,Sani,,en,5,0.3.0-v2,9,false,2,true,23,good,1-r9-rain,0.149290370714575,mid,1-r9-price,0.37412963390109694,16.144,1,27.144,2026-06-05T09:19:50.023Z,2026-06-05T09:19:54.972Z,4949.200000000186,"[{""t"":429576.59999999986,""value"":1},{""t"":432053.69999999995,""value"":2}]"
467257a1-7044-4ad5-9ef8-b004af9be119,1,Sani,,en,5,0.3.0-v2,practice,true,2,true,23,good,1-rpractice-rain,0.5337972924628342,low,1-rpractice-price,0.9612583808420218,16.144,0.6,25.4864,2026-06-05T09:52:59.941Z,2026-06-05T09:53:04.312Z,4370.200000000186,"[{""t"":111915.29999999981,""value"":1},{""t"":112417,""value"":2}]"
467257a1-7044-4ad5-9ef8-b004af9be119,1,Sani,,en,5,0.3.0-v2,0,false,2,true,23,normal,1-r0-rain,0.8379665678707459,mid,1-r0-price,0.24216923365819493,10.96,1,25.96,2026-06-05T09:53:11.371Z,2026-06-05T09:53:15.508Z,4136.9000000003725,"[{""t"":123269,""value"":1},{""t"":124408.09999999963,""value"":2}]"
467257a1-7044-4ad5-9ef8-b004af9be119,1,Sani,,en,5,0.3.0-v2,1,false,1,true,24,good,1-r1-rain,0.23706354558248954,mid,1-r1-price,0.34295338503104394,14.142,1,26.142,2026-06-05T09:53:20.910Z,2026-06-05T09:53:23.539Z,2629.199999999255,"[{""t"":132729.09999999963,""value"":1}]"
467257a1-7044-4ad5-9ef8-b004af9be119,1,Sani,,en,5,0.3.0-v2,2,false,3,true,22,good,1-r2-rain,0.24149382097008812,high,1-r2-price,0.07274077384941989,18.006,1.6,31.6096,2026-06-05T09:53:28.115Z,2026-06-05T09:53:32.462Z,4346.5999999996275,"[{""t"":139901.40000000037,""value"":1},{""t"":141013.2999999998,""value"":2},{""t"":141949.59999999963,""value"":3}]"
467257a1-7044-4ad5-9ef8-b004af9be119,1,Sani,,en,5,0.3.0-v2,3,false,3,true,22,good,1-r3-rain,0.3320177380356095,high,1-r3-price,0.09158007471733934,18.006,1.6,31.6096,2026-06-05T09:53:38.200Z,2026-06-05T09:53:41.908Z,3707.7999999998137,"[{""t"":149890.90000000037,""value"":1},{""t"":150461.40000000037,""value"":2},{""t"":151178.2000000002,""value"":3}]"
467257a1-7044-4ad5-9ef8-b004af9be119,1,Sani,,en,5,0.3.0-v2,4,false,1,true,24,drought,1-r4-rain,0.9521624049175255,low,1-r4-price,0.9199897495526025,2,0.6,24,2026-06-05T09:53:45.778Z,2026-06-05T09:53:50.138Z,4359.799999999814,"[{""t"":157600.40000000037,""value"":1}]"
467257a1-7044-4ad5-9ef8-b004af9be119,1,Sani,,en,5,0.3.0-v2,5,false,4,true,21,good,1-r5-rain,0.3259724922112453,high,1-r5-price,0.19611408880346964,19.728,1.6,33.3648,2026-06-05T09:53:54.051Z,2026-06-05T09:53:58.589Z,4537.5,"[{""t"":165807.90000000037,""value"":1},{""t"":166355.40000000037,""value"":2},{""t"":167015,""value"":3},{""t"":167899.90000000037,""value"":4}]"
467257a1-7044-4ad5-9ef8-b004af9be119,1,Sani,,en,5,0.3.0-v2,6,false,2,true,23,good,1-r6-rain,0.005184981925122793,mid,1-r6-price,0.3669371760520247,16.144,1,27.144,2026-06-05T09:54:02.941Z,2026-06-05T09:54:06.679Z,3737.600000000559,"[{""t"":174690.5,""value"":1},{""t"":175578.2000000002,""value"":2}]"
467257a1-7044-4ad5-9ef8-b004af9be119,1,Sani,,en,5,0.3.0-v2,7,false,2,true,23,normal,1-r7-rain,0.36583686676033306,high,1-r7-price,0.18971037663257187,10.96,1.6,27.736,2026-06-05T09:54:10.306Z,2026-06-05T09:54:16.793Z,6486.700000000186,"[{""t"":181986.59999999963,""value"":1},{""t"":182776.7999999998,""value"":2}]"
467257a1-7044-4ad5-9ef8-b004af9be119,1,Sani,,en,5,0.3.0-v2,8,false,1,true,24,good,1-r8-rain,0.12721990013067125,mid,1-r8-price,0.587859106477554,14.142,1,26.142,2026-06-05T09:54:20.686Z,2026-06-05T09:54:22.840Z,2154,"[{""t"":192328.09999999963,""value"":1}]"
467257a1-7044-4ad5-9ef8-b004af9be119,1,Sani,,en,5,0.3.0-v2,9,false,2,true,23,good,1-r9-rain,0.149290370714575,mid,1-r9-price,0.37412963390109694,16.144,1,27.144,2026-06-05T09:54:26.323Z,2026-06-05T09:54:29.259Z,2936.699999999255,"[{""t"":197932,""value"":1},{""t"":198745.2000000002,""value"":2}]"
e7484bc7-b9db-4d9c-acea-ad6432e85874,Y,F,,ha,5,0.3.0-v2,practice,true,0,false,25,normal,Y-rpractice-rain,0.7675257803327251,high,Y-rpractice-price,0.18883881794334087,8,1.6,25,2026-06-08T07:20:45.732Z,2026-06-08T07:20:50.848Z,5116,[]
e7484bc7-b9db-4d9c-acea-ad6432e85874,Y,F,,ha,5,0.3.0-v2,0,false,0,false,25,good,Y-r0-rain,0.5537416998585666,high,Y-r0-price,0.00006934565304867814,12,1.6,25,2026-06-08T07:20:55.683Z,2026-06-08T07:20:57.170Z,1486.3999999999942,[]
e7484bc7-b9db-4d9c-acea-ad6432e85874,Y,F,,ha,5,0.3.0-v2,1,false,0,false,25,good,Y-r1-rain,0.12475632870096122,low,Y-r1-price,0.8556843753642783,12,0.6,25,2026-06-08T07:21:00.182Z,2026-06-08T07:21:01.407Z,1224.0999999999767,[]
e7484bc7-b9db-4d9c-acea-ad6432e85874,Y,F,,ha,5,0.3.0-v2,2,false,0,false,25,drought,Y-r2-rain,0.764290545399788,low,Y-r2-price,0.7882843365044666,2,0.6,25,2026-06-08T07:21:04.435Z,2026-06-08T07:21:05.643Z,1208.2999999999884,[]
e7484bc7-b9db-4d9c-acea-ad6432e85874,Y,F,,ha,5,0.3.0-v2,3,false,0,false,25,good,Y-r3-rain,0.1295817457590696,mid,Y-r3-price,0.6655696972742948,12,1,25,2026-06-08T07:21:08.296Z,2026-06-08T07:21:09.683Z,1387.3999999999942,[]
e7484bc7-b9db-4d9c-acea-ad6432e85874,Y,F,,ha,5,0.3.0-v2,4,false,0,false,25,good,Y-r4-rain,0.06979185951700678,low,Y-r4-price,0.8403231695453993,12,0.6,25,2026-06-08T07:21:12.123Z,2026-06-08T07:21:13.349Z,1226,[]
e7484bc7-b9db-4d9c-acea-ad6432e85874,Y,F,,ha,5,0.3.0-v2,5,false,0,false,25,good,Y-r5-rain,0.30368188640408217,high,Y-r5-price,0.04251731756967877,12,1.6,25,2026-06-08T07:21:15.803Z,2026-06-08T07:21:17.194Z,1390.5,[]
e7484bc7-b9db-4d9c-acea-ad6432e85874,Y,F,,ha,5,0.3.0-v2,6,false,0,false,25,good,Y-r6-rain,0.5531498239847126,mid,Y-r6-price,0.3638039661147516,12,1,25,2026-06-08T07:21:19.730Z,2026-06-08T07:21:21.397Z,1666.7000000000116,[]
e7484bc7-b9db-4d9c-acea-ad6432e85874,Y,F,,ha,5,0.3.0-v2,7,false,0,false,25,good,Y-r7-rain,0.028037939551973534,mid,Y-r7-price,0.5195702632844053,12,1,25,2026-06-08T07:21:23.787Z,2026-06-08T07:21:24.997Z,1209.5,[]
e7484bc7-b9db-4d9c-acea-ad6432e85874,Y,F,,ha,5,0.3.0-v2,8,false,0,false,25,good,Y-r8-rain,0.34136457171722895,mid,Y-r8-price,0.4865317971027942,12,1,25,2026-06-08T07:21:27.451Z,2026-06-08T07:21:28.857Z,1406.5,[]
e7484bc7-b9db-4d9c-acea-ad6432e85874,Y,F,,ha,5,0.3.0-v2,9,false,0,false,25,good,Y-r9-rain,0.2715360551632506,low,Y-r9-price,0.9724687498642379,12,0.6,25,2026-06-08T07:21:31.246Z,2026-06-08T07:21:32.506Z,1259.9000000000233,[]
5a94ded9-5968-4c0d-8fc8-01fd24468ac8,207,FENUM304,,ha,5,0.3.0-v2,practice,true,5,true,20,drought,207-rpractice-rain,0.9262730881437866,low,207-rpractice-price,0.8836379168568871,2,0.6,20,2026-06-08T09:50:20.001Z,2026-06-08T09:53:55.496Z,215494.2999999998,"[{""t"":180638,""value"":1},{""t"":182922.1000000001,""value"":2},{""t"":184086.3999999999,""value"":1},{""t"":184294.1000000001,""value"":0},{""t"":202603.30000000005,""value"":1},{""t"":202960,""value"":2},{""t"":246116.80000000005,""value"":3},{""t"":259600.6000000001,""value"":2},{""t"":259792.3999999999,""value"":1},{""t"":259988.6000000001,""value"":0},{""t"":287572.8999999999,""value"":1},{""t"":288421.8999999999,""value"":2},{""t"":288798.30000000005,""value"":3},{""t"":290568.3999999999,""value"":2},{""t"":296212.1000000001,""value"":3},{""t"":296569.30000000005,""value"":4},{""t"":305844.3999999999,""value"":5}]"
5a94ded9-5968-4c0d-8fc8-01fd24468ac8,207,FENUM304,,ha,5,0.3.0-v2,0,false,6,true,19,good,207-r0-rain,0.18306791752263596,mid,207-r0-price,0.5768611640424072,22.752,1,29.752,2026-06-08T09:54:29.440Z,2026-06-08T09:54:41.921Z,12480.5,"[{""t"":428835.19999999995,""value"":1},{""t"":429013,""value"":2},{""t"":429241.6000000001,""value"":3},{""t"":429422.69999999995,""value"":4},{""t"":429566.5,""value"":5},{""t"":429713.69999999995,""value"":6}]"
5a94ded9-5968-4c0d-8fc8-01fd24468ac8,207,FENUM304,,ha,5,0.3.0-v2,1,false,10,true,15,drought,207-r1-rain,0.8218386305726234,mid,207-r1-price,0.4113737096040599,2,1,15,2026-06-08T09:54:57.922Z,2026-06-08T09:55:02.697Z,4774.800000000047,"[{""t"":448875.8999999999,""value"":1},{""t"":449053.80000000005,""value"":2},{""t"":449234.6000000001,""value"":3},{""t"":449402.80000000005,""value"":4},{""t"":449594.80000000005,""value"":5},{""t"":449773.8999999999,""value"":6},{""t"":449969.80000000005,""value"":7},{""t"":450114.6000000001,""value"":8},{""t"":450329.80000000005,""value"":9},{""t"":450497.1000000001,""value"":10}]"
5a94ded9-5968-4c0d-8fc8-01fd24468ac8,207,FENUM304,,ha,5,0.3.0-v2,2,false,5,true,20,normal,207-r2-rain,0.5127487015726085,mid,207-r2-price,0.3194799090949549,14.65,1,26.65,2026-06-08T09:55:09.829Z,2026-06-08T09:55:16.213Z,6383.699999999953,"[{""t"":460571.8999999999,""value"":1},{""t"":460736.5,""value"":2},{""t"":461355.6000000001,""value"":3},{""t"":461584.6000000001,""value"":4},{""t"":461980.1000000001,""value"":3},{""t"":462421.80000000005,""value"":4},{""t"":462581.6000000001,""value"":5},{""t"":462795.1000000001,""value"":6},{""t"":463222.3999999999,""value"":7},{""t"":464318.69999999995,""value"":6},{""t"":464528.80000000005,""value"":5}]"
5a94ded9-5968-4c0d-8fc8-01fd24468ac8,207,FENUM304,,ha,5,0.3.0-v2,3,false,6,true,19,good,207-r3-rain,0.5323135090549485,mid,207-r3-price,0.32831964676659536,22.752,1,29.752,2026-06-08T09:55:22.118Z,2026-06-08T09:55:26.091Z,3972.5999999998603,"[{""t"":472907.6000000001,""value"":1},{""t"":473117.69999999995,""value"":2},{""t"":473313.1000000001,""value"":3},{""t"":473458.1000000001,""value"":4},{""t"":473641.1000000001,""value"":5},{""t"":473821,""value"":6}]"
5a94ded9-5968-4c0d-8fc8-01fd24468ac8,207,FENUM304,,ha,5,0.3.0-v2,4,false,9,true,16,drought,207-r4-rain,0.8890450703898758,mid,207-r4-price,0.4445261291325453,2,1,16,2026-06-08T09:55:33.373Z,2026-06-08T09:55:42.730Z,9356.300000000047,"[{""t"":484358.69999999995,""value"":1},{""t"":484569.1000000001,""value"":2},{""t"":484765.80000000005,""value"":3},{""t"":484931.8999999999,""value"":4},{""t"":485141.1000000001,""value"":5},{""t"":485321.80000000005,""value"":6},{""t"":485861.8999999999,""value"":7},{""t"":489135.5,""value"":8},{""t"":489937.3999999999,""value"":7},{""t"":490951.8999999999,""value"":8},{""t"":491162.19999999995,""value"":9}]"
5a94ded9-5968-4c0d-8fc8-01fd24468ac8,207,FENUM304,,ha,5,0.3.0-v2,5,false,6,true,19,normal,207-r5-rain,0.819421296190683,mid,207-r5-price,0.41911937647561953,15.68,1,26.68,2026-06-08T09:55:50.649Z,2026-06-08T09:55:55.472Z,4822.90000000014,"[{""t"":501143.1000000001,""value"":1},{""t"":501321,""value"":2},{""t"":501490,""value"":3},{""t"":501681.1000000001,""value"":4},{""t"":503023.3999999999,""value"":5},{""t"":504119.19999999995,""value"":6}]"
5a94ded9-5968-4c0d-8fc8-01fd24468ac8,207,FENUM304,,ha,5,0.3.0-v2,6,false,6,true,19,good,207-r6-rain,0.5564923892907608,low,207-r6-price,0.9043631920470993,22.752,0.6,25.4512,2026-06-08T09:55:59.660Z,2026-06-08T09:56:03.601Z,3941.600000000093,"[{""t"":510239.3999999999,""value"":1},{""t"":510414.80000000005,""value"":2},{""t"":510612.6000000001,""value"":3},{""t"":510779.6000000001,""value"":4},{""t"":510940.69999999995,""value"":5},{""t"":511856.8999999999,""value"":6}]"
5a94ded9-5968-4c0d-8fc8-01fd24468ac8,207,FENUM304,,ha,5,0.3.0-v2,7,false,4,true,21,normal,207-r7-rain,0.21231620312682611,mid,207-r7-price,0.4245459393899686,13.52,1,26.52,2026-06-08T09:56:08.334Z,2026-06-08T09:56:13.909Z,5575.299999999814,"[{""t"":519154.30000000005,""value"":1},{""t"":519318.6000000001,""value"":2},{""t"":519497,""value"":3},{""t"":519691.19999999995,""value"":4},{""t"":519836.3999999999,""value"":5},{""t"":520298.5,""value"":6},{""t"":521690.30000000005,""value"":5},{""t"":522194.80000000005,""value"":4}]"
5a94ded9-5968-4c0d-8fc8-01fd24468ac8,207,FENUM304,,ha,5,0.3.0-v2,8,false,3,true,22,good,207-r8-rain,0.25124391233590637,mid,207-r8-price,0.46738922820108786,18.006,1,28.006,2026-06-08T09:56:18.279Z,2026-06-08T09:56:23.381Z,5101.600000000093,"[{""t"":528741.2,""value"":1},{""t"":528933.2,""value"":2},{""t"":529149.3,""value"":3},{""t"":529917.3999999999,""value"":4},{""t"":530162.3999999999,""value"":5},{""t"":531392.1000000001,""value"":4},{""t"":531699.8,""value"":3}]"
5a94ded9-5968-4c0d-8fc8-01fd24468ac8,207,FENUM304,,ha,5,0.3.0-v2,9,false,4,true,21,good,207-r9-rain,0.3538145339605323,low,207-r9-price,0.7687317612612045,19.728,0.6,25.6368,2026-06-08T09:56:29.224Z,2026-06-08T09:56:32.313Z,3089.3000000000466,"[{""t"":539702.1000000001,""value"":1},{""t"":539895,""value"":2},{""t"":540066.6000000001,""value"":3},{""t"":540240.8999999999,""value"":4}]"
db9a8343-a738-4e48-8fe3-1221c4791df7,KN011206,ENUM203,,ha,5,0.3.0-v2,practice,true,3,true,22,good,KN011206-rpractice-rain,0.0195869007352031,mid,KN011206-rpractice-price,0.575583024813325,18.006,1,28.006,2026-06-08T09:57:43.908Z,2026-06-08T09:57:46.851Z,2943.5999999940395,"[{""t"":597426,""value"":1},{""t"":597560.5,""value"":2},{""t"":597812.299999997,""value"":3}]"
db9a8343-a738-4e48-8fe3-1221c4791df7,KN011206,ENUM203,,ha,5,0.3.0-v2,0,false,4,true,21,good,KN011206-r0-rain,0.08061617727329172,low,KN011206-r0-price,0.9467636638422017,19.728,0.6,25.6368,2026-06-08T09:57:51.162Z,2026-06-08T09:57:53.514Z,2351.4000000059605,"[{""t"":604413,""value"":1},{""t"":604542.599999994,""value"":2},{""t"":604674.1999999955,""value"":3},{""t"":604791.6999999955,""value"":4}]"
db9a8343-a738-4e48-8fe3-1221c4791df7,KN011206,ENUM203,,ha,5,0.3.0-v2,1,false,4,true,21,drought,KN011206-r1-rain,0.8477342476495557,low,KN011206-r1-price,0.6409865935295856,2,0.6,21,2026-06-08T09:57:59.546Z,2026-06-08T09:58:03.130Z,3583.60000000149,"[{""t"":613924.799999997,""value"":1},{""t"":614092.1999999955,""value"":2},{""t"":614270.8999999985,""value"":3},{""t"":614355.8999999985,""value"":4}]"
db9a8343-a738-4e48-8fe3-1221c4791df7,KN011206,ENUM203,,ha,5,0.3.0-v2,2,false,3,true,22,drought,KN011206-r2-rain,0.6919337383091854,mid,KN011206-r2-price,0.6128871531002947,2,1,22,2026-06-08T09:58:06.996Z,2026-06-08T09:58:09.318Z,2321.6999999955297,"[{""t"":620132.099999994,""value"":1},{""t"":620305.599999994,""value"":2},{""t"":620410.3999999985,""value"":3}]"
db9a8343-a738-4e48-8fe3-1221c4791df7,KN011206,ENUM203,,ha,5,0.3.0-v2,3,false,2,true,23,good,KN011206-r3-rain,0.2552209398743044,low,KN011206-r3-price,0.7306398736657248,16.144,0.6,25.4864,2026-06-08T09:58:16.614Z,2026-06-08T09:58:20.226Z,3612.10000000149,"[{""t"":629931.599999994,""value"":1},{""t"":630102.1999999955,""value"":2},{""t"":630250.6999999955,""value"":3},{""t"":630392.8999999985,""value"":4},{""t"":631400.599999994,""value"":3},{""t"":631569.299999997,""value"":2}]"
db9a8343-a738-4e48-8fe3-1221c4791df7,KN011206,ENUM203,,ha,5,0.3.0-v2,4,false,3,true,22,normal,KN011206-r4-rain,0.6517481757125316,mid,KN011206-r4-price,0.1939522578658882,12.29,1,26.29,2026-06-08T09:58:24.750Z,2026-06-08T09:58:26.988Z,2237.7999999970198,"[{""t"":637985.299999997,""value"":1},{""t"":638137.6999999955,""value"":2},{""t"":638281.799999997,""value"":3}]"
db9a8343-a738-4e48-8fe3-1221c4791df7,KN011206,ENUM203,,ha,5,0.3.0-v2,5,false,2,true,23,good,KN011206-r5-rain,0.5998599992656178,mid,KN011206-r5-price,0.7344218852225212,16.144,1,27.144,2026-06-08T09:58:31.766Z,2026-06-08T09:58:35.195Z,3429,"[{""t"":645025.799999997,""value"":1},{""t"":645196.099999994,""value"":2},{""t"":645311.099999994,""value"":3},{""t"":646444,""value"":2}]"
db9a8343-a738-4e48-8fe3-1221c4791df7,KN011206,ENUM203,,ha,5,0.3.0-v2,6,false,2,true,23,drought,KN011206-r6-rain,0.8984553816737706,mid,KN011206-r6-price,0.30450923884960135,2,1,23,2026-06-08T09:58:38.424Z,2026-06-08T09:58:40.581Z,2156.8000000044703,"[{""t"":651655.3999999985,""value"":1},{""t"":651830,""value"":2}]"
db9a8343-a738-4e48-8fe3-1221c4791df7,KN011206,ENUM203,,ha,5,0.3.0-v2,7,false,2,true,23,normal,KN011206-r7-rain,0.5748116021991324,mid,KN011206-r7-price,0.2600731949957928,10.96,1,25.96,2026-06-08T09:58:44.607Z,2026-06-08T09:58:46.994Z,2387.5999999940395,"[{""t"":657851.5,""value"":1},{""t"":658040.3999999985,""value"":2}]"
db9a8343-a738-4e48-8fe3-1221c4791df7,KN011206,ENUM203,,ha,5,0.3.0-v2,8,false,3,true,22,good,KN011206-r8-rain,0.057349978704810095,mid,KN011206-r8-price,0.6175729446227846,18.006,1,28.006,2026-06-08T09:58:50.171Z,2026-06-08T09:58:52.440Z,2268.4000000059605,"[{""t"":663264.099999994,""value"":1},{""t"":663612.599999994,""value"":2},{""t"":663824.8999999985,""value"":3}]"
db9a8343-a738-4e48-8fe3-1221c4791df7,KN011206,ENUM203,,ha,5,0.3.0-v2,9,false,3,true,22,normal,KN011206-r9-rain,0.5589374039894375,mid,KN011206-r9-price,0.5163802185354105,12.29,1,26.29,2026-06-08T09:58:55.634Z,2026-06-08T09:58:57.771Z,2137.39999999851,"[{""t"":668717.3999999985,""value"":1},{""t"":668946.099999994,""value"":2},{""t"":669179.5,""value"":3}]"
1d51970c-29da-4807-9aa7-7aaa501b0690,KN010107,FENUM304,,en,5,0.3.0-v2,practice,true,10,true,15,normal,KN010107-rpractice-rain,0.7230953417828758,mid,KN010107-rpractice-price,0.2241350795116804,18.8,1,25.8,2026-06-08T18:10:12.128Z,2026-06-08T18:11:15.975Z,63846.60000000056,"[{""t"":2367838.7,""value"":1},{""t"":2367996.5999999996,""value"":2},{""t"":2368191.3,""value"":3},{""t"":2368390.5999999996,""value"":4},{""t"":2368555.5,""value"":5},{""t"":2368734.9000000004,""value"":6},{""t"":2369190.5,""value"":7},{""t"":2369795.3,""value"":8},{""t"":2370482.5999999996,""value"":9},{""t"":2370973.0999999996,""value"":10}]"
1d51970c-29da-4807-9aa7-7aaa501b0690,KN010107,FENUM304,,en,5,0.3.0-v2,0,false,10,true,15,normal,KN010107-r0-rain,0.7407763900206804,low,KN010107-r0-price,0.8249142829470406,18.8,0.6,21.48,2026-06-08T18:11:49.642Z,2026-06-08T18:12:14.413Z,24770.89999999944,"[{""t"":2407767.8,""value"":1},{""t"":2410383.0999999996,""value"":2},{""t"":2425940,""value"":3},{""t"":2426104,""value"":4},{""t"":2426231,""value"":5},{""t"":2426401.5999999996,""value"":6},{""t"":2426509.5999999996,""value"":7},{""t"":2426639.3,""value"":8},{""t"":2427101.4000000004,""value"":9},{""t"":2427246.9000000004,""value"":10}]"
1d51970c-29da-4807-9aa7-7aaa501b0690,KN010107,FENUM304,,en,5,0.3.0-v2,1,false,6,true,19,normal,KN010107-r1-rain,0.5097618392601336,high,KN010107-r1-price,0.047606131252978384,15.68,1.6,31.288,2026-06-08T18:14:47.353Z,2026-06-08T18:14:50.296Z,2942.9000000003725,"[{""t"":2584940,""value"":1},{""t"":2585259.7,""value"":2},{""t"":2585360.4000000004,""value"":3},{""t"":2585655.5,""value"":4},{""t"":2585801.3,""value"":5},{""t"":2585913.8,""value"":6}]"
1d51970c-29da-4807-9aa7-7aaa501b0690,KN010107,FENUM304,,en,5,0.3.0-v2,2,false,6,true,19,good,KN010107-r2-rain,0.2339810537659164,high,KN010107-r2-price,0.01433974035638449,22.752,1.6,36.203199999999995,2026-06-08T18:14:54.159Z,2026-06-08T18:14:56.726Z,2566.9000000003725,"[{""t"":2591728.4000000004,""value"":1},{""t"":2591890.9000000004,""value"":2},{""t"":2592033.3,""value"":3},{""t"":2592162.8,""value"":4},{""t"":2592310.0999999996,""value"":5},{""t"":2592424.5999999996,""value"":6}]"
1d51970c-29da-4807-9aa7-7aaa501b0690,KN010107,FENUM304,,en,5,0.3.0-v2,3,false,5,true,20,good,KN010107-r3-rain,0.43902026361949165,mid,KN010107-r3-price,0.32918957088686807,21.310000000000002,1,29.310000000000002,2026-06-08T18:15:00.295Z,2026-06-08T18:15:10.696Z,10401.700000000186,"[{""t"":2600169.0999999996,""value"":1},{""t"":2600428.3,""value"":2},{""t"":2600576.5999999996,""value"":3},{""t"":2600718.5,""value"":4},{""t"":2600867.2,""value"":5}]"
1d51970c-29da-4807-9aa7-7aaa501b0690,KN010107,FENUM304,,en,5,0.3.0-v2,4,false,6,true,19,normal,KN010107-r4-rain,0.5945573920074491,low,KN010107-r4-price,0.8806703309587035,15.68,0.6,23.608,2026-06-08T18:15:21.349Z,2026-06-08T18:15:24.080Z,2731,"[{""t"":2618966.0999999996,""value"":1},{""t"":2619109.3,""value"":2},{""t"":2619273.7,""value"":3},{""t"":2619401.4000000004,""value"":4},{""t"":2619548.4000000004,""value"":5},{""t"":2619695.9000000004,""value"":6}]"
1d51970c-29da-4807-9aa7-7aaa501b0690,KN010107,FENUM304,,en,5,0.3.0-v2,5,false,6,true,19,good,KN010107-r5-rain,0.22434717613236127,high,KN010107-r5-price,0.26459171944744675,22.752,1.6,36.203199999999995,2026-06-08T18:15:28.056Z,2026-06-08T18:15:31.146Z,3089.5999999996275,"[{""t"":2625820.5999999996,""value"":1},{""t"":2625948,""value"":2},{""t"":2626112.5999999996,""value"":3},{""t"":2626279,""value"":4},{""t"":2626442.2,""value"":5},{""t"":2626583.0999999996,""value"":6}]"
1d51970c-29da-4807-9aa7-7aaa501b0690,KN010107,FENUM304,,en,5,0.3.0-v2,6,false,6,true,19,good,KN010107-r6-rain,0.4520162724854634,mid,KN010107-r6-price,0.3748035321257304,22.752,1,29.752,2026-06-08T18:15:48.309Z,2026-06-08T18:15:50.793Z,2483.9000000003725,"[{""t"":2645730,""value"":1},{""t"":2645892.5,""value"":2},{""t"":2646035.4000000004,""value"":3},{""t"":2646201,""value"":4},{""t"":2646313.9000000004,""value"":5},{""t"":2646443.4000000004,""value"":6}]"
1d51970c-29da-4807-9aa7-7aaa501b0690,KN010107,FENUM304,,en,5,0.3.0-v2,7,false,6,true,19,normal,KN010107-r7-rain,0.44012578867211316,low,KN010107-r7-price,0.9946009468305148,15.68,0.6,23.608,2026-06-08T18:15:53.772Z,2026-06-08T18:15:56.404Z,2632.2000000001863,"[{""t"":2651177.5,""value"":1},{""t"":2651303.8,""value"":2},{""t"":2651486.5999999996,""value"":3},{""t"":2651612.4000000004,""value"":4},{""t"":2651743.2,""value"":5},{""t"":2651891.5,""value"":6}]"
1d51970c-29da-4807-9aa7-7aaa501b0690,KN010107,FENUM304,,en,5,0.3.0-v2,8,false,6,true,19,good,KN010107-r8-rain,0.05847521643110982,low,KN010107-r8-price,0.8322193395020325,22.752,0.6,25.4512,2026-06-08T18:16:00.153Z,2026-06-08T18:16:04.945Z,4791.600000000559,"[{""t"":2657771.3,""value"":1},{""t"":2657896.5999999996,""value"":2},{""t"":2658043.0999999996,""value"":3},{""t"":2658156.5,""value"":4},{""t"":2658323.2,""value"":5},{""t"":2658467.5,""value"":6}]"
1d51970c-29da-4807-9aa7-7aaa501b0690,KN010107,FENUM304,,en,5,0.3.0-v2,9,false,6,true,19,drought,KN010107-r9-rain,0.7458852104802978,mid,KN010107-r9-price,0.20649388831616405,2,1,19,2026-06-08T18:16:08.921Z,2026-06-08T18:16:13.974Z,5053.299999999814,"[{""t"":2666555.4000000004,""value"":1},{""t"":2666700.3,""value"":2},{""t"":2666895,""value"":3},{""t"":2667039.3,""value"":4},{""t"":2667208,""value"":5},{""t"":2667349.9000000004,""value"":6}]"
d30f880f-b639-4f48-9c68-e6db4f68d6d5,KT031105,ENUM405,,ha,5,0.3.0-v2,practice,true,5,true,20,good,KT031105-rpractice-rain,0.23943180562405497,mid,KT031105-rpractice-price,0.6437876434403783,21.310000000000002,1,29.310000000000002,2026-06-08T16:55:01.048Z,2026-06-08T16:55:04.288Z,3239.9000000059605,"[{""t"":71257.09999999404,""value"":1},{""t"":71483.69999998808,""value"":2},{""t"":71673.90000000596,""value"":3},{""t"":71848.30000001192,""value"":4},{""t"":72043.30000001192,""value"":5}]"
d30f880f-b639-4f48-9c68-e6db4f68d6d5,KT031105,ENUM405,,ha,5,0.3.0-v2,0,false,5,true,20,drought,KT031105-r0-rain,0.9815430144309156,high,KT031105-r0-price,0.005179034632360193,2,1.6,20,2026-06-08T16:55:09.512Z,2026-06-08T16:56:26.301Z,76788.90000000596,"[{""t"":151744.19999998808,""value"":1},{""t"":152316.90000000596,""value"":2},{""t"":152782.5,""value"":3},{""t"":153349.80000001192,""value"":4},{""t"":153764.40000000596,""value"":5}]"
d30f880f-b639-4f48-9c68-e6db4f68d6d5,KT031105,ENUM405,,ha,5,0.3.0-v2,1,false,2,true,23,drought,KT031105-r1-rain,0.8780762222050088,low,KT031105-r1-price,0.8197160142071255,2,0.6,23,2026-06-08T16:56:41.630Z,2026-06-08T16:56:48.924Z,7294.300000011921,"[{""t"":176244.59999999404,""value"":1},{""t"":176582.90000000596,""value"":2}]"
d30f880f-b639-4f48-9c68-e6db4f68d6d5,KT031105,ENUM405,,ha,5,0.3.0-v2,2,false,0,false,25,drought,KT031105-r2-rain,0.8933614374074229,mid,KT031105-r2-price,0.3361225708296922,2,1,25,2026-06-08T16:56:59.511Z,2026-06-08T16:57:07.395Z,7883.800000011921,[]
d30f880f-b639-4f48-9c68-e6db4f68d6d5,KT031105,ENUM405,,ha,5,0.3.0-v2,3,false,3,true,22,good,KT031105-r3-rain,0.5896381125432102,low,KT031105-r3-price,0.7157117556221784,18.006,0.6,25.6036,2026-06-08T16:57:15.657Z,2026-06-08T16:57:18.681Z,3024.7000000178814,"[{""t"":205647.80000001192,""value"":1},{""t"":206072,""value"":2},{""t"":206225.69999998808,""value"":3}]"
d30f880f-b639-4f48-9c68-e6db4f68d6d5,KT031105,ENUM405,,ha,5,0.3.0-v2,4,false,2,true,23,drought,KT031105-r4-rain,0.909460491998268,low,KT031105-r4-price,0.9041842582783477,2,0.6,23,2026-06-08T16:57:39.914Z,2026-06-08T16:57:42.405Z,2490.699999988079,"[{""t"":230057.19999998808,""value"":1},{""t"":230455.5,""value"":2}]"
d30f880f-b639-4f48-9c68-e6db4f68d6d5,KT031105,ENUM405,,ha,5,0.3.0-v2,5,false,5,true,20,drought,KT031105-r5-rain,0.9820086864177606,mid,KT031105-r5-price,0.7606627440459187,2,1,20,2026-06-08T16:57:47.966Z,2026-06-08T16:57:51.189Z,3222.7999999821186,"[{""t"":237853.30000001192,""value"":1},{""t"":238585.69999998808,""value"":2},{""t"":238834.69999998808,""value"":3},{""t"":239052.40000000596,""value"":4},{""t"":239239.90000000596,""value"":5}]"
d30f880f-b639-4f48-9c68-e6db4f68d6d5,KT031105,ENUM405,,ha,5,0.3.0-v2,6,false,0,false,25,normal,KT031105-r6-rain,0.7845032127596554,mid,KT031105-r6-price,0.5380693539110949,8,1,25,2026-06-08T16:57:54.861Z,2026-06-08T16:57:56.202Z,1340.5999999940395,[]
d30f880f-b639-4f48-9c68-e6db4f68d6d5,KT031105,ENUM405,,ha,5,0.3.0-v2,7,false,3,true,22,good,KT031105-r7-rain,0.06869774351797361,mid,KT031105-r7-price,0.4668328397686547,18.006,1,28.006,2026-06-08T16:58:00.354Z,2026-06-08T16:58:02.557Z,2203,"[{""t"":250227.69999998808,""value"":1},{""t"":250443.69999998808,""value"":2},{""t"":250689.30000001192,""value"":3}]"
d30f880f-b639-4f48-9c68-e6db4f68d6d5,KT031105,ENUM405,,ha,5,0.3.0-v2,8,false,3,true,22,normal,KT031105-r8-rain,0.727884769532906,low,KT031105-r8-price,0.9539302380377689,12.29,0.6,24.573999999999998,2026-06-08T16:58:06.383Z,2026-06-08T16:58:08.987Z,2603.7999999821186,"[{""t"":256372.40000000596,""value"":1},{""t"":256616.40000000596,""value"":2},{""t"":256815.5,""value"":3}]"
d30f880f-b639-4f48-9c68-e6db4f68d6d5,KT031105,ENUM405,,ha,5,0.3.0-v2,9,false,4,true,21,drought,KT031105-r9-rain,0.8414991410111788,mid,KT031105-r9-price,0.367348357250687,2,1,21,2026-06-08T16:58:14.663Z,2026-06-08T16:58:17.166Z,2502.9000000059605,"[{""t"":264721.8000000119,""value"":1},{""t"":264949.1999999881,""value"":2},{""t"":265149.40000000596,""value"":3},{""t"":265335.90000000596,""value"":4}]"
99ab5cf2-ed79-4aa5-ba79-c5e29b880280,KN010106,ENUM206,,ha,5,0.3.0-v2,practice,true,5,true,20,good,KN010106-rpractice-rain,0.5998317850934027,low,KN010106-rpractice-price,0.9952140837919815,21.310000000000002,0.6,25.586000000000002,2026-06-08T18:24:34.658Z,2026-06-08T18:25:04.614Z,29955,"[{""t"":10158159.799999997,""value"":1},{""t"":10158656.700000003,""value"":2},{""t"":10159323.899999999,""value"":3},{""t"":10174826.799999997,""value"":4},{""t"":10175503.299999997,""value"":5}]"
99ab5cf2-ed79-4aa5-ba79-c5e29b880280,KN010106,ENUM206,,ha,5,0.3.0-v2,0,false,8,true,17,good,KN010106-r0-rain,0.5474345327829699,mid,KN010106-r0-price,0.33314986983812256,25.216,1,30.216,2026-06-08T18:25:12.017Z,2026-06-08T18:25:21.016Z,8998,"[{""t"":10187063.700000003,""value"":1},{""t"":10187211.600000001,""value"":2},{""t"":10187341.200000003,""value"":3},{""t"":10187465.700000003,""value"":4},{""t"":10187901.299999997,""value"":5},{""t"":10188427.5,""value"":6},{""t"":10188768.700000003,""value"":7},{""t"":10189921.5,""value"":8}]"
99ab5cf2-ed79-4aa5-ba79-c5e29b880280,KN010106,ENUM206,,ha,5,0.3.0-v2,1,false,4,true,21,good,KN010106-r1-rain,0.453862845855663,low,KN010106-r1-price,0.7360857316660787,19.728,0.6,25.6368,2026-06-08T18:25:53.580Z,2026-06-08T18:25:57.066Z,3486.10000000149,"[{""t"":10228379.700000003,""value"":1},{""t"":10228572.200000003,""value"":2},{""t"":10228798.5,""value"":3},{""t"":10229257.399999999,""value"":4}]"
99ab5cf2-ed79-4aa5-ba79-c5e29b880280,KN010106,ENUM206,,ha,5,0.3.0-v2,2,false,2,true,23,drought,KN010106-r2-rain,0.7438021462823027,low,KN010106-r2-price,0.8503107464695884,2,0.6,23,2026-06-08T18:26:04.488Z,2026-06-08T18:26:07.223Z,2734.89999999851,"[{""t"":10239109,""value"":1},{""t"":10239320.299999997,""value"":2}]"
99ab5cf2-ed79-4aa5-ba79-c5e29b880280,KN010106,ENUM206,,ha,5,0.3.0-v2,3,false,4,true,21,good,KN010106-r3-rain,0.013434908648591724,low,KN010106-r3-price,0.9017840146615608,19.728,0.6,25.6368,2026-06-08T18:26:11.919Z,2026-06-08T18:26:15.921Z,4002.5999999940395,"[{""t"":10246454.700000003,""value"":1},{""t"":10246636.100000001,""value"":2},{""t"":10247145.799999997,""value"":3},{""t"":10248371.700000003,""value"":4}]"
99ab5cf2-ed79-4aa5-ba79-c5e29b880280,KN010106,ENUM206,,ha,5,0.3.0-v2,4,false,3,true,22,drought,KN010106-r4-rain,0.7940671668606119,high,KN010106-r4-price,0.044389815740256675,2,1.6,22,2026-06-08T18:26:21.034Z,2026-06-08T18:26:23.302Z,2268.2999999970198,"[{""t"":10255369.600000001,""value"":1},{""t"":10255514,""value"":2},{""t"":10255647.700000003,""value"":3}]"
99ab5cf2-ed79-4aa5-ba79-c5e29b880280,KN010106,ENUM206,,ha,5,0.3.0-v2,5,false,5,true,20,drought,KN010106-r5-rain,0.9662087161173786,high,KN010106-r5-price,0.1453475780299666,2,1.6,20,2026-06-08T18:26:26.971Z,2026-06-08T18:26:30.916Z,3944.60000000149,"[{""t"":10261449.600000001,""value"":1},{""t"":10261663.399999999,""value"":2},{""t"":10262706.299999997,""value"":3},{""t"":10263173,""value"":4},{""t"":10263389.299999997,""value"":5}]"
99ab5cf2-ed79-4aa5-ba79-c5e29b880280,KN010106,ENUM206,,ha,5,0.3.0-v2,6,false,3,true,22,good,KN010106-r6-rain,0.372987429141897,high,KN010106-r6-price,0.017240330557688834,18.006,1.6,31.6096,2026-06-08T18:26:34.284Z,2026-06-08T18:26:37.396Z,3111.3000000044703,"[{""t"":10268746.200000003,""value"":1},{""t"":10268941.899999999,""value"":2},{""t"":10269093.600000001,""value"":3}]"
99ab5cf2-ed79-4aa5-ba79-c5e29b880280,KN010106,ENUM206,,ha,5,0.3.0-v2,7,false,3,true,22,normal,KN010106-r7-rain,0.4930609619094707,low,KN010106-r7-price,0.8412493919267626,12.29,0.6,24.573999999999998,2026-06-08T18:26:40.847Z,2026-06-08T18:26:46.177Z,5329,"[{""t"":10275384.600000001,""value"":1},{""t"":10275564.200000003,""value"":2},{""t"":10275725.899999999,""value"":3},{""t"":10277770.600000001,""value"":2},{""t"":10278578.899999999,""value"":3}]"
99ab5cf2-ed79-4aa5-ba79-c5e29b880280,KN010106,ENUM206,,ha,5,0.3.0-v2,8,false,2,true,23,drought,KN010106-r8-rain,0.9578612662196097,high,KN010106-r8-price,0.1724626623299671,2,1.6,23,2026-06-08T18:26:52.125Z,2026-06-08T18:26:54.908Z,2782.7999999970198,"[{""t"":10286584.200000003,""value"":1},{""t"":10286781.899999999,""value"":2}]"
99ab5cf2-ed79-4aa5-ba79-c5e29b880280,KN010106,ENUM206,,ha,5,0.3.0-v2,9,false,3,true,22,good,KN010106-r9-rain,0.050880454699422414,high,KN010106-r9-price,0.10936385896250078,18.006,1.6,31.6096,2026-06-08T18:26:58.469Z,2026-06-08T18:27:01.446Z,2977,"[{""t"":10292938.899999999,""value"":1},{""t"":10293119,""value"":2},{""t"":10293258,""value"":3}]"
fc5796cb-e934-478b-847e-3efcd5581c92,202,ENUM402,,ha,5,0.3.0-v2,practice,true,5,true,20,good,202-rpractice-rain,0.009452978010445711,mid,202-rpractice-price,0.6944527993661903,21.310000000000002,1,29.310000000000002,2026-06-08T10:25:38.781Z,2026-06-08T10:25:53.058Z,14277.400000000373,"[{""t"":30947.700000001118,""value"":1},{""t"":31933.700000001118,""value"":2},{""t"":32190.099999999627,""value"":3},{""t"":32389.300000000745,""value"":4},{""t"":36914.20000000112,""value"":5}]"
fc5796cb-e934-478b-847e-3efcd5581c92,202,ENUM402,,ha,5,0.3.0-v2,0,false,6,true,19,good,202-r0-rain,0.45411761171190057,low,202-r0-price,0.7355539367679876,22.752,0.6,25.4512,2026-06-08T10:25:58.978Z,2026-06-08T10:26:03.018Z,4040.7000000011176,"[{""t"":46254.5,""value"":1},{""t"":46532.20000000112,""value"":2},{""t"":46745.90000000037,""value"":3},{""t"":46985,""value"":4},{""t"":47216.40000000037,""value"":5},{""t"":47449.90000000037,""value"":6}]"
fc5796cb-e934-478b-847e-3efcd5581c92,202,ENUM402,,ha,5,0.3.0-v2,1,false,5,true,20,good,202-r1-rain,0.2791844737563672,low,202-r1-price,0.853873064532785,21.310000000000002,0.6,25.586000000000002,2026-06-08T10:26:06.957Z,2026-06-08T10:26:16.529Z,9572.099999999627,"[{""t"":54493.800000000745,""value"":1},{""t"":54738.5,""value"":2},{""t"":54955.90000000037,""value"":3},{""t"":55166,""value"":4},{""t"":55382.70000000112,""value"":5}]"
fc5796cb-e934-478b-847e-3efcd5581c92,202,ENUM402,,ha,5,0.3.0-v2,2,false,8,true,17,normal,202-r2-rain,0.5875363161817178,low,202-r2-price,0.8059825089054052,17.44,0.6,22.664,2026-06-08T10:26:20.942Z,2026-06-08T10:26:25.780Z,4837.699999999255,"[{""t"":68185.90000000037,""value"":1},{""t"":68918.09999999963,""value"":2},{""t"":69127.30000000075,""value"":3},{""t"":69327.70000000112,""value"":4},{""t"":69519.5,""value"":5},{""t"":69732.30000000075,""value"":6},{""t"":69993,""value"":7},{""t"":70201.5,""value"":8}]"
fc5796cb-e934-478b-847e-3efcd5581c92,202,ENUM402,,ha,5,0.3.0-v2,3,false,8,true,17,good,202-r3-rain,0.26042434139466647,low,202-r3-price,0.8217178005028591,25.216,0.6,24.9296,2026-06-08T10:26:29.664Z,2026-06-08T10:26:34.574Z,4909.5999999996275,"[{""t"":76924.59999999963,""value"":1},{""t"":77589.70000000112,""value"":2},{""t"":77792.30000000075,""value"":3},{""t"":78001.40000000037,""value"":4},{""t"":78216.90000000037,""value"":5},{""t"":78416,""value"":6},{""t"":78608.59999999963,""value"":7},{""t"":78790.90000000037,""value"":8}]"
fc5796cb-e934-478b-847e-3efcd5581c92,202,ENUM402,,ha,5,0.3.0-v2,4,false,6,true,19,good,202-r4-rain,0.018847166102686018,low,202-r4-price,0.816919314388843,22.752,0.6,25.4512,2026-06-08T10:26:38.713Z,2026-06-08T10:26:43.826Z,5111.800000000745,"[{""t"":86142.80000000075,""value"":1},{""t"":86405,""value"":2},{""t"":86654,""value"":3},{""t"":86878.90000000037,""value"":4},{""t"":88066.09999999963,""value"":5},{""t"":88292.40000000037,""value"":6}]"
fc5796cb-e934-478b-847e-3efcd5581c92,202,ENUM402,,ha,5,0.3.0-v2,5,false,5,true,20,good,202-r5-rain,0.084077439671689,mid,202-r5-price,0.5515929311996535,21.310000000000002,1,29.310000000000002,2026-06-08T10:26:47.602Z,2026-06-08T10:26:51.406Z,3804,"[{""t"":94738.40000000037,""value"":1},{""t"":94977.70000000112,""value"":2},{""t"":95180.20000000112,""value"":3},{""t"":95400.59999999963,""value"":4},{""t"":95611.70000000112,""value"":5}]"
fc5796cb-e934-478b-847e-3efcd5581c92,202,ENUM402,,ha,5,0.3.0-v2,6,false,6,true,19,good,202-r6-rain,0.4193821633484971,low,202-r6-price,0.9769757912149402,22.752,0.6,25.4512,2026-06-08T10:26:55.184Z,2026-06-08T10:26:59.508Z,4323.800000000745,"[{""t"":102396.20000000112,""value"":1},{""t"":102701.30000000075,""value"":2},{""t"":102905.80000000075,""value"":3},{""t"":103093.40000000037,""value"":4},{""t"":103767.90000000037,""value"":5},{""t"":103969.70000000112,""value"":6}]"
fc5796cb-e934-478b-847e-3efcd5581c92,202,ENUM402,,ha,5,0.3.0-v2,7,false,7,true,18,drought,202-r7-rain,0.9085196710068484,mid,202-r7-price,0.6054168210315078,2,1,18,2026-06-08T10:27:03.379Z,2026-06-08T10:27:08.846Z,5466.799999998882,"[{""t"":110498.30000000075,""value"":1},{""t"":110761.70000000112,""value"":2},{""t"":110979.5,""value"":3},{""t"":111179,""value"":4},{""t"":111379.20000000112,""value"":5},{""t"":112573.70000000112,""value"":6},{""t"":112841.09999999963,""value"":7}]"
fc5796cb-e934-478b-847e-3efcd5581c92,202,ENUM402,,ha,5,0.3.0-v2,8,false,7,true,18,normal,202-r8-rain,0.7139015092465828,low,202-r8-price,0.9876430487617703,16.61,0.6,23.166,2026-06-08T10:27:12.603Z,2026-06-08T10:27:18.774Z,6170.799999998882,"[{""t"":119688.90000000037,""value"":1},{""t"":119930.59999999963,""value"":2},{""t"":120146.40000000037,""value"":3},{""t"":120352.59999999963,""value"":4},{""t"":120795.59999999963,""value"":5},{""t"":121064.90000000037,""value"":6},{""t"":121870.20000000112,""value"":7}]"
fc5796cb-e934-478b-847e-3efcd5581c92,202,ENUM402,,ha,5,0.3.0-v2,9,false,4,true,21,good,202-r9-rain,0.3088979785671417,mid,202-r9-price,0.24978649203585107,19.728,1,28.728,2026-06-08T10:27:24.413Z,2026-06-08T10:27:30.810Z,6396.299999998882,"[{""t"":133849.30000000075,""value"":1},{""t"":134104.90000000037,""value"":2},{""t"":134378.40000000037,""value"":3},{""t"":134597.90000000037,""value"":4}]"
4165fd97-0afd-4288-b527-73509b3945f6,KN01012,ENUM402,,ha,5,0.3.0-v2,practice,true,6,true,19,good,KN01012-rpractice-rain,0.20373774293352911,low,KN01012-rpractice-price,0.8282896030513357,22.752,0.6,25.4512,2026-06-08T18:41:46.038Z,2026-06-08T18:42:37.042Z,49175.5,"[{""t"":11343785.7,""value"":1},{""t"":11344043.400000002,""value"":2},{""t"":11344687.5,""value"":3},{""t"":11344949.3,""value"":4},{""t"":11345145.400000002,""value"":5},{""t"":11345871.600000001,""value"":6}]"
4165fd97-0afd-4288-b527-73509b3945f6,KN01012,ENUM402,,ha,5,0.3.0-v2,0,false,7,true,18,good,KN01012-r0-rain,0.6132843344952743,low,KN01012-r0-price,0.8212136181667784,24.054,0.6,25.2324,2026-06-08T18:43:02.665Z,2026-06-08T18:43:12.012Z,9347,"[{""t"":11380216.8,""value"":1},{""t"":11380477.3,""value"":2},{""t"":11380657.7,""value"":3},{""t"":11380843.400000002,""value"":4},{""t"":11381008.8,""value"":5},{""t"":11381726.7,""value"":6},{""t"":11382288.8,""value"":7}]"
4165fd97-0afd-4288-b527-73509b3945f6,KN01012,ENUM402,,ha,5,0.3.0-v2,1,false,10,true,15,good,KN01012-r1-rain,0.13577837125987013,mid,KN01012-r1-price,0.3439531523357477,27.119999999999997,1,30.119999999999997,2026-06-08T18:43:25.381Z,2026-06-08T18:43:35.780Z,10398.300000000745,"[{""t"":11402822.2,""value"":1},{""t"":11403069.8,""value"":2},{""t"":11403291,""value"":3},{""t"":11403494.2,""value"":4},{""t"":11403694.400000002,""value"":5},{""t"":11404102.7,""value"":6},{""t"":11404876.5,""value"":7},{""t"":11405109.5,""value"":8},{""t"":11405342.5,""value"":9},{""t"":11406020.2,""value"":10}]"
4165fd97-0afd-4288-b527-73509b3945f6,KN01012,ENUM402,,ha,5,0.3.0-v2,2,false,7,true,18,normal,KN01012-r2-rain,0.36788005464232476,high,KN01012-r2-price,0.2913900758330643,16.61,1.6,31.776,2026-06-08T18:43:54.200Z,2026-06-08T18:44:04.399Z,10199.300000000745,"[{""t"":11431785.2,""value"":1},{""t"":11432032.3,""value"":2},{""t"":11432315.5,""value"":3},{""t"":11432574.600000001,""value"":4},{""t"":11432791.900000002,""value"":5},{""t"":11434410,""value"":6},{""t"":11434859.7,""value"":7}]"
4165fd97-0afd-4288-b527-73509b3945f6,KN01012,ENUM402,,ha,5,0.3.0-v2,3,false,8,true,17,normal,KN01012-r3-rain,0.7255806980944978,low,KN01012-r3-price,0.7848041171464026,17.44,0.6,22.664,2026-06-08T18:44:11.723Z,2026-06-08T18:44:17.784Z,6060.699999999255,"[{""t"":11448205,""value"":1},{""t"":11448408.900000002,""value"":2},{""t"":11448602.3,""value"":3},{""t"":11448786.7,""value"":4},{""t"":11449228.400000002,""value"":5},{""t"":11449411.7,""value"":6},{""t"":11449605,""value"":7},{""t"":11449788.2,""value"":8}]"
4165fd97-0afd-4288-b527-73509b3945f6,KN01012,ENUM402,,ha,5,0.3.0-v2,4,false,5,true,20,good,KN01012-r4-rain,0.027055026732046798,mid,KN01012-r4-price,0.13807524271394628,21.310000000000002,1,29.310000000000002,2026-06-08T18:44:25.518Z,2026-06-08T18:44:29.692Z,4174.5,"[{""t"":11461690.3,""value"":1},{""t"":11461929.8,""value"":2},{""t"":11462145.400000002,""value"":3},{""t"":11462366.900000002,""value"":4},{""t"":11462821.900000002,""value"":5}]"
4165fd97-0afd-4288-b527-73509b3945f6,KN01012,ENUM402,,ha,5,0.3.0-v2,5,false,5,true,20,good,KN01012-r5-rain,0.6948416589947192,mid,KN01012-r5-price,0.42464584718897924,21.310000000000002,1,29.310000000000002,2026-06-08T18:44:34.796Z,2026-06-08T18:44:39.108Z,4312.099999997765,"[{""t"":11471138.600000001,""value"":1},{""t"":11471352.100000001,""value"":2},{""t"":11471559.900000002,""value"":3},{""t"":11471772.2,""value"":4},{""t"":11472021.400000002,""value"":5}]"
4165fd97-0afd-4288-b527-73509b3945f6,KN01012,ENUM402,,ha,5,0.3.0-v2,6,false,5,true,20,good,KN01012-r6-rain,0.32606109603898314,mid,KN01012-r6-price,0.5752112284759763,21.310000000000002,1,29.310000000000002,2026-06-08T18:44:43.153Z,2026-06-08T18:44:47.773Z,4620,"[{""t"":11480045.100000001,""value"":1},{""t"":11480282.400000002,""value"":2},{""t"":11480482.5,""value"":3},{""t"":11480716.8,""value"":4},{""t"":11480982.8,""value"":5}]"
4165fd97-0afd-4288-b527-73509b3945f6,KN01012,ENUM402,,ha,5,0.3.0-v2,7,false,8,true,17,good,KN01012-r7-rain,0.08486106912136608,high,KN01012-r7-price,0.08418835998164301,25.216,1.6,38.1456,2026-06-08T18:44:51.577Z,2026-06-08T18:44:58.133Z,6556.60000000149,"[{""t"":11487826.5,""value"":1},{""t"":11488473,""value"":2},{""t"":11488683.2,""value"":3},{""t"":11488871,""value"":4},{""t"":11489054.3,""value"":5},{""t"":11489255.900000002,""value"":6},{""t"":11490174.7,""value"":7},{""t"":11490407.400000002,""value"":8}]"
4165fd97-0afd-4288-b527-73509b3945f6,KN01012,ENUM402,,ha,5,0.3.0-v2,8,false,2,true,23,normal,KN01012-r8-rain,0.7036635265831019,mid,KN01012-r8-price,0.38647889898126847,10.96,1,25.96,2026-06-08T18:45:03.002Z,2026-06-08T18:45:07.328Z,4325.60000000149,"[{""t"":11500008.8,""value"":1},{""t"":11500212.900000002,""value"":2}]"
4165fd97-0afd-4288-b527-73509b3945f6,KN01012,ENUM402,,ha,5,0.3.0-v2,9,false,3,true,22,good,KN01012-r9-rain,0.2781448558145286,high,KN01012-r9-price,0.03343900802638262,18.006,1.6,31.6096,2026-06-08T18:45:11.505Z,2026-06-08T18:45:15.464Z,3959.10000000149,"[{""t"":11507857.5,""value"":1},{""t"":11508036.100000001,""value"":2},{""t"":11508247.100000001,""value"":3}]"
f1df903a-d15e-40bd-822a-86a8510a4057,KT031103,ENUM103,,ha,5,0.3.0-v2,practice,true,4,true,21,good,KT031103-rpractice-rain,0.6345872942895193,mid,KT031103-rpractice-price,0.4595051060737568,19.728,1,28.728,2026-06-08T16:39:55.700Z,2026-06-08T16:40:07.404Z,11703.39999999851,"[{""t"":157765.5,""value"":1},{""t"":158027.20000000298,""value"":2},{""t"":158210.70000000298,""value"":3},{""t"":158412.5,""value"":4}]"
f1df903a-d15e-40bd-822a-86a8510a4057,KT031103,ENUM103,,ha,5,0.3.0-v2,0,false,2,true,23,good,KT031103-r0-rain,0.017843302861291255,low,KT031103-r0-price,0.8744239689625631,16.144,0.6,25.4864,2026-06-08T16:40:30.612Z,2026-06-08T16:40:45.555Z,14942.20000000298,"[{""t"":199143.79999999702,""value"":1},{""t"":199755.29999999702,""value"":2}]"
f1df903a-d15e-40bd-822a-86a8510a4057,KT031103,ENUM103,,ha,5,0.3.0-v2,1,false,1,true,24,good,KT031103-r1-rain,0.4283441419800973,low,KT031103-r1-price,0.8909897982181536,14.142,0.6,25.2852,2026-06-08T16:40:56.196Z,2026-06-08T16:40:59.902Z,3705.5,"[{""t"":216248.1000000015,""value"":1}]"
f1df903a-d15e-40bd-822a-86a8510a4057,KT031103,ENUM103,,ha,5,0.3.0-v2,2,false,3,true,22,drought,KT031103-r2-rain,0.7754209043757548,low,KT031103-r2-price,0.7546189508862968,2,0.6,22,2026-06-08T16:41:05.756Z,2026-06-08T16:41:08.945Z,3188.89999999851,"[{""t"":225371.6000000015,""value"":1},{""t"":225738.29999999702,""value"":2},{""t"":226152.79999999702,""value"":3}]"
f1df903a-d15e-40bd-822a-86a8510a4057,KT031103,ENUM103,,ha,5,0.3.0-v2,3,false,4,true,21,good,KT031103-r3-rain,0.0986393009009833,high,KT031103-r3-price,0.2997314706163789,19.728,1.6,33.3648,2026-06-08T16:41:15.497Z,2026-06-08T16:41:19.137Z,3639.89999999851,"[{""t"":235233.1000000015,""value"":1},{""t"":235479.70000000298,""value"":2},{""t"":235647.1000000015,""value"":3},{""t"":236194.79999999702,""value"":4}]"
f1df903a-d15e-40bd-822a-86a8510a4057,KT031103,ENUM103,,ha,5,0.3.0-v2,4,false,5,true,20,normal,KT031103-r4-rain,0.6320463692810899,high,KT031103-r4-price,0.01514568072785583,14.65,1.6,30.64,2026-06-08T16:41:25.305Z,2026-06-08T16:41:31.354Z,6048.60000000149,"[{""t"":245041.8999999985,""value"":1},{""t"":245355.5,""value"":2},{""t"":245618.29999999702,""value"":3},{""t"":246001.79999999702,""value"":4},{""t"":248213.70000000298,""value"":5}]"
f1df903a-d15e-40bd-822a-86a8510a4057,KT031103,ENUM103,,ha,5,0.3.0-v2,5,false,0,false,25,normal,KT031103-r5-rain,0.815337508538911,high,KT031103-r5-price,0.22945995069224315,8,1.6,25,2026-06-08T16:41:36.143Z,2026-06-08T16:41:38.965Z,2822,[]
f1df903a-d15e-40bd-822a-86a8510a4057,KT031103,ENUM103,,ha,5,0.3.0-v2,6,false,6,true,19,normal,KT031103-r6-rain,0.7632560855944334,low,KT031103-r6-price,0.7633829178881739,15.68,0.6,23.608,2026-06-08T16:41:44.589Z,2026-06-08T16:41:49.923Z,5334.19999999553,"[{""t"":264175.1000000015,""value"":1},{""t"":264803.8999999985,""value"":2},{""t"":265235.8999999985,""value"":3},{""t"":265400.8999999985,""value"":4},{""t"":266383.200000003,""value"":5},{""t"":267015.299999997,""value"":6}]"
f1df903a-d15e-40bd-822a-86a8510a4057,KT031103,ENUM103,,ha,5,0.3.0-v2,7,false,7,true,18,drought,KT031103-r7-rain,0.9234306552053846,mid,KT031103-r7-price,0.6702283959704916,2,1,18,2026-06-08T16:41:53.948Z,2026-06-08T16:41:59.116Z,5167.39999999851,"[{""t"":273417.3999999985,""value"":1},{""t"":273599.799999997,""value"":2},{""t"":273769.8999999985,""value"":3},{""t"":273930.8999999985,""value"":4},{""t"":274146.299999997,""value"":5},{""t"":274678.799999997,""value"":6},{""t"":275909.200000003,""value"":7}]"
f1df903a-d15e-40bd-822a-86a8510a4057,KT031103,ENUM103,,ha,5,0.3.0-v2,8,false,1,true,24,good,KT031103-r8-rain,0.022068227200072496,mid,KT031103-r8-price,0.6486987095520326,14.142,1,26.142,2026-06-08T16:42:05.186Z,2026-06-08T16:42:09.041Z,3854.89999999851,"[{""t"":284971.700000003,""value"":1}]"
f1df903a-d15e-40bd-822a-86a8510a4057,KT031103,ENUM103,,ha,5,0.3.0-v2,9,false,2,true,23,drought,KT031103-r9-rain,0.9202889022898553,low,KT031103-r9-price,0.7344731100102414,2,0.6,23,2026-06-08T16:42:13.614Z,2026-06-08T16:42:16.638Z,3024.2999999970198,"[{""t"":293226.8999999985,""value"":1},{""t"":293996,""value"":2}]"
f40e416c-4249-47f7-8090-cbd27398f751,KD030606,ENUM102,,en,5,0.3.0-v2,practice,true,3,true,22,drought,KD030606-rpractice-rain,0.956332215811215,low,KD030606-rpractice-price,0.8512231493195337,2,0.6,22,2026-06-08T17:12:25.545Z,2026-06-08T17:13:41.247Z,75701.70000000112,"[{""t"":788757.6999999993,""value"":1},{""t"":792870.8999999985,""value"":2},{""t"":795026.1999999993,""value"":3},{""t"":796118.8999999985,""value"":2},{""t"":796502.5999999996,""value"":1},{""t"":796837.3999999985,""value"":0},{""t"":843959.5999999996,""value"":1},{""t"":844560.2999999989,""value"":2},{""t"":845101.6999999993,""value"":3}]"
f40e416c-4249-47f7-8090-cbd27398f751,KD030606,ENUM102,,en,5,0.3.0-v2,0,false,5,true,20,good,KD030606-r0-rain,0.6720234297786247,mid,KD030606-r0-price,0.20113646007520766,21.310000000000002,1,29.310000000000002,2026-06-08T17:14:44.299Z,2026-06-08T17:15:36.632Z,52332.699999999255,"[{""t"":961124,""value"":1},{""t"":961502.1999999993,""value"":2},{""t"":961729.0999999996,""value"":3},{""t"":961990.6999999993,""value"":4},{""t"":962282.2999999989,""value"":5}]"
f40e416c-4249-47f7-8090-cbd27398f751,KD030606,ENUM102,,en,5,0.3.0-v2,1,false,5,true,20,normal,KD030606-r1-rain,0.6285723012517537,low,KD030606-r1-price,0.6641740508080016,14.65,0.6,23.990000000000002,2026-06-08T17:16:35.425Z,2026-06-08T17:17:09.405Z,33980,"[{""t"":1026039.7999999989,""value"":1},{""t"":1026252.0999999996,""value"":2},{""t"":1026493,""value"":3},{""t"":1027103.7999999989,""value"":4},{""t"":1027551,""value"":5},{""t"":1054212.0999999996,""value"":6},{""t"":1055752.8999999985,""value"":5}]"
f40e416c-4249-47f7-8090-cbd27398f751,KD030606,ENUM102,,en,5,0.3.0-v2,2,false,2,true,23,good,KD030606-r2-rain,0.08068080899251849,low,KD030606-r2-price,0.898735390957969,16.144,0.6,25.4864,2026-06-08T17:17:35.254Z,2026-06-08T17:17:43.887Z,8632,"[{""t"":1085701.8999999985,""value"":1},{""t"":1086008.2999999989,""value"":2}]"
f40e416c-4249-47f7-8090-cbd27398f751,KD030606,ENUM102,,en,5,0.3.0-v2,3,false,5,true,20,good,KD030606-r3-rain,0.17261142533939403,low,KD030606-r3-price,0.8109130223046996,21.310000000000002,0.6,25.586000000000002,2026-06-08T17:18:04.078Z,2026-06-08T17:18:16.132Z,12053.900000000373,"[{""t"":1114677.1999999993,""value"":1},{""t"":1115323.1999999993,""value"":2},{""t"":1115621.5,""value"":3},{""t"":1118956.8999999985,""value"":4},{""t"":1120659.5,""value"":5}]"
f40e416c-4249-47f7-8090-cbd27398f751,KD030606,ENUM102,,en,5,0.3.0-v2,4,false,0,false,25,normal,KD030606-r4-rain,0.48851585150856514,mid,KD030606-r4-price,0.4568407799082696,8,1,25,2026-06-08T17:18:48.670Z,2026-06-08T17:18:51.962Z,3291.300000000745,[]
f40e416c-4249-47f7-8090-cbd27398f751,KD030606,ENUM102,,en,5,0.3.0-v2,5,false,7,true,18,good,KD030606-r5-rain,0.7180235835115627,mid,KD030606-r5-price,0.6739876494252285,24.054,1,30.054,2026-06-08T17:19:03.885Z,2026-06-08T17:19:22.321Z,18436.70000000298,"[{""t"":1174387.0999999978,""value"":1},{""t"":1174701.0999999978,""value"":2},{""t"":1177794.3000000007,""value"":3},{""t"":1180255.3000000007,""value"":4},{""t"":1180531.6999999993,""value"":5},{""t"":1180788,""value"":6},{""t"":1182872.0999999978,""value"":7}]"
f40e416c-4249-47f7-8090-cbd27398f751,KD030606,ENUM102,,en,5,0.3.0-v2,6,false,3,true,22,normal,KD030606-r6-rain,0.7133754022704153,mid,KD030606-r6-price,0.41753449435169837,12.29,1,26.29,2026-06-08T17:19:41.103Z,2026-06-08T17:19:44.799Z,3695.60000000149,"[{""t"":1211523.3999999985,""value"":1},{""t"":1211776.3999999985,""value"":2},{""t"":1212452.3000000007,""value"":3}]"
f40e416c-4249-47f7-8090-cbd27398f751,KD030606,ENUM102,,en,5,0.3.0-v2,7,false,2,true,23,drought,KD030606-r7-rain,0.8739731631251569,mid,KD030606-r7-price,0.6760893352112698,2,1,23,2026-06-08T17:19:54.270Z,2026-06-08T17:20:08.420Z,14149.699999999255,"[{""t"":1226838.8999999985,""value"":1},{""t"":1227298,""value"":2},{""t"":1229399.3000000007,""value"":3},{""t"":1230855.3999999985,""value"":2}]"
f40e416c-4249-47f7-8090-cbd27398f751,KD030606,ENUM102,,en,5,0.3.0-v2,8,false,6,true,19,good,KD030606-r8-rain,0.18602323785544414,mid,KD030606-r8-price,0.7769482289256624,22.752,1,29.752,2026-06-08T17:20:19.544Z,2026-06-08T17:20:25.867Z,6322.39999999851,"[{""t"":1251003.3000000007,""value"":1},{""t"":1251235.8999999985,""value"":2},{""t"":1251462.8000000007,""value"":3},{""t"":1252188.5,""value"":4},{""t"":1252486.8000000007,""value"":5},{""t"":1253314.0999999978,""value"":6}]"
f40e416c-4249-47f7-8090-cbd27398f751,KD030606,ENUM102,,en,5,0.3.0-v2,9,false,2,true,23,normal,KD030606-r9-rain,0.5081414264694762,low,KD030606-r9-price,0.6555154806827104,10.96,0.6,24.776,2026-06-08T17:20:47.191Z,2026-06-08T17:20:51.071Z,3879.60000000149,"[{""t"":1278007.3999999985,""value"":1},{""t"":1278662.1999999993,""value"":2}]"
b90e1cb7-1539-44b7-a34a-f87e23ab184b,KT031101,ENUM101,,ha,5,0.3.0-v2,practice,true,5,true,20,good,KT031101-rpractice-rain,0.24913577593561942,mid,KT031101-rpractice-price,0.23932220693680148,21.310000000000002,1,29.310000000000002,2026-06-08T16:44:10.436Z,2026-06-08T16:44:35.925Z,25489.10000000149,"[{""t"":325230.59999999776,""value"":1},{""t"":325648.799999997,""value"":2},{""t"":326173.799999997,""value"":3},{""t"":326648,""value"":4},{""t"":327303.299999997,""value"":5}]"
b90e1cb7-1539-44b7-a34a-f87e23ab184b,KT031101,ENUM101,,ha,5,0.3.0-v2,0,false,6,true,19,normal,KT031101-r0-rain,0.7872645533939933,high,KT031101-r0-price,0.1547013614325784,15.68,1.6,31.288,2026-06-08T16:44:56.053Z,2026-06-08T16:45:07.410Z,11356.39999999851,"[{""t"":356604.299999997,""value"":1},{""t"":356912.3999999985,""value"":2},{""t"":357142.69999999925,""value"":3},{""t"":357995.5,""value"":4},{""t"":358240.09999999776,""value"":5},{""t"":358469.19999999925,""value"":6}]"
b90e1cb7-1539-44b7-a34a-f87e23ab184b,KT031101,ENUM101,,ha,5,0.3.0-v2,1,false,7,true,18,good,KT031101-r1-rain,0.19080935189524534,low,KT031101-r1-price,0.7818698589289101,24.054,0.6,25.2324,2026-06-08T16:45:24.185Z,2026-06-08T16:45:30.669Z,6483.60000000149,"[{""t"":384041.799999997,""value"":1},{""t"":384302.3999999985,""value"":2},{""t"":384560.799999997,""value"":3},{""t"":384872,""value"":4},{""t"":385150.09999999776,""value"":5},{""t"":385363.5,""value"":6},{""t"":385724.3999999985,""value"":7}]"
b90e1cb7-1539-44b7-a34a-f87e23ab184b,KT031101,ENUM101,,ha,5,0.3.0-v2,2,false,8,true,17,drought,KT031101-r2-rain,0.6768045443946182,high,KT031101-r2-price,0.2595253337983176,2,1.6,17,2026-06-08T16:45:43.453Z,2026-06-08T16:45:50.116Z,6662.800000000745,"[{""t"":403144.299999997,""value"":1},{""t"":403369.799999997,""value"":2},{""t"":403599.19999999925,""value"":3},{""t"":403858.09999999776,""value"":4},{""t"":404073.299999997,""value"":5},{""t"":404614.09999999776,""value"":6},{""t"":405793.19999999925,""value"":7},{""t"":406021.799999997,""value"":8}]"
b90e1cb7-1539-44b7-a34a-f87e23ab184b,KT031101,ENUM101,,ha,5,0.3.0-v2,3,false,5,true,20,good,KT031101-r3-rain,0.23423032259577964,mid,KT031101-r3-price,0.6639980816874299,21.310000000000002,1,29.310000000000002,2026-06-08T16:46:01.379Z,2026-06-08T16:46:07.729Z,6349.199999999255,"[{""t"":421164.09999999776,""value"":1},{""t"":421556.59999999776,""value"":2},{""t"":421933.3999999985,""value"":3},{""t"":422193.299999997,""value"":4},{""t"":422423.8999999985,""value"":5}]"
b90e1cb7-1539-44b7-a34a-f87e23ab184b,KT031101,ENUM101,,ha,5,0.3.0-v2,4,false,8,true,17,normal,KT031101-r4-rain,0.6251612192779272,mid,KT031101-r4-price,0.1192499071423259,17.44,1,26.44,2026-06-08T16:46:19.514Z,2026-06-08T16:46:26.588Z,7073.39999999851,"[{""t"":439087.299999997,""value"":1},{""t"":440560.8999999985,""value"":2},{""t"":440789.59999999776,""value"":3},{""t"":441002.19999999925,""value"":4},{""t"":441247.3999999985,""value"":5},{""t"":441452.19999999925,""value"":6},{""t"":441791.299999997,""value"":7},{""t"":442427.799999997,""value"":8}]"
b90e1cb7-1539-44b7-a34a-f87e23ab184b,KT031101,ENUM101,,ha,5,0.3.0-v2,5,false,10,true,15,good,KT031101-r5-rain,0.4533518503731551,high,KT031101-r5-price,0.0889256314742949,27.119999999999997,1.6,39.19199999999999,2026-06-08T16:46:35.556Z,2026-06-08T16:46:44.607Z,9051.699999999255,"[{""t"":455099.59999999776,""value"":1},{""t"":455653,""value"":2},{""t"":455897.799999997,""value"":3},{""t"":456161.09999999776,""value"":4},{""t"":456651.5,""value"":5},{""t"":456929.299999997,""value"":6},{""t"":457223.3999999985,""value"":7},{""t"":458796.3999999985,""value"":8},{""t"":459089.8999999985,""value"":9},{""t"":459843.69999999925,""value"":10}]"
b90e1cb7-1539-44b7-a34a-f87e23ab184b,KT031101,ENUM101,,ha,5,0.3.0-v2,6,false,8,true,17,good,KT031101-r6-rain,0.14770305017944016,high,KT031101-r6-price,0.12425162873765216,25.216,1.6,38.1456,2026-06-08T16:47:11.916Z,2026-06-08T16:47:20.325Z,8409.29999999702,"[{""t"":491442.19999999925,""value"":1},{""t"":491681.5,""value"":2},{""t"":491894.69999999925,""value"":3},{""t"":492121.8999999985,""value"":4},{""t"":492319.5,""value"":5},{""t"":492516.69999999925,""value"":6},{""t"":492711.8999999985,""value"":7},{""t"":492956.19999999925,""value"":8},{""t"":493154.19999999925,""value"":9},{""t"":493381.799999997,""value"":10},{""t"":495500.69999999925,""value"":9},{""t"":496068.8999999985,""value"":8}]"
b90e1cb7-1539-44b7-a34a-f87e23ab184b,KT031101,ENUM101,,ha,5,0.3.0-v2,7,false,6,true,19,drought,KT031101-r7-rain,0.8528934320906596,low,KT031101-r7-price,0.7558651972892612,2,0.6,19,2026-06-08T16:47:27.282Z,2026-06-08T16:47:31.212Z,3929.300000000745,"[{""t"":506825.69999999925,""value"":1},{""t"":507052,""value"":2},{""t"":507265.19999999925,""value"":3},{""t"":507477.799999997,""value"":4},{""t"":507690.3999999985,""value"":5},{""t"":507919.09999999776,""value"":6}]"
b90e1cb7-1539-44b7-a34a-f87e23ab184b,KT031101,ENUM101,,ha,5,0.3.0-v2,8,false,5,true,20,drought,KT031101-r8-rain,0.992882711780297,mid,KT031101-r8-price,0.48307995337248305,2,1,20,2026-06-08T16:47:41.232Z,2026-06-08T16:47:46.451Z,5219,"[{""t"":521067.5,""value"":1},{""t"":521293.799999997,""value"":2},{""t"":521522.19999999925,""value"":3},{""t"":521751.299999997,""value"":4},{""t"":522488.59999999776,""value"":5}]"
b90e1cb7-1539-44b7-a34a-f87e23ab184b,KT031101,ENUM101,,ha,5,0.3.0-v2,9,false,3,true,22,good,KT031101-r9-rain,0.3626788953285453,low,KT031101-r9-price,0.72284493262628,18.006,0.6,25.6036,2026-06-08T16:47:55.623Z,2026-06-08T16:48:03.131Z,7508.20000000298,"[{""t"":535210,""value"":1},{""t"":535457.0999999978,""value"":2},{""t"":535697.6999999993,""value"":3},{""t"":535959.8999999985,""value"":4},{""t"":536238.5,""value"":5},{""t"":536549.5999999978,""value"":6},{""t"":538568.1999999993,""value"":5},{""t"":539054.6999999993,""value"":4},{""t"":539856.5,""value"":3}]"
ebc0ee75-4c9d-474a-9b35-89cadfa087be,KT031104,ENUM104,,ha,5,0.3.0-v2,practice,true,5,true,20,drought,KT031104-rpractice-rain,0.9397176027576245,mid,KT031104-rpractice-price,0.22510379387498267,2,1,20,2026-06-08T16:49:43.829Z,2026-06-08T16:52:28.648Z,164148.90000000014,"[{""t"":564173.5,""value"":1},{""t"":564783.8,""value"":2},{""t"":565259.1000000001,""value"":3},{""t"":565864.2,""value"":4},{""t"":566780,""value"":5}]"
ebc0ee75-4c9d-474a-9b35-89cadfa087be,KT031104,ENUM104,,ha,5,0.3.0-v2,0,false,2,true,23,good,KT031104-r0-rain,0.6277788517191151,high,KT031104-r0-price,0.19557686773064126,16.144,1.6,29.630399999999998,2026-06-08T16:52:43.150Z,2026-06-08T16:53:02.088Z,18937.300000000047,"[{""t"":591502.8999999999,""value"":1},{""t"":593559,""value"":2}]"
ebc0ee75-4c9d-474a-9b35-89cadfa087be,KT031104,ENUM104,,ha,5,0.3.0-v2,1,false,3,true,22,good,KT031104-r1-rain,0.4000916948345003,mid,KT031104-r1-price,0.4597094064786906,18.006,1,28.006,2026-06-08T16:53:14.216Z,2026-06-08T16:53:32.321Z,18105,"[{""t"":630445.3999999999,""value"":1},{""t"":631193.6000000001,""value"":2},{""t"":631733.7,""value"":3}]"
ebc0ee75-4c9d-474a-9b35-89cadfa087be,KT031104,ENUM104,,ha,5,0.3.0-v2,2,false,5,true,20,drought,KT031104-r2-rain,0.8949385765557761,mid,KT031104-r2-price,0.4947834077319003,2,1,20,2026-06-08T16:53:43.096Z,2026-06-08T16:53:51.932Z,8835.699999999953,"[{""t"":645292,""value"":1},{""t"":649250.1000000001,""value"":2},{""t"":649856.3,""value"":3},{""t"":650378.2,""value"":4},{""t"":651100.2,""value"":5}]"
ebc0ee75-4c9d-474a-9b35-89cadfa087be,KT031104,ENUM104,,ha,5,0.3.0-v2,3,false,3,true,22,normal,KT031104-r3-rain,0.7455158257872955,mid,KT031104-r3-price,0.4585401400581936,12.29,1,26.29,2026-06-08T16:54:00.673Z,2026-06-08T16:54:14.798Z,14125.90000000014,"[{""t"":672692.2,""value"":1},{""t"":673443.6000000001,""value"":2},{""t"":674145.1000000001,""value"":3}]"
ebc0ee75-4c9d-474a-9b35-89cadfa087be,KT031104,ENUM104,,ha,5,0.3.0-v2,4,false,2,true,23,normal,KT031104-r4-rain,0.46927819379203983,low,KT031104-r4-price,0.7596044701818588,10.96,0.6,24.776,2026-06-08T16:54:21.758Z,2026-06-08T16:54:26.669Z,4911.700000000186,"[{""t"":683708.7,""value"":1},{""t"":685750,""value"":2}]"
ebc0ee75-4c9d-474a-9b35-89cadfa087be,KT031104,ENUM104,,ha,5,0.3.0-v2,5,false,4,true,21,drought,KT031104-r5-rain,0.9497720572375918,mid,KT031104-r5-price,0.777880814018155,2,1,21,2026-06-08T16:54:32.690Z,2026-06-08T16:54:43.509Z,10818.800000000047,"[{""t"":696514,""value"":1},{""t"":697392.2,""value"":2},{""t"":702283.3,""value"":3},{""t"":702875.6000000001,""value"":4}]"
ebc0ee75-4c9d-474a-9b35-89cadfa087be,KT031104,ENUM104,,ha,5,0.3.0-v2,6,false,2,true,23,good,KT031104-r6-rain,0.5306085665326272,low,KT031104-r6-price,0.7394031539649261,16.144,0.6,25.4864,2026-06-08T16:54:50.212Z,2026-06-08T16:54:59.895Z,9683.199999999953,"[{""t"":717661.7,""value"":1},{""t"":719095.6000000001,""value"":2}]"
ebc0ee75-4c9d-474a-9b35-89cadfa087be,KT031104,ENUM104,,ha,5,0.3.0-v2,7,false,3,true,22,normal,KT031104-r7-rain,0.44514434402369946,mid,KT031104-r7-price,0.375275439441626,12.29,1,26.29,2026-06-08T16:55:08.491Z,2026-06-08T16:55:15.612Z,7120.800000000047,"[{""t"":730457.6000000001,""value"":1},{""t"":731111.8,""value"":2},{""t"":731897.1000000001,""value"":3}]"
ebc0ee75-4c9d-474a-9b35-89cadfa087be,KT031104,ENUM104,,ha,5,0.3.0-v2,8,false,3,true,22,good,KT031104-r8-rain,0.100097524181114,mid,KT031104-r8-price,0.7392596728349667,18.006,1,28.006,2026-06-08T16:55:21.553Z,2026-06-08T16:55:25.436Z,3882.8000000000466,"[{""t"":743589.8,""value"":1},{""t"":744222.8,""value"":2},{""t"":744813.8999999999,""value"":3}]"
ebc0ee75-4c9d-474a-9b35-89cadfa087be,KT031104,ENUM104,,ha,5,0.3.0-v2,9,false,2,true,23,normal,KT031104-r9-rain,0.4384216753010725,low,KT031104-r9-price,0.8316791517600742,10.96,0.6,24.776,2026-06-08T16:55:30.260Z,2026-06-08T16:55:34.255Z,3994.100000000093,"[{""t"":752589.6000000001,""value"":1},{""t"":753552.7,""value"":2}]"
b0ba213f-58e4-452c-9244-0db22a89b97a,KD030603,ENUM403,,ha,5,0.3.0-v2,practice,true,10,true,15,good,KD030603-rpractice-rain,0.4226711048345371,mid,KD030603-rpractice-price,0.6391799739016809,27.119999999999997,1,30.119999999999997,2026-06-08T17:18:27.080Z,2026-06-08T17:19:49.802Z,82721.19999999925,"[{""t"":980123.0999999978,""value"":1},{""t"":980668.799999997,""value"":2},{""t"":981127.0999999978,""value"":3},{""t"":981412.0999999978,""value"":4},{""t"":981623.5,""value"":5},{""t"":981813.6999999993,""value"":6},{""t"":981992.0999999978,""value"":7},{""t"":982557.6999999993,""value"":8},{""t"":983096.0999999978,""value"":9},{""t"":984065,""value"":10}]"
b0ba213f-58e4-452c-9244-0db22a89b97a,KD030603,ENUM403,,ha,5,0.3.0-v2,0,false,10,true,15,good,KD030603-r0-rain,0.32081659698150694,mid,KD030603-r0-price,0.6879601553899465,27.119999999999997,1,30.119999999999997,2026-06-08T17:20:47.897Z,2026-06-08T17:21:52.279Z,64382.29999999702,"[{""t"":1101963,""value"":1},{""t"":1104086.5,""value"":2},{""t"":1104521.5,""value"":3},{""t"":1104805.6999999993,""value"":4},{""t"":1105042.6999999993,""value"":5},{""t"":1105289,""value"":6},{""t"":1105502.5999999978,""value"":7},{""t"":1105939.299999997,""value"":8},{""t"":1106716.799999997,""value"":9},{""t"":1107303,""value"":10}]"
b0ba213f-58e4-452c-9244-0db22a89b97a,KD030603,ENUM403,,ha,5,0.3.0-v2,1,false,8,true,17,good,KD030603-r1-rain,0.4062115652345644,low,KD030603-r1-price,0.8925267970889,25.216,0.6,24.9296,2026-06-08T17:22:04.152Z,2026-06-08T17:22:11.381Z,7228.5,"[{""t"":1122409.0999999978,""value"":1},{""t"":1123045.5,""value"":2},{""t"":1123473.8999999985,""value"":3},{""t"":1124684.8999999985,""value"":4},{""t"":1124980,""value"":5},{""t"":1125196.3999999985,""value"":6},{""t"":1125500.3999999985,""value"":7},{""t"":1126489.0999999978,""value"":8}]"
b0ba213f-58e4-452c-9244-0db22a89b97a,KD030603,ENUM403,,ha,5,0.3.0-v2,2,false,3,true,22,drought,KD030603-r2-rain,0.7177364690241737,low,KD030603-r2-price,0.9420264660063288,2,0.6,22,2026-06-08T17:23:22.186Z,2026-06-08T17:23:49.470Z,27283.800000000745,"[{""t"":1202414.8999999985,""value"":1},{""t"":1204704.299999997,""value"":0},{""t"":1222605.3999999985,""value"":1},{""t"":1223904.5,""value"":2},{""t"":1224438.3999999985,""value"":3}]"
b0ba213f-58e4-452c-9244-0db22a89b97a,KD030603,ENUM403,,ha,5,0.3.0-v2,3,false,6,true,19,good,KD030603-r3-rain,0.002799203211757295,mid,KD030603-r3-price,0.4669183747917809,22.752,1,29.752,2026-06-08T17:24:14.297Z,2026-06-08T17:24:35.046Z,20748.10000000149,"[{""t"":1266764.5999999978,""value"":1},{""t"":1267380,""value"":2},{""t"":1267745.6999999993,""value"":3},{""t"":1268027.799999997,""value"":4},{""t"":1268851.5999999978,""value"":5},{""t"":1269258.1999999993,""value"":6}]"
b0ba213f-58e4-452c-9244-0db22a89b97a,KD030603,ENUM403,,ha,5,0.3.0-v2,4,false,0,false,25,drought,KD030603-r4-rain,0.9995164072282463,low,KD030603-r4-price,0.9134382742876277,2,0.6,25,2026-06-08T17:24:58.057Z,2026-06-08T17:25:02.216Z,4159.300000000745,[]
b0ba213f-58e4-452c-9244-0db22a89b97a,KD030603,ENUM403,,ha,5,0.3.0-v2,5,false,10,true,15,good,KD030603-r5-rain,0.5794919507734899,low,KD030603-r5-price,0.8480843285696585,27.119999999999997,0.6,24.071999999999996,2026-06-08T17:25:27.402Z,2026-06-08T17:25:38.042Z,10639.89999999851,"[{""t"":1328936.299999997,""value"":1},{""t"":1329573.5999999978,""value"":2},{""t"":1331455.299999997,""value"":3},{""t"":1331677.3999999985,""value"":4},{""t"":1331871.3999999985,""value"":5},{""t"":1332062.5999999978,""value"":6},{""t"":1332237.0999999978,""value"":7},{""t"":1332419,""value"":8},{""t"":1332859.3999999985,""value"":9},{""t"":1333326,""value"":10}]"
b0ba213f-58e4-452c-9244-0db22a89b97a,KD030603,ENUM403,,ha,5,0.3.0-v2,6,false,0,false,25,good,KD030603-r6-rain,0.3704848998962277,low,KD030603-r6-price,0.8268992687590273,12,0.6,25,2026-06-08T17:26:01.588Z,2026-06-08T17:26:09.432Z,7844.10000000149,[]
b0ba213f-58e4-452c-9244-0db22a89b97a,KD030603,ENUM403,,ha,5,0.3.0-v2,7,false,0,false,25,drought,KD030603-r7-rain,0.9857594053466262,low,KD030603-r7-price,0.894096140597923,2,0.6,25,2026-06-08T17:26:25.238Z,2026-06-08T17:26:37.484Z,12245.800000000745,[]
b0ba213f-58e4-452c-9244-0db22a89b97a,KD030603,ENUM403,,ha,5,0.3.0-v2,8,false,5,true,20,good,KD030603-r8-rain,0.2537353032799219,mid,KD030603-r8-price,0.5810743030312595,21.310000000000002,1,29.310000000000002,2026-06-08T17:27:25.906Z,2026-06-08T17:27:32.017Z,6110.89999999851,"[{""t"":1445774,""value"":1},{""t"":1445972,""value"":2},{""t"":1446179.5999999978,""value"":3},{""t"":1446509.3999999985,""value"":4},{""t"":1446958.1999999993,""value"":5}]"
b0ba213f-58e4-452c-9244-0db22a89b97a,KD030603,ENUM403,,ha,5,0.3.0-v2,9,false,0,false,25,drought,KD030603-r9-rain,0.8730606283855534,high,KD030603-r9-price,0.10601930426174835,2,1.6,25,2026-06-08T17:27:57.572Z,2026-06-08T17:28:12.411Z,14838.5,[]
56c1eeb8-11e7-4f21-aaae-313d8724b62d,KD030605,ENUM301,,ha,5,0.3.0-v2,practice,true,5,true,20,good,KD030605-rpractice-rain,0.1880069107998855,low,KD030605-rpractice-price,0.7492776764038087,21.310000000000002,0.6,25.586000000000002,2026-06-08T17:35:51.886Z,2026-06-08T17:36:03.993Z,12106.199999999255,"[{""t"":138661.59999999776,""value"":1},{""t"":138856.8999999985,""value"":2},{""t"":139035.30000000075,""value"":3},{""t"":139231.19999999925,""value"":4},{""t"":139410.30000000075,""value"":5}]"
56c1eeb8-11e7-4f21-aaae-313d8724b62d,KD030605,ENUM301,,ha,5,0.3.0-v2,0,false,3,true,22,good,KD030605-r0-rain,0.538142862116206,mid,KD030605-r0-price,0.3462973062286214,18.006,1,28.006,2026-06-08T17:36:22.691Z,2026-06-08T17:36:26.747Z,4055.89999999851,"[{""t"":161910,""value"":1},{""t"":162461.80000000075,""value"":2},{""t"":162706.3999999985,""value"":3}]"
56c1eeb8-11e7-4f21-aaae-313d8724b62d,KD030605,ENUM301,,ha,5,0.3.0-v2,1,false,5,true,20,drought,KD030605-r1-rain,0.8815628697765218,mid,KD030605-r1-price,0.5980250713794174,2,1,20,2026-06-08T17:36:31.948Z,2026-06-08T17:36:36.744Z,4795.20000000298,"[{""t"":172213.80000000075,""value"":1},{""t"":172404.69999999925,""value"":2},{""t"":172590.59999999776,""value"":3},{""t"":172748,""value"":4},{""t"":172877.59999999776,""value"":5}]"
56c1eeb8-11e7-4f21-aaae-313d8724b62d,KD030605,ENUM301,,ha,5,0.3.0-v2,2,false,7,true,18,normal,KD030605-r2-rain,0.49445253835338904,mid,KD030605-r2-price,0.41428378883543027,16.61,1,26.61,2026-06-08T17:37:00.853Z,2026-06-08T17:37:06.221Z,5368.199999999255,"[{""t"":200499.59999999776,""value"":1},{""t"":200708,""value"":2},{""t"":200909.80000000075,""value"":3},{""t"":201148.80000000075,""value"":4},{""t"":201313.8999999985,""value"":5},{""t"":201903.59999999776,""value"":6},{""t"":202557,""value"":7}]"
56c1eeb8-11e7-4f21-aaae-313d8724b62d,KD030605,ENUM301,,ha,5,0.3.0-v2,3,false,2,true,23,good,KD030605-r3-rain,0.151648156652354,high,KD030605-r3-price,0.2608476471735106,16.144,1.6,29.630399999999998,2026-06-08T17:37:22.532Z,2026-06-08T17:37:26.588Z,4056.199999999255,"[{""t"":221307.8999999985,""value"":1},{""t"":221580.59999999776,""value"":2}]"
56c1eeb8-11e7-4f21-aaae-313d8724b62d,KD030605,ENUM301,,ha,5,0.3.0-v2,4,false,1,true,24,normal,KD030605-r4-rain,0.6267636063622143,high,KD030605-r4-price,0.01221677349432162,9.53,1.6,26.448,2026-06-08T17:37:30.384Z,2026-06-08T17:37:36.715Z,6330.699999999255,"[{""t"":232513.80000000075,""value"":1}]"
56c1eeb8-11e7-4f21-aaae-313d8724b62d,KD030605,ENUM301,,ha,5,0.3.0-v2,5,false,4,true,21,good,KD030605-r5-rain,0.09807884994880074,high,KD030605-r5-price,0.3684380251873693,19.728,1.6,33.3648,2026-06-08T17:37:44.241Z,2026-06-08T17:37:47.465Z,3223.800000000745,"[{""t"":243046.09999999776,""value"":1},{""t"":243257.5,""value"":2},{""t"":243524.59999999776,""value"":3},{""t"":243768.5,""value"":4}]"
56c1eeb8-11e7-4f21-aaae-313d8724b62d,KD030605,ENUM301,,ha,5,0.3.0-v2,6,false,6,true,19,good,KD030605-r6-rain,0.10530890063884053,high,KD030605-r6-price,0.15476020183647055,22.752,1.6,36.203199999999995,2026-06-08T17:37:59.734Z,2026-06-08T17:38:04.559Z,4825,"[{""t"":259065.09999999776,""value"":1},{""t"":259240.8999999985,""value"":2},{""t"":259485.19999999925,""value"":3},{""t"":259995.09999999776,""value"":4},{""t"":260221.59999999776,""value"":5},{""t"":260468.59999999776,""value"":6}]"
56c1eeb8-11e7-4f21-aaae-313d8724b62d,KD030605,ENUM301,,ha,5,0.3.0-v2,7,false,8,true,17,drought,KD030605-r7-rain,0.9996582409806807,high,KD030605-r7-price,0.1094277543156312,2,1.6,17,2026-06-08T17:38:18.695Z,2026-06-08T17:38:23.552Z,4857.20000000298,"[{""t"":278222.5,""value"":1},{""t"":278447.09999999776,""value"":2},{""t"":278632,""value"":3},{""t"":278828.09999999776,""value"":4},{""t"":279004.30000000075,""value"":5},{""t"":279147.09999999776,""value"":6},{""t"":279576.8999999985,""value"":7},{""t"":280099.59999999776,""value"":8}]"
56c1eeb8-11e7-4f21-aaae-313d8724b62d,KD030605,ENUM301,,ha,5,0.3.0-v2,8,false,1,true,24,normal,KD030605-r8-rain,0.5508906737603481,low,KD030605-r8-price,0.9727220324871682,9.53,0.6,24.918,2026-06-08T17:38:40.434Z,2026-06-08T17:38:44.967Z,4532,"[{""t"":299828.09999999776,""value"":1}]"
56c1eeb8-11e7-4f21-aaae-313d8724b62d,KD030605,ENUM301,,ha,5,0.3.0-v2,9,false,5,true,20,good,KD030605-r9-rain,0.3840719066787977,low,KD030605-r9-price,0.8804013985581692,21.310000000000002,0.6,25.586000000000002,2026-06-08T17:38:56.744Z,2026-06-08T17:39:00.983Z,4239.10000000149,"[{""t"":315537.19999999925,""value"":1},{""t"":315760.80000000075,""value"":2},{""t"":316008,""value"":3},{""t"":316253.59999999776,""value"":4},{""t"":316663.30000000075,""value"":5}]"
f7566ad0-3219-4564-8f5c-1b6892c58563,KD030605,ENUM105,,ha,5,0.3.0-v2,practice,true,8,true,17,good,KD030605-rpractice-rain,0.1880069107998855,low,KD030605-rpractice-price,0.7492776764038087,25.216,0.6,24.9296,2026-06-08T16:47:56.846Z,2026-06-08T16:51:34.809Z,217962.90000000224,"[{""t"":12369215.099999998,""value"":1},{""t"":12370688.899999999,""value"":2},{""t"":12371612.2,""value"":3},{""t"":12372486,""value"":4},{""t"":12373390.899999999,""value"":5},{""t"":12374362.399999999,""value"":6},{""t"":12375358.7,""value"":7},{""t"":12376289.099999998,""value"":8}]"
f7566ad0-3219-4564-8f5c-1b6892c58563,KD030605,ENUM105,,ha,5,0.3.0-v2,0,false,0,false,25,good,KD030605-r0-rain,0.538142862116206,mid,KD030605-r0-price,0.3462973062286214,12,1,25,2026-06-08T16:52:37.926Z,2026-06-08T16:55:18.167Z,160240.69999999925,[]
f7566ad0-3219-4564-8f5c-1b6892c58563,KD030605,ENUM105,,ha,5,0.3.0-v2,1,false,0,false,25,drought,KD030605-r1-rain,0.8815628697765218,mid,KD030605-r1-price,0.5980250713794174,2,1,25,2026-06-08T16:56:04.063Z,2026-06-08T16:56:09.128Z,5064.800000000745,[]
f7566ad0-3219-4564-8f5c-1b6892c58563,KD030605,ENUM105,,ha,5,0.3.0-v2,2,false,0,false,25,normal,KD030605-r2-rain,0.49445253835338904,mid,KD030605-r2-price,0.41428378883543027,8,1,25,2026-06-08T16:56:45.101Z,2026-06-08T16:56:53.334Z,8233.400000002235,[]
f7566ad0-3219-4564-8f5c-1b6892c58563,KD030605,ENUM105,,ha,5,0.3.0-v2,3,false,0,false,25,good,KD030605-r3-rain,0.151648156652354,high,KD030605-r3-price,0.2608476471735106,12,1.6,25,2026-06-08T16:57:10.877Z,2026-06-08T16:57:20.164Z,9286.699999999255,[]
f7566ad0-3219-4564-8f5c-1b6892c58563,KD030605,ENUM105,,ha,5,0.3.0-v2,4,false,0,false,25,normal,KD030605-r4-rain,0.6267636063622143,high,KD030605-r4-price,0.01221677349432162,8,1.6,25,2026-06-08T16:57:52.513Z,2026-06-08T16:57:57.470Z,4957.199999999255,[]
f7566ad0-3219-4564-8f5c-1b6892c58563,KD030605,ENUM105,,ha,5,0.3.0-v2,5,false,6,true,19,good,KD030605-r5-rain,0.09807884994880074,high,KD030605-r5-price,0.3684380251873693,22.752,1.6,36.203199999999995,2026-06-08T16:58:21.012Z,2026-06-08T16:59:34.655Z,73642.5,"[{""t"":12886070,""value"":1},{""t"":12886795.3,""value"":2},{""t"":12887426.099999998,""value"":3},{""t"":12888086.5,""value"":4},{""t"":12888803.899999999,""value"":5},{""t"":12889485.5,""value"":6}]"
f7566ad0-3219-4564-8f5c-1b6892c58563,KD030605,ENUM105,,ha,5,0.3.0-v2,6,false,0,false,25,good,KD030605-r6-rain,0.10530890063884053,high,KD030605-r6-price,0.15476020183647055,12,1.6,25,2026-06-08T16:59:59.247Z,2026-06-08T17:00:12.079Z,12832.400000002235,[]
f7566ad0-3219-4564-8f5c-1b6892c58563,KD030605,ENUM105,,ha,5,0.3.0-v2,7,false,0,false,25,drought,KD030605-r7-rain,0.9996582409806807,high,KD030605-r7-price,0.1094277543156312,2,1.6,25,2026-06-08T17:00:56.422Z,2026-06-08T17:01:00.149Z,3727.39999999851,[]
f7566ad0-3219-4564-8f5c-1b6892c58563,KD030605,ENUM105,,ha,5,0.3.0-v2,8,false,0,false,25,normal,KD030605-r8-rain,0.5508906737603481,low,KD030605-r8-price,0.9727220324871682,8,0.6,25,2026-06-08T17:01:14.570Z,2026-06-08T17:01:19.512Z,4941.199999999255,[]
f7566ad0-3219-4564-8f5c-1b6892c58563,KD030605,ENUM105,,ha,5,0.3.0-v2,9,false,0,false,25,good,KD030605-r9-rain,0.3840719066787977,low,KD030605-r9-price,0.8804013985581692,12,0.6,25,2026-06-08T17:01:36.394Z,2026-06-08T17:01:40.623Z,4228.89999999851,[]
215e0f60-c403-4520-9675-6c5fc63da6d2,KT031106,ENUM406,,en,5,0.3.0-v2,practice,true,7,true,18,good,KT031106-rpractice-rain,0.6636717102691723,mid,KT031106-rpractice-price,0.33437632093130026,24.054,1,30.054,2026-06-08T16:35:19.909Z,2026-06-08T16:35:26.490Z,6580.400000002235,"[{""t"":115918.69999999925,""value"":1},{""t"":116192.09999999776,""value"":2},{""t"":116420.5,""value"":3},{""t"":116666,""value"":4},{""t"":116895,""value"":5},{""t"":117091.69999999925,""value"":6},{""t"":117650.29999999702,""value"":7}]"
215e0f60-c403-4520-9675-6c5fc63da6d2,KT031106,ENUM406,,en,5,0.3.0-v2,0,false,10,true,15,good,KT031106-r0-rain,0.6159074186967427,mid,KT031106-r0-price,0.387885957320337,27.119999999999997,1,30.119999999999997,2026-06-08T16:35:34.282Z,2026-06-08T16:35:43.693Z,9411.300000000745,"[{""t"":129634.5,""value"":1},{""t"":130794.29999999702,""value"":2},{""t"":131088.79999999702,""value"":3},{""t"":131333.69999999925,""value"":4},{""t"":132382.59999999776,""value"":5},{""t"":132731.09999999776,""value"":6},{""t"":133137.79999999702,""value"":7},{""t"":133494.8999999985,""value"":8},{""t"":133855,""value"":9},{""t"":134805.3999999985,""value"":10}]"
215e0f60-c403-4520-9675-6c5fc63da6d2,KT031106,ENUM406,,en,5,0.3.0-v2,1,false,4,true,21,normal,KT031106-r1-rain,0.743774404921148,mid,KT031106-r1-price,0.2559671366374616,13.52,1,26.52,2026-06-08T16:35:51.649Z,2026-06-08T16:35:57.312Z,5663.400000002235,"[{""t"":145938.09999999776,""value"":1},{""t"":146377.79999999702,""value"":2},{""t"":146868.5,""value"":3},{""t"":148310,""value"":4}]"
215e0f60-c403-4520-9675-6c5fc63da6d2,KT031106,ENUM406,,en,5,0.3.0-v2,2,false,2,true,23,good,KT031106-r2-rain,0.08440787996494661,high,KT031106-r2-price,0.0833540339869174,16.144,1.6,29.630399999999998,2026-06-08T16:36:03.549Z,2026-06-08T16:36:08.050Z,4500.800000000745,"[{""t"":158145.8999999985,""value"":1},{""t"":159324.59999999776,""value"":2}]"
215e0f60-c403-4520-9675-6c5fc63da6d2,KT031106,ENUM406,,en,5,0.3.0-v2,3,false,7,true,18,good,KT031106-r3-rain,0.472159916347987,high,KT031106-r3-price,0.22705103846909724,24.054,1.6,37.2864,2026-06-08T16:36:14.778Z,2026-06-08T16:36:19.018Z,4239.5,"[{""t"":168757.79999999702,""value"":1},{""t"":168997,""value"":2},{""t"":169227.29999999702,""value"":3},{""t"":169471.5,""value"":4},{""t"":169701.69999999925,""value"":5},{""t"":169929.79999999702,""value"":6},{""t"":170193,""value"":7}]"
215e0f60-c403-4520-9675-6c5fc63da6d2,KT031106,ENUM406,,en,5,0.3.0-v2,4,false,5,true,20,normal,KT031106-r4-rain,0.42281842760023647,high,KT031106-r4-price,0.043954055350732206,14.65,1.6,30.64,2026-06-08T16:36:25.189Z,2026-06-08T16:36:29.249Z,4059.60000000149,"[{""t"":179296,""value"":1},{""t"":179573.5,""value"":2},{""t"":179818.59999999776,""value"":3},{""t"":180031.79999999702,""value"":4},{""t"":180276.09999999776,""value"":5}]"
215e0f60-c403-4520-9675-6c5fc63da6d2,KT031106,ENUM406,,en,5,0.3.0-v2,5,false,8,true,17,good,KT031106-r5-rain,0.5323139232802222,low,KT031106-r5-price,0.9964691290193562,25.216,0.6,24.9296,2026-06-08T16:36:35.682Z,2026-06-08T16:36:40.233Z,4550.5,"[{""t"":189792,""value"":1},{""t"":190047.5,""value"":2},{""t"":190276.79999999702,""value"":3},{""t"":190475.3999999985,""value"":4},{""t"":190703.59999999776,""value"":5},{""t"":190932.8999999985,""value"":6},{""t"":191160.3999999985,""value"":7},{""t"":191357.3999999985,""value"":8}]"
215e0f60-c403-4520-9675-6c5fc63da6d2,KT031106,ENUM406,,en,5,0.3.0-v2,6,false,6,true,19,normal,KT031106-r6-rain,0.7365673181379496,low,KT031106-r6-price,0.7903928743704809,15.68,0.6,23.608,2026-06-08T16:36:45.357Z,2026-06-08T16:36:53.703Z,8346.10000000149,"[{""t"":203393.69999999925,""value"":1},{""t"":203617.79999999702,""value"":2},{""t"":203831.19999999925,""value"":3},{""t"":204077.29999999702,""value"":4},{""t"":204243.29999999702,""value"":5},{""t"":204427.19999999925,""value"":6}]"
215e0f60-c403-4520-9675-6c5fc63da6d2,KT031106,ENUM406,,en,5,0.3.0-v2,7,false,3,true,22,good,KT031106-r7-rain,0.09454947482548223,high,KT031106-r7-price,0.09857847469330426,18.006,1.6,31.6096,2026-06-08T16:36:58.272Z,2026-06-08T16:37:05.621Z,7348.699999999255,"[{""t"":212790.5,""value"":1},{""t"":213685.19999999925,""value"":2},{""t"":214357.79999999702,""value"":3},{""t"":214719.09999999776,""value"":4},{""t"":215050.69999999925,""value"":5},{""t"":216489.8999999985,""value"":4},{""t"":216716.09999999776,""value"":3}]"
215e0f60-c403-4520-9675-6c5fc63da6d2,KT031106,ENUM406,,en,5,0.3.0-v2,8,false,6,true,19,normal,KT031106-r8-rain,0.6022743215012102,high,KT031106-r8-price,0.09985434207570365,15.68,1.6,31.288,2026-06-08T16:37:11.350Z,2026-06-08T16:37:15.836Z,4485.699999999255,"[{""t"":225215.09999999776,""value"":1},{""t"":225458.19999999925,""value"":2},{""t"":225733.79999999702,""value"":3},{""t"":225993.79999999702,""value"":4},{""t"":226259,""value"":5},{""t"":226518.29999999702,""value"":6}]"
215e0f60-c403-4520-9675-6c5fc63da6d2,KT031106,ENUM406,,en,5,0.3.0-v2,9,false,4,true,21,good,KT031106-r9-rain,0.3925043765276035,low,KT031106-r9-price,0.6281663792975389,19.728,0.6,25.6368,2026-06-08T16:37:24.102Z,2026-06-08T16:37:31.272Z,7169.599999997765,"[{""t"":238752.29999999702,""value"":1},{""t"":240272.09999999776,""value"":2},{""t"":240484.8999999985,""value"":3},{""t"":240710.5,""value"":4},{""t"":240908.5,""value"":5},{""t"":242665.29999999702,""value"":4}]"
028057a7-e803-4954-84c9-68a82291232c,07,ENUM107,,ha,5,0.3.0-v2,practice,true,8,true,17,good,07-rpractice-rain,0.04601444847156024,high,07-rpractice-price,0.05837509226373218,25.216,1.6,38.1456,2026-06-08T16:38:10.345Z,2026-06-08T16:38:45.960Z,35615.39999999851,"[{""t"":96291.30000000075,""value"":1},{""t"":97086.10000000149,""value"":2},{""t"":97447.30000000075,""value"":3},{""t"":97805,""value"":4},{""t"":98149.30000000075,""value"":5},{""t"":98738.80000000075,""value"":6},{""t"":100734.5,""value"":7},{""t"":101912.60000000149,""value"":8},{""t"":103042,""value"":9},{""t"":105512.5,""value"":10},{""t"":112093.30000000075,""value"":9},{""t"":113060.40000000224,""value"":8}]"
028057a7-e803-4954-84c9-68a82291232c,07,ENUM107,,ha,5,0.3.0-v2,0,false,8,true,17,good,07-r0-rain,0.29136256376232955,mid,07-r0-price,0.6462777476680301,25.216,1,30.216,2026-06-08T16:39:17.500Z,2026-06-08T16:39:52.812Z,35311.800000000745,"[{""t"":169504.90000000224,""value"":1},{""t"":171123.30000000075,""value"":2},{""t"":171466.40000000224,""value"":3},{""t"":171762.5,""value"":4},{""t"":172004.19999999925,""value"":5},{""t"":172366.6000000015,""value"":6},{""t"":172875.30000000075,""value"":7},{""t"":173315.80000000075,""value"":8}]"
028057a7-e803-4954-84c9-68a82291232c,07,ENUM107,,ha,5,0.3.0-v2,1,false,7,true,18,good,07-r1-rain,0.14858344003062068,mid,07-r1-price,0.5883370585607429,24.054,1,30.054,2026-06-08T16:40:13.959Z,2026-06-08T16:40:36.369Z,22410.20000000298,"[{""t"":220313.40000000224,""value"":1},{""t"":221376.90000000224,""value"":2},{""t"":221936.1000000015,""value"":3},{""t"":222178.40000000224,""value"":4},{""t"":222504.80000000075,""value"":5},{""t"":223160.30000000075,""value"":6},{""t"":223799.80000000075,""value"":7}]"
028057a7-e803-4954-84c9-68a82291232c,07,ENUM107,,ha,5,0.3.0-v2,2,false,6,true,19,good,07-r2-rain,0.23725019494654553,low,07-r2-price,0.8667071846162776,22.752,0.6,25.4512,2026-06-08T16:40:47.500Z,2026-06-08T16:41:11.925Z,24424.10000000149,"[{""t"":257242,""value"":1},{""t"":257503.6000000015,""value"":2},{""t"":257780.90000000224,""value"":3},{""t"":258340.80000000075,""value"":4},{""t"":258730.40000000224,""value"":5},{""t"":259417.90000000224,""value"":6}]"
028057a7-e803-4954-84c9-68a82291232c,07,ENUM107,,ha,5,0.3.0-v2,3,false,9,true,16,good,07-r3-rain,0.4717185380661496,mid,07-r3-price,0.4318044556834964,26.238,1,30.238,2026-06-08T16:41:35.806Z,2026-06-08T16:42:08.008Z,32202,"[{""t"":308886.90000000224,""value"":1},{""t"":309524.40000000224,""value"":2},{""t"":310033.40000000224,""value"":3},{""t"":312471.1000000015,""value"":4},{""t"":313076.69999999925,""value"":5},{""t"":314304.19999999925,""value"":6},{""t"":314826.90000000224,""value"":7},{""t"":315352.1000000015,""value"":8},{""t"":315793,""value"":9}]"
028057a7-e803-4954-84c9-68a82291232c,07,ENUM107,,ha,5,0.3.0-v2,4,false,5,true,20,good,07-r4-rain,0.29172088540379304,low,07-r4-price,0.9224436457118538,21.310000000000002,0.6,25.586000000000002,2026-06-08T16:42:17.105Z,2026-06-08T16:42:42.987Z,25881.699999999255,"[{""t"":349612.69999999925,""value"":1},{""t"":349923.5,""value"":2},{""t"":350185.1000000015,""value"":3},{""t"":350528.40000000224,""value"":4},{""t"":351052,""value"":5}]"
028057a7-e803-4954-84c9-68a82291232c,07,ENUM107,,ha,5,0.3.0-v2,5,false,10,true,15,good,07-r5-rain,0.7131914122122582,high,07-r5-price,0.20766506410377342,27.119999999999997,1.6,39.19199999999999,2026-06-08T16:42:58.737Z,2026-06-08T16:43:28.807Z,30069.699999999255,"[{""t"":393499.30000000075,""value"":1},{""t"":393794.30000000075,""value"":2},{""t"":394271.19999999925,""value"":3},{""t"":394496.80000000075,""value"":4},{""t"":394708.40000000224,""value"":5},{""t"":394955.40000000224,""value"":6},{""t"":395233.69999999925,""value"":7},{""t"":395593.90000000224,""value"":8},{""t"":396052.5,""value"":9},{""t"":396641.69999999925,""value"":10}]"
028057a7-e803-4954-84c9-68a82291232c,07,ENUM107,,ha,5,0.3.0-v2,6,false,4,true,21,good,07-r6-rain,0.5893258828964828,low,07-r6-price,0.9264169246892473,19.728,0.6,25.6368,2026-06-08T16:43:45.370Z,2026-06-08T16:44:26.814Z,41444.599999997765,"[{""t"":437244.30000000075,""value"":1},{""t"":453605.40000000224,""value"":2},{""t"":453982.40000000224,""value"":3},{""t"":454591.6000000015,""value"":4}]"
028057a7-e803-4954-84c9-68a82291232c,07,ENUM107,,ha,5,0.3.0-v2,7,false,3,true,22,drought,07-r7-rain,0.9743897404002614,mid,07-r7-price,0.4418054798439125,2,1,22,2026-06-08T16:45:00.282Z,2026-06-08T16:45:07.399Z,7117,"[{""t"":493811.1000000015,""value"":1},{""t"":494433.90000000224,""value"":2},{""t"":494823.69999999925,""value"":3}]"
028057a7-e803-4954-84c9-68a82291232c,07,ENUM107,,ha,5,0.3.0-v2,8,false,9,true,16,drought,07-r8-rain,0.9041623458899054,mid,07-r8-price,0.7982835621646807,2,1,16,2026-06-08T16:45:23.223Z,2026-06-08T16:45:57.321Z,34097.5,"[{""t"":540659.1000000015,""value"":1},{""t"":540957.5,""value"":2},{""t"":541950.9000000022,""value"":3},{""t"":542623.9000000022,""value"":4},{""t"":542867.6999999993,""value"":5},{""t"":543194.6000000015,""value"":6},{""t"":543948.4000000022,""value"":7},{""t"":544406.1000000015,""value"":8},{""t"":544864.8000000007,""value"":9}]"
028057a7-e803-4954-84c9-68a82291232c,07,ENUM107,,ha,5,0.3.0-v2,9,false,5,true,20,drought,07-r9-rain,0.864288402359861,mid,07-r9-price,0.41338297471627206,2,1,20,2026-06-08T16:46:10.367Z,2026-06-08T16:46:41.750Z,31383.199999999255,"[{""t"":587540.6999999993,""value"":1},{""t"":588212.4000000022,""value"":2},{""t"":588643.3000000007,""value"":3},{""t"":589178.8000000007,""value"":4},{""t"":589666.5,""value"":5}]"
2836e977-6f76-400c-b2cf-9ab4f7873cf8,KN011204,ENUM303,,ha,5,0.3.0-v2,practice,true,10,true,15,good,KN011204-rpractice-rain,0.5508864682660863,low,KN011204-rpractice-price,0.71223668980976,27.119999999999997,0.6,24.071999999999996,2026-06-08T09:55:46.950Z,2026-06-08T09:57:20.055Z,93105.5,"[{""t"":5402905.799999997,""value"":1},{""t"":5403095,""value"":2},{""t"":5403292.699999999,""value"":3},{""t"":5403489.799999997,""value"":4},{""t"":5407565.199999999,""value"":5},{""t"":5407775.8999999985,""value"":6},{""t"":5407972.8999999985,""value"":7},{""t"":5408218,""value"":8},{""t"":5408611.599999998,""value"":9},{""t"":5408940.799999997,""value"":10}]"
2836e977-6f76-400c-b2cf-9ab4f7873cf8,KN011204,ENUM303,,ha,5,0.3.0-v2,0,false,3,true,22,drought,KN011204-r0-rain,0.9826276503225493,high,KN011204-r0-price,0.16705211198182485,2,1.6,22,2026-06-08T09:58:11.080Z,2026-06-08T09:58:32.014Z,20934.699999999255,"[{""t"":5480246.099999998,""value"":1},{""t"":5480537.599999998,""value"":2},{""t"":5480835.799999997,""value"":3}]"
2836e977-6f76-400c-b2cf-9ab4f7873cf8,KN011204,ENUM303,,ha,5,0.3.0-v2,1,false,5,true,20,normal,KN011204-r1-rain,0.5524395224549417,mid,KN011204-r1-price,0.5801113588549043,14.65,1,26.65,2026-06-08T09:59:05.672Z,2026-06-08T09:59:15.279Z,9606.60000000149,"[{""t"":5523821.3999999985,""value"":1},{""t"":5524079.3999999985,""value"":2},{""t"":5524325.3999999985,""value"":3},{""t"":5524669.299999997,""value"":4},{""t"":5525095.199999999,""value"":5}]"
2836e977-6f76-400c-b2cf-9ab4f7873cf8,KN011204,ENUM303,,ha,5,0.3.0-v2,2,false,3,true,22,drought,KN011204-r2-rain,0.7951715513994573,mid,KN011204-r2-price,0.4172323772437609,2,1,22,2026-06-08T09:59:48.152Z,2026-06-08T09:59:53.042Z,4889.70000000298,"[{""t"":5561766.299999997,""value"":1},{""t"":5562254.199999999,""value"":2},{""t"":5562711.799999997,""value"":3}]"
2836e977-6f76-400c-b2cf-9ab4f7873cf8,KN011204,ENUM303,,ha,5,0.3.0-v2,3,false,5,true,20,good,KN011204-r3-rain,0.4416967123114459,high,KN011204-r3-price,0.14755056991849272,21.310000000000002,1.6,34.896,2026-06-08T10:00:19.416Z,2026-06-08T10:00:24.602Z,5186.099999997765,"[{""t"":5593324.799999997,""value"":1},{""t"":5593533.5,""value"":2},{""t"":5593746.8999999985,""value"":3},{""t"":5594008.599999998,""value"":4},{""t"":5594403.699999999,""value"":5}]"
2836e977-6f76-400c-b2cf-9ab4f7873cf8,KN011204,ENUM303,,ha,5,0.3.0-v2,4,false,2,true,23,good,KN011204-r4-rain,0.11925697238857666,low,KN011204-r4-price,0.898964469732584,16.144,0.6,25.4864,2026-06-08T10:00:59.028Z,2026-06-08T10:01:06.114Z,7086.199999999255,"[{""t"":5635541.199999999,""value"":1},{""t"":5635883.699999999,""value"":2}]"
2836e977-6f76-400c-b2cf-9ab4f7873cf8,KN011204,ENUM303,,ha,5,0.3.0-v2,5,false,6,true,19,good,KN011204-r5-rain,0.58144351374505,high,KN011204-r5-price,0.25368919084504593,22.752,1.6,36.203199999999995,2026-06-08T10:01:37.873Z,2026-06-08T10:01:43.551Z,5678.300000000745,"[{""t"":5669850.699999999,""value"":1},{""t"":5670126.099999998,""value"":2},{""t"":5670371.799999997,""value"":3},{""t"":5670600.3999999985,""value"":4},{""t"":5670961.3999999985,""value"":5},{""t"":5672222.799999997,""value"":6}]"
2836e977-6f76-400c-b2cf-9ab4f7873cf8,KN011204,ENUM303,,ha,5,0.3.0-v2,6,false,5,true,20,drought,KN011204-r6-rain,0.9227767015729411,high,KN011204-r6-price,0.12806964186888267,2,1.6,20,2026-06-08T10:02:06.487Z,2026-06-08T10:02:09.726Z,3239.400000002235,"[{""t"":5698349.8999999985,""value"":1},{""t"":5698608.299999997,""value"":2},{""t"":5698838.099999998,""value"":3},{""t"":5699098.8999999985,""value"":4},{""t"":5699591.699999999,""value"":5}]"
2836e977-6f76-400c-b2cf-9ab4f7873cf8,KN011204,ENUM303,,ha,5,0.3.0-v2,7,false,3,true,22,drought,KN011204-r7-rain,0.7033762120890416,low,KN011204-r7-price,0.9497810121862199,2,0.6,22,2026-06-08T10:02:33.430Z,2026-06-08T10:02:37.290Z,3860,"[{""t"":5725489.8999999985,""value"":1},{""t"":5725797.099999998,""value"":2},{""t"":5726223.8999999985,""value"":3}]"
2836e977-6f76-400c-b2cf-9ab4f7873cf8,KN011204,ENUM303,,ha,5,0.3.0-v2,8,false,2,true,23,good,KN011204-r8-rain,0.2955468590183616,mid,KN011204-r8-price,0.5067245599102379,16.144,1,27.144,2026-06-08T10:02:57.739Z,2026-06-08T10:02:59.865Z,2126.699999999255,"[{""t"":5749502.799999997,""value"":1},{""t"":5749796.199999999,""value"":2}]"
2836e977-6f76-400c-b2cf-9ab4f7873cf8,KN011204,ENUM303,,ha,5,0.3.0-v2,9,false,4,true,21,good,KN011204-r9-rain,0.18638523766622017,mid,KN011204-r9-price,0.5869304904176467,19.728,1,28.728,2026-06-08T10:03:19.330Z,2026-06-08T10:03:22.487Z,3157.199999999255,"[{""t"":5771259,""value"":1},{""t"":5771571.5,""value"":2},{""t"":5771828.3999999985,""value"":3},{""t"":5772254.5,""value"":4}]"
3870c838-90fa-4638-bad8-eea4f251fcf6,KNO10104,ENUM303,,en,5,0.3.0-v2,practice,true,2,true,23,good,KNO10104-rpractice-rain,0.6910372732877778,high,KNO10104-rpractice-price,0.07521027453817511,16.144,1.6,29.630399999999998,2026-06-08T18:34:05.977Z,2026-06-08T18:34:08.481Z,2503.39999999851,"[{""t"":21541159.699999996,""value"":1},{""t"":21541713.4,""value"":2}]"
3870c838-90fa-4638-bad8-eea4f251fcf6,KNO10104,ENUM303,,en,5,0.3.0-v2,0,false,5,true,20,good,KNO10104-r0-rain,0.1275459419814498,low,KNO10104-r0-price,0.8152337490946363,21.310000000000002,0.6,25.586000000000002,2026-06-08T18:34:13.049Z,2026-06-08T18:34:15.388Z,2338.3000000044703,"[{""t"":21548214.5,""value"":1},{""t"":21548392,""value"":2},{""t"":21548554.799999997,""value"":3},{""t"":21548698.5,""value"":4},{""t"":21548829.4,""value"":5}]"
3870c838-90fa-4638-bad8-eea4f251fcf6,KNO10104,ENUM303,,en,5,0.3.0-v2,1,false,2,true,23,normal,KNO10104-r1-rain,0.7152612537610389,low,KNO10104-r1-price,0.8167269450585846,10.96,0.6,24.776,2026-06-08T18:34:18.533Z,2026-06-08T18:34:20.740Z,2207.2000000029802,"[{""t"":21553780,""value"":1},{""t"":21553956.1,""value"":2}]"
3870c838-90fa-4638-bad8-eea4f251fcf6,KNO10104,ENUM303,,en,5,0.3.0-v2,2,false,3,true,22,good,KNO10104-r2-rain,0.009941909612601975,high,KNO10104-r2-price,0.06732660236905014,18.006,1.6,31.6096,2026-06-08T18:34:26.538Z,2026-06-08T18:34:30.120Z,3582.8000000044703,"[{""t"":21562370.799999997,""value"":1},{""t"":21562661.4,""value"":2},{""t"":21563550,""value"":3}]"
3870c838-90fa-4638-bad8-eea4f251fcf6,KNO10104,ENUM303,,en,5,0.3.0-v2,3,false,3,true,22,normal,KNO10104-r3-rain,0.8073639986315494,low,KNO10104-r3-price,0.8897948558114944,12.29,0.6,24.573999999999998,2026-06-08T18:34:33.085Z,2026-06-08T18:34:37.032Z,3946.60000000149,"[{""t"":21569838.9,""value"":1},{""t"":21570029.799999997,""value"":2},{""t"":21570213,""value"":3}]"
3870c838-90fa-4638-bad8-eea4f251fcf6,KNO10104,ENUM303,,en,5,0.3.0-v2,4,false,3,true,22,good,KNO10104-r4-rain,0.25600104925139644,high,KNO10104-r4-price,0.0019288958467724695,18.006,1.6,31.6096,2026-06-08T18:34:51.174Z,2026-06-08T18:34:53.856Z,2681.39999999851,"[{""t"":21586568.199999996,""value"":1},{""t"":21586745.299999997,""value"":2},{""t"":21586908.199999996,""value"":3}]"
3870c838-90fa-4638-bad8-eea4f251fcf6,KNO10104,ENUM303,,en,5,0.3.0-v2,5,false,4,true,21,good,KNO10104-r5-rain,0.12015200634437545,high,KNO10104-r5-price,0.281768991676857,19.728,1.6,33.3648,2026-06-08T18:34:57.393Z,2026-06-08T18:34:59.765Z,2372.2999999970198,"[{""t"":21592443.799999997,""value"":1},{""t"":21592620.699999996,""value"":2},{""t"":21592802.1,""value"":3},{""t"":21592981.4,""value"":4}]"
3870c838-90fa-4638-bad8-eea4f251fcf6,KNO10104,ENUM303,,en,5,0.3.0-v2,6,false,4,true,21,good,KNO10104-r6-rain,0.5274857359979952,mid,KNO10104-r6-price,0.2522170291775619,19.728,1,28.728,2026-06-08T18:35:03.123Z,2026-06-08T18:35:06.038Z,2914.89999999851,"[{""t"":21598238.5,""value"":1},{""t"":21598430.5,""value"":2},{""t"":21598741,""value"":3},{""t"":21599415.6,""value"":4}]"
3870c838-90fa-4638-bad8-eea4f251fcf6,KNO10104,ENUM303,,en,5,0.3.0-v2,7,false,3,true,22,good,KNO10104-r7-rain,0.06546440344510007,low,KNO10104-r7-price,0.7152707815804404,18.006,0.6,25.6036,2026-06-08T18:35:08.999Z,2026-06-08T18:35:11.387Z,2388.60000000149,"[{""t"":21604114.4,""value"":1},{""t"":21604323.699999996,""value"":2},{""t"":21604649.6,""value"":3}]"
3870c838-90fa-4638-bad8-eea4f251fcf6,KNO10104,ENUM303,,en,5,0.3.0-v2,8,false,4,true,21,good,KNO10104-r8-rain,0.22138898765652815,low,KNO10104-r8-price,0.8974472142332807,19.728,0.6,25.6368,2026-06-08T18:35:14.597Z,2026-06-08T18:35:17.558Z,2961.10000000149,"[{""t"":21609630.9,""value"":1},{""t"":21609807.4,""value"":2},{""t"":21610101.199999996,""value"":3},{""t"":21610909.199999996,""value"":4}]"
3870c838-90fa-4638-bad8-eea4f251fcf6,KNO10104,ENUM303,,en,5,0.3.0-v2,9,false,3,true,22,drought,KNO10104-r9-rain,0.6767424841719453,low,KNO10104-r9-price,0.8915230851714299,2,0.6,22,2026-06-08T18:35:20.686Z,2026-06-08T18:35:22.747Z,2060.89999999851,"[{""t"":21615802.4,""value"":1},{""t"":21615995.699999996,""value"":2},{""t"":21616177.799999997,""value"":3}]"
96663f9f-d9d7-496e-a1c7-54b3d288ce08,205,402,,en,5,0.3.0-v2,practice,true,5,true,20,good,205-rpractice-rain,0.1983110136486553,high,205-rpractice-price,0.05003375222304013,21.310000000000002,1.6,34.896,2026-06-08T09:09:36.190Z,2026-06-08T09:11:12.316Z,96126.5,"[{""t"":4595096.8999999985,""value"":1},{""t"":4595272.6000000015,""value"":2},{""t"":4595456.299999997,""value"":3},{""t"":4595564.700000003,""value"":4},{""t"":4595845.700000003,""value"":5},{""t"":4596111.5,""value"":4},{""t"":4596287.5,""value"":3},{""t"":4596431.6000000015,""value"":2},{""t"":4596578.6000000015,""value"":1},{""t"":4596693.5,""value"":0},{""t"":4641197.200000003,""value"":1},{""t"":4641406.299999997,""value"":2},{""t"":4641533.8999999985,""value"":3},{""t"":4641702.5,""value"":4},{""t"":4641812.5,""value"":5}]"
96663f9f-d9d7-496e-a1c7-54b3d288ce08,205,402,,en,5,0.3.0-v2,0,false,6,true,19,good,205-r0-rain,0.6916470941765266,mid,205-r0-price,0.49502807049566366,22.752,1,29.752,2026-06-08T09:11:40.028Z,2026-06-08T09:12:44.124Z,64096.10000000149,"[{""t"":4734461.6000000015,""value"":1},{""t"":4734638.6000000015,""value"":2},{""t"":4734765.1000000015,""value"":3},{""t"":4734897.1000000015,""value"":4},{""t"":4735065.6000000015,""value"":5},{""t"":4735750.5,""value"":6}]"
96663f9f-d9d7-496e-a1c7-54b3d288ce08,205,402,,en,5,0.3.0-v2,1,false,4,true,21,good,205-r1-rain,0.003390793224593754,mid,205-r1-price,0.31664598461305093,19.728,1,28.728,2026-06-08T09:13:08.859Z,2026-06-08T09:13:13.735Z,4875.70000000298,"[{""t"":4765298.299999997,""value"":1},{""t"":4765490.799999997,""value"":2},{""t"":4765619.5,""value"":3},{""t"":4765788.299999997,""value"":4}]"
96663f9f-d9d7-496e-a1c7-54b3d288ce08,205,402,,en,5,0.3.0-v2,2,false,3,true,22,good,205-r2-rain,0.14427846377976275,mid,205-r2-price,0.43756344583903595,18.006,1,28.006,2026-06-08T09:13:55.189Z,2026-06-08T09:14:00.539Z,5349.39999999851,"[{""t"":4814163.1000000015,""value"":1},{""t"":4814341.8999999985,""value"":2},{""t"":4814468.200000003,""value"":3}]"
96663f9f-d9d7-496e-a1c7-54b3d288ce08,205,402,,en,5,0.3.0-v2,3,false,5,true,20,good,205-r3-rain,0.16827913471777114,low,205-r3-price,0.9698181774224092,21.310000000000002,0.6,25.586000000000002,2026-06-08T09:14:10.583Z,2026-06-08T09:14:28.496Z,17912.89999999851,"[{""t"":4841712.8999999985,""value"":1},{""t"":4841876.3999999985,""value"":2},{""t"":4842037.799999997,""value"":3},{""t"":4842329.799999997,""value"":4},{""t"":4842690.700000003,""value"":5}]"
96663f9f-d9d7-496e-a1c7-54b3d288ce08,205,402,,en,5,0.3.0-v2,4,false,3,true,22,normal,205-r4-rain,0.4361596905000734,high,205-r4-price,0.07481899366709602,12.29,1.6,28.863999999999997,2026-06-08T09:14:38.917Z,2026-06-08T09:15:09.623Z,30705.60000000149,"[{""t"":4880058.700000003,""value"":1},{""t"":4881398.200000003,""value"":2},{""t"":4881840.3999999985,""value"":3}]"
96663f9f-d9d7-496e-a1c7-54b3d288ce08,205,402,,en,5,0.3.0-v2,5,false,5,true,20,good,205-r5-rain,0.26485396595490707,low,205-r5-price,0.8604225064398472,21.310000000000002,0.6,25.586000000000002,2026-06-08T09:15:17.902Z,2026-06-08T09:15:26.588Z,8685.89999999851,"[{""t"":4897399.799999997,""value"":1},{""t"":4897674.3999999985,""value"":2},{""t"":4898100.6000000015,""value"":3},{""t"":4898558.700000003,""value"":4},{""t"":4899278.3999999985,""value"":5}]"
96663f9f-d9d7-496e-a1c7-54b3d288ce08,205,402,,en,5,0.3.0-v2,6,false,3,true,22,good,205-r6-rain,0.26242963010616954,low,205-r6-price,0.9048033456300982,18.006,0.6,25.6036,2026-06-08T09:15:35.832Z,2026-06-08T09:15:47.969Z,12137.5,"[{""t"":4913890.3999999985,""value"":1},{""t"":4914270.200000003,""value"":2},{""t"":4914967.799999997,""value"":3}]"
96663f9f-d9d7-496e-a1c7-54b3d288ce08,205,402,,en,5,0.3.0-v2,7,false,4,true,21,normal,205-r7-rain,0.5530914947395267,high,205-r7-price,0.16494512406391582,13.52,1.6,29.832,2026-06-08T09:15:53.253Z,2026-06-08T09:16:11.383Z,18130,"[{""t"":4930036.1000000015,""value"":1},{""t"":4931359.6000000015,""value"":2},{""t"":4940291.8999999985,""value"":3},{""t"":4944987.299999997,""value"":4}]"
96663f9f-d9d7-496e-a1c7-54b3d288ce08,205,402,,en,5,0.3.0-v2,8,false,3,true,22,good,205-r8-rain,0.005185412663110252,high,205-r8-price,0.25526757769350744,18.006,1.6,31.6096,2026-06-08T09:16:17.465Z,2026-06-08T09:16:21.784Z,4318.9000000059605,"[{""t"":4954494.1000000015,""value"":1},{""t"":4955014.799999997,""value"":2},{""t"":4955685.1000000015,""value"":3}]"
96663f9f-d9d7-496e-a1c7-54b3d288ce08,205,402,,en,5,0.3.0-v2,9,false,3,true,22,drought,205-r9-rain,0.6743879602188257,high,205-r9-price,0.11559252898103103,2,1.6,22,2026-06-08T09:16:26.937Z,2026-06-08T09:16:32.042Z,5104.89999999851,"[{""t"":4963888.799999997,""value"":1},{""t"":4964206.5,""value"":2},{""t"":4965484.8999999985,""value"":3}]"
3c980d64-3286-48d6-967d-4f9b62f6af4b,05,202,,en,5,0.3.0-v2,practice,true,8,true,17,good,05-rpractice-rain,0.017834358188269412,mid,05-rpractice-price,0.21915076422442994,25.216,1,30.216,2026-06-08T18:02:33.959Z,2026-06-08T18:03:22.137Z,48178.10000000149,"[{""t"":209371.69999999553,""value"":1},{""t"":209533.3999999985,""value"":2},{""t"":209675.5,""value"":3},{""t"":209807.29999999702,""value"":4},{""t"":209922.1000000015,""value"":5},{""t"":210037.1000000015,""value"":6},{""t"":210203.5,""value"":7},{""t"":210397.29999999702,""value"":8},{""t"":210532.79999999702,""value"":9},{""t"":210642.79999999702,""value"":10},{""t"":212594.69999999553,""value"":9},{""t"":213016.79999999702,""value"":8},{""t"":213195.79999999702,""value"":7},{""t"":213306.79999999702,""value"":6},{""t"":213660.69999999553,""value"":7},{""t"":213833.8999999985,""value"":8},{""t"":213961.19999999553,""value"":9},{""t"":214109.8999999985,""value"":10},{""t"":215179.6000000015,""value"":9},{""t"":215370.69999999553,""value"":8},{""t"":215556.29999999702,""value"":7},{""t"":215663.5,""value"":6},{""t"":216011.79999999702,""value"":5},{""t"":216189.3999999985,""value"":4},{""t"":216540.19999999553,""value"":3},{""t"":216677.5,""value"":2},{""t"":216824.5,""value"":1},{""t"":216957,""value"":0},{""t"":222754.29999999702,""value"":1},{""t"":222963.69999999553,""value"":2},{""t"":223107.69999999553,""value"":3},{""t"":223254.6000000015,""value"":4},{""t"":223402.29999999702,""value"":5},{""t"":223533,""value"":6},{""t"":223895.3999999985,""value"":7},{""t"":224228.69999999553,""value"":8}]"
3c980d64-3286-48d6-967d-4f9b62f6af4b,05,202,,en,5,0.3.0-v2,0,false,8,true,17,good,05-r0-rain,0.495143499032446,high,05-r0-price,0.1708621280670648,25.216,1.6,38.1456,2026-06-08T18:03:30.136Z,2026-06-08T18:03:39.280Z,9143.79999999702,"[{""t"":239965.79999999702,""value"":1},{""t"":240237.19999999553,""value"":2},{""t"":240434.1000000015,""value"":3},{""t"":240562.19999999553,""value"":4},{""t"":240747.6000000015,""value"":5},{""t"":240873.5,""value"":6},{""t"":241136.3999999985,""value"":7},{""t"":241677.79999999702,""value"":8}]"
3c980d64-3286-48d6-967d-4f9b62f6af4b,05,202,,en,5,0.3.0-v2,1,false,10,true,15,normal,05-r1-rain,0.7785123248736896,mid,05-r1-price,0.1491831382334627,18.8,1,25.8,2026-06-08T18:03:52.874Z,2026-06-08T18:04:01.008Z,8134.20000000298,"[{""t"":261198,""value"":1},{""t"":261390.3999999985,""value"":2},{""t"":261556.79999999702,""value"":3},{""t"":261719.19999999553,""value"":4},{""t"":261845.3999999985,""value"":5},{""t"":261993.29999999702,""value"":6},{""t"":262139.6000000015,""value"":7},{""t"":262503.19999999553,""value"":8},{""t"":262714.19999999553,""value"":9},{""t"":262977.3999999985,""value"":10}]"
3c980d64-3286-48d6-967d-4f9b62f6af4b,05,202,,en,5,0.3.0-v2,2,false,7,true,18,normal,05-r2-rain,0.5106825718684447,low,05-r2-price,0.9498516770993383,16.61,0.6,23.166,2026-06-08T18:04:11.164Z,2026-06-08T18:04:23.972Z,12808.19999999553,"[{""t"":284954,""value"":1},{""t"":285158.5,""value"":2},{""t"":285344.8999999985,""value"":3},{""t"":285469.3999999985,""value"":4},{""t"":285699.5,""value"":5},{""t"":285864.69999999553,""value"":6},{""t"":286225.799999997,""value"":7}]"
3c980d64-3286-48d6-967d-4f9b62f6af4b,05,202,,en,5,0.3.0-v2,3,false,10,true,15,good,05-r3-rain,0.03799865448662594,mid,05-r3-price,0.5297112092008484,27.119999999999997,1,30.119999999999997,2026-06-08T18:04:29.469Z,2026-06-08T18:04:48.283Z,18813.60000000149,"[{""t"":308705.1000000015,""value"":1},{""t"":308883.299999997,""value"":2},{""t"":309046.799999997,""value"":3},{""t"":309190.299999997,""value"":4},{""t"":309337.8999999985,""value"":5},{""t"":309485.299999997,""value"":6},{""t"":309598.69999999553,""value"":7},{""t"":309994.799999997,""value"":8},{""t"":310255.799999997,""value"":9},{""t"":310421.8999999985,""value"":10}]"
3c980d64-3286-48d6-967d-4f9b62f6af4b,05,202,,en,5,0.3.0-v2,4,false,7,true,18,normal,05-r4-rain,0.6721869065631219,mid,05-r4-price,0.16720254521200983,16.61,1,26.61,2026-06-08T18:04:52.863Z,2026-06-08T18:05:09.059Z,16195.29999999702,"[{""t"":327289.8999999985,""value"":1},{""t"":327466.299999997,""value"":2},{""t"":327577.8999999985,""value"":3},{""t"":327725.5,""value"":4},{""t"":327891.69999999553,""value"":5},{""t"":328237.69999999553,""value"":6},{""t"":328611.299999997,""value"":7},{""t"":328970.3999999985,""value"":8},{""t"":331428,""value"":7}]"
3c980d64-3286-48d6-967d-4f9b62f6af4b,05,202,,en,5,0.3.0-v2,5,false,6,true,19,good,05-r5-rain,0.376837053325795,mid,05-r5-price,0.5699143715206584,22.752,1,29.752,2026-06-08T18:05:13.230Z,2026-06-08T18:05:29.313Z,16083,"[{""t"":343795.299999997,""value"":1},{""t"":344004.5,""value"":2},{""t"":344149.5,""value"":3},{""t"":344297.8999999985,""value"":4},{""t"":344410.6000000015,""value"":5},{""t"":344558.19999999553,""value"":6},{""t"":344821.299999997,""value"":7},{""t"":345067.1000000015,""value"":8},{""t"":345296.799999997,""value"":9},{""t"":345840.3999999985,""value"":10},{""t"":348310.8999999985,""value"":9},{""t"":348453.299999997,""value"":8},{""t"":349994.1000000015,""value"":7},{""t"":351695.799999997,""value"":6}]"
3c980d64-3286-48d6-967d-4f9b62f6af4b,05,202,,en,5,0.3.0-v2,6,false,6,true,19,good,05-r6-rain,0.43312265572631836,high,05-r6-price,0.08247082155611717,22.752,1.6,36.203199999999995,2026-06-08T18:05:35.561Z,2026-06-08T18:05:44.559Z,8997.5,"[{""t"":366109.69999999553,""value"":1},{""t"":366251.8999999985,""value"":2},{""t"":366418.6000000015,""value"":3},{""t"":366545.799999997,""value"":4},{""t"":366691.5,""value"":5},{""t"":367040.299999997,""value"":6}]"
3c980d64-3286-48d6-967d-4f9b62f6af4b,05,202,,en,5,0.3.0-v2,7,false,5,true,20,drought,05-r7-rain,0.6434101018240921,high,05-r7-price,0.00836498398879405,2,1.6,20,2026-06-08T18:05:49.598Z,2026-06-08T18:05:58.416Z,8817.5,"[{""t"":380047.6000000015,""value"":1},{""t"":380371.3999999985,""value"":2},{""t"":380568.19999999553,""value"":3},{""t"":380711.8999999985,""value"":4},{""t"":381075.1000000015,""value"":5}]"
3c980d64-3286-48d6-967d-4f9b62f6af4b,05,202,,en,5,0.3.0-v2,8,false,7,true,18,good,05-r8-rain,0.06259931305762523,mid,05-r8-price,0.692262611472295,24.054,1,30.054,2026-06-08T18:06:03.896Z,2026-06-08T18:06:20.778Z,16881.5,"[{""t"":399007.799999997,""value"":1},{""t"":399187.1000000015,""value"":2},{""t"":399380,""value"":3},{""t"":399509.299999997,""value"":4},{""t"":402866.5,""value"":5},{""t"":403061.6000000015,""value"":6},{""t"":403206.6000000015,""value"":7}]"
3c980d64-3286-48d6-967d-4f9b62f6af4b,05,202,,en,5,0.3.0-v2,9,false,8,true,17,drought,05-r9-rain,0.89017106461735,low,05-r9-price,0.9837760565853425,2,0.6,17,2026-06-08T18:06:23.956Z,2026-06-08T18:06:30.627Z,6670.89999999851,"[{""t"":412046.1000000015,""value"":1},{""t"":412190.3999999985,""value"":2},{""t"":412355.5,""value"":3},{""t"":412499.19999999553,""value"":4},{""t"":412645.5,""value"":5},{""t"":412793.19999999553,""value"":6},{""t"":413126.8999999985,""value"":7},{""t"":413417.3999999985,""value"":8}]"
ed8d6890-fed6-47a3-9605-ad7b9e92417e,KT030907,ENUM107,,ha,5,0.3.0-v2,practice,true,5,true,20,good,KT030907-rpractice-rain,0.4954566046295043,mid,KT030907-rpractice-price,0.5008667640944008,21.310000000000002,1,29.310000000000002,2026-06-09T09:24:23.170Z,2026-06-09T09:25:36.040Z,72870.20000000298,"[{""t"":132502.70000000298,""value"":1},{""t"":132819.3999999985,""value"":2},{""t"":133049.3999999985,""value"":3},{""t"":133277.20000000298,""value"":4},{""t"":133557.79999999702,""value"":5},{""t"":134082.3999999985,""value"":6},{""t"":134539.70000000298,""value"":7},{""t"":135609,""value"":6},{""t"":136211,""value"":5}]"
ed8d6890-fed6-47a3-9605-ad7b9e92417e,KT030907,ENUM107,,ha,5,0.3.0-v2,0,false,10,true,15,good,KT030907-r0-rain,0.4891229490672581,mid,KT030907-r0-price,0.4442904975400349,27.119999999999997,1,30.119999999999997,2026-06-09T09:25:52.705Z,2026-06-09T09:26:41.270Z,48564.80000000447,"[{""t"":199255.70000000298,""value"":1},{""t"":199478.70000000298,""value"":2},{""t"":200166,""value"":3},{""t"":200424.8999999985,""value"":4},{""t"":200968.8999999985,""value"":5},{""t"":201227.70000000298,""value"":6},{""t"":201536.3999999985,""value"":7},{""t"":201831,""value"":8},{""t"":202258.70000000298,""value"":9},{""t"":202781.70000000298,""value"":10}]"
ed8d6890-fed6-47a3-9605-ad7b9e92417e,KT030907,ENUM107,,ha,5,0.3.0-v2,1,false,3,true,22,good,KT030907-r1-rain,0.31460188444030046,low,KT030907-r1-price,0.88163155540166,18.006,0.6,25.6036,2026-06-09T09:26:52.355Z,2026-06-09T09:27:56.174Z,63819.39999999851,"[{""t"":275613.200000003,""value"":1},{""t"":276150.3999999985,""value"":2},{""t"":276458.5,""value"":3},{""t"":276841.200000003,""value"":4},{""t"":277676.3999999985,""value"":3}]"
ed8d6890-fed6-47a3-9605-ad7b9e92417e,KT030907,ENUM107,,ha,5,0.3.0-v2,2,false,7,true,18,normal,KT030907-r2-rain,0.3944319494390947,mid,KT030907-r2-price,0.42791965101434926,16.61,1,26.61,2026-06-09T09:28:09.732Z,2026-06-09T09:29:23.015Z,73282.5,"[{""t"":354297.700000003,""value"":1},{""t"":354855.5,""value"":2},{""t"":355098.200000003,""value"":3},{""t"":356374.700000003,""value"":4},{""t"":357896.700000003,""value"":5},{""t"":358618.3999999985,""value"":6},{""t"":359239,""value"":7}]"
ed8d6890-fed6-47a3-9605-ad7b9e92417e,KT030907,ENUM107,,ha,5,0.3.0-v2,3,false,7,true,18,drought,KT030907-r3-rain,0.913273413710885,mid,KT030907-r3-price,0.5850467321178268,2,1,18,2026-06-09T09:29:30.351Z,2026-06-09T09:30:18.883Z,48531.69999999553,"[{""t"":417596.700000003,""value"":1},{""t"":417972.200000003,""value"":2},{""t"":418215.8999999985,""value"":3},{""t"":418478.1000000015,""value"":4},{""t"":418759.200000003,""value"":5},{""t"":419198.799999997,""value"":6},{""t"":419673,""value"":7}]"
ed8d6890-fed6-47a3-9605-ad7b9e92417e,KT030907,ENUM107,,ha,5,0.3.0-v2,4,false,1,true,24,normal,KT030907-r4-rain,0.638700729103866,low,KT030907-r4-price,0.5711059460359151,9.53,0.6,24.918,2026-06-09T09:30:34.026Z,2026-06-09T09:31:02.867Z,28839.90000000596,"[{""t"":463711.799999997,""value"":1}]"
ed8d6890-fed6-47a3-9605-ad7b9e92417e,KT030907,ENUM107,,ha,5,0.3.0-v2,5,false,10,true,15,good,KT030907-r5-rain,0.09219083907026131,high,KT030907-r5-price,0.2995050468209474,27.119999999999997,1.6,39.19199999999999,2026-06-09T09:31:27.194Z,2026-06-09T09:32:09.310Z,42115.30000000447,"[{""t"":521918,""value"":1},{""t"":522607.700000003,""value"":2},{""t"":523179.299999997,""value"":3},{""t"":523439.200000003,""value"":4},{""t"":524096.3999999985,""value"":5},{""t"":528398.3999999985,""value"":6},{""t"":528840.6000000015,""value"":7},{""t"":529134.700000003,""value"":8},{""t"":530447.200000003,""value"":9},{""t"":530970.8999999985,""value"":10}]"
ed8d6890-fed6-47a3-9605-ad7b9e92417e,KT030907,ENUM107,,ha,5,0.3.0-v2,6,false,6,true,19,normal,KT030907-r6-rain,0.7869242472425131,low,KT030907-r6-price,0.8449384386347063,15.68,0.6,23.608,2026-06-09T09:32:29.364Z,2026-06-09T09:32:57.142Z,27777.40000000596,"[{""t"":575123.1000000015,""value"":1},{""t"":575591.299999997,""value"":2},{""t"":576180.6000000015,""value"":3},{""t"":576818.700000003,""value"":4},{""t"":578292.200000003,""value"":5},{""t"":578785.3999999985,""value"":6}]"
ed8d6890-fed6-47a3-9605-ad7b9e92417e,KT030907,ENUM107,,ha,5,0.3.0-v2,7,false,1,true,24,normal,KT030907-r7-rain,0.3080325394949361,mid,KT030907-r7-price,0.583492214120258,9.53,1,25.53,2026-06-09T09:33:04.670Z,2026-06-09T09:33:29.846Z,25175.89999999851,"[{""t"":609856.6000000015,""value"":1}]"
ed8d6890-fed6-47a3-9605-ad7b9e92417e,KT030907,ENUM107,,ha,5,0.3.0-v2,8,false,0,false,25,drought,KT030907-r8-rain,0.9409962090457472,low,KT030907-r8-price,0.9386691585454657,2,0.6,25,2026-06-09T09:33:37.215Z,2026-06-09T09:34:13.011Z,35795.90000000596,[]
ed8d6890-fed6-47a3-9605-ad7b9e92417e,KT030907,ENUM107,,ha,5,0.3.0-v2,9,false,0,false,25,good,KT030907-r9-rain,0.2900442158587913,mid,KT030907-r9-price,0.41125991372920717,12,1,25,2026-06-09T09:34:24.175Z,2026-06-09T09:34:58.174Z,33998.89999999851,"[{""t"":691509.799999997,""value"":1},{""t"":692635.799999997,""value"":0}]"
9bbc51d1-683a-4882-914a-1cf615aaedc0,KD030604,ENUM204,,ha,5,0.3.0-v2,practice,true,5,true,20,good,KD030604-rpractice-rain,0.28767179801146897,mid,KD030604-rpractice-price,0.6194517252300078,21.310000000000002,1,29.310000000000002,2026-06-08T17:29:58.692Z,2026-06-08T17:30:41.702Z,43009.39999999851,"[{""t"":613555,""value"":1},{""t"":615391,""value"":2},{""t"":615872,""value"":3},{""t"":616432.299999997,""value"":4},{""t"":617167.3999999985,""value"":5}]"
9bbc51d1-683a-4882-914a-1cf615aaedc0,KD030604,ENUM204,,ha,5,0.3.0-v2,0,false,5,true,20,good,KD030604-r0-rain,0.5447517987508976,mid,KD030604-r0-price,0.488829804077596,21.310000000000002,1,29.310000000000002,2026-06-08T17:31:34.740Z,2026-06-08T17:31:54.421Z,19680.5,"[{""t"":689328.799999997,""value"":1},{""t"":695910.5,""value"":2},{""t"":696209.799999997,""value"":3},{""t"":696481.6000000015,""value"":4},{""t"":699604.3999999985,""value"":5}]"
9bbc51d1-683a-4882-914a-1cf615aaedc0,KD030604,ENUM204,,ha,5,0.3.0-v2,1,false,4,true,21,good,KD030604-r1-rain,0.355643559638807,low,KD030604-r1-price,0.6540649204038076,19.728,0.6,25.6368,2026-06-08T17:32:15.595Z,2026-06-08T17:32:35.690Z,20095.10000000149,"[{""t"":738398.8999999985,""value"":1},{""t"":739357.5,""value"":2},{""t"":739702.5,""value"":3},{""t"":740190.1000000015,""value"":4}]"
9bbc51d1-683a-4882-914a-1cf615aaedc0,KD030604,ENUM204,,ha,5,0.3.0-v2,2,false,3,true,22,normal,KD030604-r2-rain,0.31320863795534964,high,KD030604-r2-price,0.04133109449470139,12.29,1.6,28.863999999999997,2026-06-08T17:33:18.350Z,2026-06-08T17:33:27.260Z,8909.30000000447,"[{""t"":788716.6000000015,""value"":1},{""t"":792391.6000000015,""value"":2},{""t"":793211.1000000015,""value"":3}]"
9bbc51d1-683a-4882-914a-1cf615aaedc0,KD030604,ENUM204,,ha,5,0.3.0-v2,3,false,5,true,20,good,KD030604-r3-rain,0.03922209999148575,mid,KD030604-r3-price,0.509641397354008,21.310000000000002,1,29.310000000000002,2026-06-08T17:34:11.048Z,2026-06-08T17:34:19.040Z,7991.5999999940395,"[{""t"":840868.1000000015,""value"":1},{""t"":842619.8999999985,""value"":2},{""t"":843223.5,""value"":3},{""t"":843809.5,""value"":4},{""t"":844351.299999997,""value"":5}]"
9bbc51d1-683a-4882-914a-1cf615aaedc0,KD030604,ENUM204,,ha,5,0.3.0-v2,4,false,6,true,19,normal,KD030604-r4-rain,0.5380469932327603,low,KD030604-r4-price,0.851312811620632,15.68,0.6,23.608,2026-06-08T17:34:50.466Z,2026-06-08T17:34:58.099Z,7632.5,"[{""t"":880598.6000000015,""value"":1},{""t"":883784,""value"":2},{""t"":884025.1000000015,""value"":3},{""t"":884255.8999999985,""value"":4},{""t"":884461.1000000015,""value"":5},{""t"":885000.799999997,""value"":6}]"
9bbc51d1-683a-4882-914a-1cf615aaedc0,KD030604,ENUM204,,ha,5,0.3.0-v2,5,false,6,true,19,good,KD030604-r5-rain,0.22843733795029889,mid,KD030604-r5-price,0.4664110834254929,22.752,1,29.752,2026-06-08T17:35:27.261Z,2026-06-08T17:35:34.861Z,7599.5,"[{""t"":917088.1000000015,""value"":1},{""t"":918159.5,""value"":2},{""t"":918425,""value"":3},{""t"":918698.6000000015,""value"":4},{""t"":918965.299999997,""value"":5},{""t"":919476.1000000015,""value"":6}]"
9bbc51d1-683a-4882-914a-1cf615aaedc0,KD030604,ENUM204,,ha,5,0.3.0-v2,6,false,3,true,22,drought,KD030604-r6-rain,0.9181112583279246,low,KD030604-r6-price,0.6146947723054594,2,0.6,22,2026-06-08T17:35:49.766Z,2026-06-08T17:36:09.543Z,19776.39999999851,"[{""t"":952729.200000003,""value"":1},{""t"":954988.299999997,""value"":2},{""t"":955643.200000003,""value"":3}]"
9bbc51d1-683a-4882-914a-1cf615aaedc0,KD030604,ENUM204,,ha,5,0.3.0-v2,7,false,4,true,21,normal,KD030604-r7-rain,0.5614608655065587,mid,KD030604-r7-price,0.2605973671279195,13.52,1,26.52,2026-06-08T17:36:35.820Z,2026-06-08T17:36:43.747Z,7926.20000000298,"[{""t"":986727.8999999985,""value"":1},{""t"":989715.6000000015,""value"":2},{""t"":990028.1000000015,""value"":3},{""t"":990351.3999999985,""value"":4}]"
9bbc51d1-683a-4882-914a-1cf615aaedc0,KD030604,ENUM204,,ha,5,0.3.0-v2,8,false,4,true,21,drought,KD030604-r8-rain,0.895518805233373,high,KD030604-r8-price,0.1411878983266939,2,1.6,21,2026-06-08T17:36:55.060Z,2026-06-08T17:37:07.814Z,12753,"[{""t"":1012309.5,""value"":1},{""t"":1013562.299999997,""value"":2},{""t"":1014086,""value"":3},{""t"":1015031.1000000015,""value"":4}]"
9bbc51d1-683a-4882-914a-1cf615aaedc0,KD030604,ENUM204,,ha,5,0.3.0-v2,9,false,5,true,20,drought,KD030604-r9-rain,0.8818177731413542,low,KD030604-r9-price,0.7746187565002286,2,0.6,20,2026-06-08T17:37:26.799Z,2026-06-08T17:37:36.537Z,9737.60000000149,"[{""t"":1038261.8999999985,""value"":1},{""t"":1042578,""value"":2},{""t"":1042863.5,""value"":3},{""t"":1043126.700000003,""value"":4},{""t"":1043678.1000000015,""value"":5}]"
600c8fac-fbaf-4da6-94d3-67fc8c350e2b,KD030504,ENUM204,,ha,5,0.3.0-v2,practice,true,5,true,20,normal,KD030504-rpractice-rain,0.8077938960304768,mid,KD030504-rpractice-price,0.5341667637439044,14.65,1,26.65,2026-06-09T16:37:06.467Z,2026-06-09T16:37:35.940Z,29473.400000000373,"[{""t"":7369497,""value"":1},{""t"":7369892.800000001,""value"":2},{""t"":7370543.6,""value"":3},{""t"":7371012.300000001,""value"":4},{""t"":7371694.4,""value"":5}]"
600c8fac-fbaf-4da6-94d3-67fc8c350e2b,KD030504,ENUM204,,ha,5,0.3.0-v2,0,false,6,true,19,good,KD030504-r0-rain,0.21052057970554794,mid,KD030504-r0-price,0.46764495231396386,22.752,1,29.752,2026-06-09T16:38:21.624Z,2026-06-09T16:38:35.814Z,14189.60000000149,"[{""t"":7422861.700000001,""value"":1},{""t"":7428080.200000001,""value"":2},{""t"":7429671.300000001,""value"":3},{""t"":7429940.700000001,""value"":4},{""t"":7430178.4,""value"":5},{""t"":7430800,""value"":6}]"
600c8fac-fbaf-4da6-94d3-67fc8c350e2b,KD030504,ENUM204,,ha,5,0.3.0-v2,1,false,4,true,21,good,KD030504-r1-rain,0.19794619268930103,low,KD030504-r1-price,0.6597608276617627,19.728,0.6,25.6368,2026-06-09T16:39:21.115Z,2026-06-09T16:39:35.754Z,14639.700000001118,"[{""t"":7482341.9,""value"":1},{""t"":7488533,""value"":2},{""t"":7489583.9,""value"":3},{""t"":7491922.1,""value"":4}]"
600c8fac-fbaf-4da6-94d3-67fc8c350e2b,KD030504,ENUM204,,ha,5,0.3.0-v2,2,false,5,true,20,good,KD030504-r2-rain,0.07138301463315631,mid,KD030504-r2-price,0.694035188281784,21.310000000000002,1,29.310000000000002,2026-06-09T16:40:02.944Z,2026-06-09T16:40:10.648Z,7703.5,"[{""t"":7526347.800000001,""value"":1},{""t"":7527048.200000001,""value"":2},{""t"":7527320.6,""value"":3},{""t"":7527548.700000001,""value"":4},{""t"":7528100.6,""value"":5}]"
600c8fac-fbaf-4da6-94d3-67fc8c350e2b,KD030504,ENUM204,,ha,5,0.3.0-v2,3,false,7,true,18,good,KD030504-r3-rain,0.08617057536521387,high,KD030504-r3-price,0.022367424329907355,24.054,1.6,37.2864,2026-06-09T16:40:30.691Z,2026-06-09T16:40:41.048Z,10356.699999999255,"[{""t"":7552170.800000001,""value"":1},{""t"":7557733.9,""value"":2},{""t"":7557972.6,""value"":3},{""t"":7558177.1,""value"":4},{""t"":7558369.300000001,""value"":5},{""t"":7558623.200000001,""value"":6},{""t"":7559158.4,""value"":7}]"
600c8fac-fbaf-4da6-94d3-67fc8c350e2b,KD030504,ENUM204,,ha,5,0.3.0-v2,4,false,3,true,22,good,KD030504-r4-rain,0.2092956380470552,low,KD030504-r4-price,0.6425489579385151,18.006,0.6,25.6036,2026-06-09T16:41:15.486Z,2026-06-09T16:41:21.619Z,6132.4000000003725,"[{""t"":7596343.700000001,""value"":1},{""t"":7597820.700000001,""value"":2},{""t"":7598499.700000001,""value"":3}]"
600c8fac-fbaf-4da6-94d3-67fc8c350e2b,KD030504,ENUM204,,ha,5,0.3.0-v2,5,false,8,true,17,good,KD030504-r5-rain,0.38393245818699406,mid,KD030504-r5-price,0.635143134109212,25.216,1,30.216,2026-06-09T16:41:35.048Z,2026-06-09T16:41:49.728Z,14679.099999999627,"[{""t"":7623818.9,""value"":1},{""t"":7625297.6,""value"":2},{""t"":7625586.5,""value"":3},{""t"":7625839.5,""value"":4},{""t"":7626119.200000001,""value"":5},{""t"":7626396.6,""value"":6},{""t"":7626883.300000001,""value"":7},{""t"":7627549.1,""value"":8}]"
600c8fac-fbaf-4da6-94d3-67fc8c350e2b,KD030504,ENUM204,,ha,5,0.3.0-v2,6,false,4,true,21,good,KD030504-r6-rain,0.5722767788279745,high,KD030504-r6-price,0.1887290078007577,19.728,1.6,33.3648,2026-06-09T16:42:09.751Z,2026-06-09T16:42:20.250Z,10498.799999998882,"[{""t"":7653576.9,""value"":1},{""t"":7657805.6,""value"":2},{""t"":7658028.1,""value"":3},{""t"":7658230.200000001,""value"":4}]"
600c8fac-fbaf-4da6-94d3-67fc8c350e2b,KD030504,ENUM204,,ha,5,0.3.0-v2,7,false,4,true,21,good,KD030504-r7-rain,0.1954271346262451,mid,KD030504-r7-price,0.5030844844365467,19.728,1,28.728,2026-06-09T16:42:46.656Z,2026-06-09T16:42:52.409Z,5752.4000000003725,"[{""t"":7689062.5,""value"":1},{""t"":7690019.1,""value"":2},{""t"":7690252.800000001,""value"":3},{""t"":7690463.800000001,""value"":4}]"
600c8fac-fbaf-4da6-94d3-67fc8c350e2b,KD030504,ENUM204,,ha,5,0.3.0-v2,8,false,7,true,18,normal,KD030504-r8-rain,0.5459628038735661,mid,KD030504-r8-price,0.7184829121931866,16.61,1,26.61,2026-06-09T16:42:58.272Z,2026-06-09T16:43:07.027Z,8755,"[{""t"":7702801.700000001,""value"":1},{""t"":7703786.800000001,""value"":2},{""t"":7704032.4,""value"":3},{""t"":7704249.300000001,""value"":4},{""t"":7704487.300000001,""value"":5},{""t"":7704847,""value"":6},{""t"":7705378.5,""value"":7}]"
600c8fac-fbaf-4da6-94d3-67fc8c350e2b,KD030504,ENUM204,,ha,5,0.3.0-v2,9,false,5,true,20,good,KD030504-r9-rain,0.36382232563578815,mid,KD030504-r9-price,0.49756326475939455,21.310000000000002,1,29.310000000000002,2026-06-09T16:43:17.854Z,2026-06-09T16:43:25.664Z,7810.300000000745,"[{""t"":7722497.6,""value"":1},{""t"":7723061.5,""value"":2},{""t"":7723337.700000001,""value"":3},{""t"":7723568.200000001,""value"":4},{""t"":7724143.9,""value"":5}]"
17da512b-b53e-494f-9d3d-4128b140cd61,KD030503,ENUM403,,ha,5,0.3.0-v2,practice,true,10,true,15,drought,KD030503-rpractice-rain,0.9078333026515022,mid,KD030503-rpractice-price,0.22092197705675182,2,1,15,2026-06-09T16:27:05.744Z,2026-06-09T16:28:01.219Z,55474.69999999553,"[{""t"":28328563.5,""value"":1},{""t"":28330937.699999996,""value"":2},{""t"":28331148.799999997,""value"":3},{""t"":28331307.199999996,""value"":4},{""t"":28331488.199999996,""value"":5},{""t"":28331675,""value"":6},{""t"":28331827.799999997,""value"":7},{""t"":28332038.9,""value"":8},{""t"":28332409.5,""value"":9},{""t"":28332709.5,""value"":10}]"
17da512b-b53e-494f-9d3d-4128b140cd61,KD030503,ENUM403,,ha,5,0.3.0-v2,0,false,5,true,20,normal,KD030503-r0-rain,0.7917612201339059,mid,KD030503-r0-price,0.5639167320812613,14.65,1,26.65,2026-06-09T16:28:19.660Z,2026-06-09T16:28:33.676Z,14015.89999999851,"[{""t"":28365144.1,""value"":1},{""t"":28365522.299999997,""value"":2},{""t"":28365952.6,""value"":3},{""t"":28366317.9,""value"":4},{""t"":28366784.9,""value"":5}]"
17da512b-b53e-494f-9d3d-4128b140cd61,KD030503,ENUM403,,ha,5,0.3.0-v2,1,false,2,true,23,good,KD030503-r1-rain,0.08958763167560756,mid,KD030503-r1-price,0.20192519095838257,16.144,1,27.144,2026-06-09T16:28:53.837Z,2026-06-09T16:29:00.259Z,6421.60000000149,"[{""t"":28393086,""value"":1},{""t"":28393450.4,""value"":2}]"
17da512b-b53e-494f-9d3d-4128b140cd61,KD030503,ENUM403,,ha,5,0.3.0-v2,2,false,2,true,23,normal,KD030503-r2-rain,0.3764844626119392,mid,KD030503-r2-price,0.6720605654306783,10.96,1,25.96,2026-06-09T16:29:19.832Z,2026-06-09T16:29:28.039Z,8206.90000000596,"[{""t"":28420404.199999996,""value"":1},{""t"":28420680.5,""value"":2}]"
17da512b-b53e-494f-9d3d-4128b140cd61,KD030503,ENUM403,,ha,5,0.3.0-v2,3,false,0,false,25,good,KD030503-r3-rain,0.4600583675046168,mid,KD030503-r3-price,0.39141205254819667,12,1,25,2026-06-09T16:29:49.628Z,2026-06-09T16:29:55.758Z,6129.5999999940395,[]
17da512b-b53e-494f-9d3d-4128b140cd61,KD030503,ENUM403,,ha,5,0.3.0-v2,4,false,1,true,24,drought,KD030503-r4-rain,0.8766711544545619,low,KD030503-r4-price,0.7705446091407427,2,0.6,24,2026-06-09T16:30:34.841Z,2026-06-09T16:30:38.033Z,3191.7999999970198,"[{""t"":28490517.699999996,""value"":1}]"
17da512b-b53e-494f-9d3d-4128b140cd61,KD030503,ENUM403,,ha,5,0.3.0-v2,5,false,3,true,22,good,KD030503-r5-rain,0.4886920404394813,high,KD030503-r5-price,0.2774494930479437,18.006,1.6,31.6096,2026-06-09T16:31:00.443Z,2026-06-09T16:31:08.889Z,8446.10000000149,"[{""t"":28520936,""value"":1},{""t"":28521053.199999996,""value"":2},{""t"":28521621.699999996,""value"":3}]"
17da512b-b53e-494f-9d3d-4128b140cd61,KD030503,ENUM403,,ha,5,0.3.0-v2,6,false,0,false,25,good,KD030503-r6-rain,0.0956070890709628,low,KD030503-r6-price,0.9308396293039076,12,0.6,25,2026-06-09T16:31:31.118Z,2026-06-09T16:31:35.609Z,4491.30000000447,[]
17da512b-b53e-494f-9d3d-4128b140cd61,KD030503,ENUM403,,ha,5,0.3.0-v2,7,false,1,true,24,normal,KD030503-r7-rain,0.21950143803810038,high,KD030503-r7-price,0.17286893295862424,9.53,1.6,26.448,2026-06-09T16:31:51.034Z,2026-06-09T16:31:56.562Z,5527.60000000149,"[{""t"":28568553.1,""value"":1}]"
17da512b-b53e-494f-9d3d-4128b140cd61,KD030503,ENUM403,,ha,5,0.3.0-v2,8,false,1,true,24,drought,KD030503-r8-rain,0.8700050707505775,high,KD030503-r8-price,0.033384035810042234,2,1.6,24,2026-06-09T16:32:16.440Z,2026-06-09T16:32:22.889Z,6448.70000000298,"[{""t"":28595794.799999997,""value"":1}]"
17da512b-b53e-494f-9d3d-4128b140cd61,KD030503,ENUM403,,ha,5,0.3.0-v2,9,false,2,true,23,drought,KD030503-r9-rain,0.9689762394660589,mid,KD030503-r9-price,0.25938345897575266,2,1,23,2026-06-09T16:32:46.142Z,2026-06-09T16:32:51.469Z,5326.5,"[{""t"":28623525.1,""value"":1},{""t"":28623742.199999996,""value"":2}]"
607953a1-5570-4743-b8ad-7c8b12f20e4e,KT030905,ENUM405,,ha,5,0.3.0-v2,practice,true,10,true,15,good,KT030905-rpractice-rain,0.34483275590438717,mid,KT030905-rpractice-price,0.6557552454071108,27.119999999999997,1,30.119999999999997,2026-06-09T09:19:26.236Z,2026-06-09T09:20:11.404Z,45166.80000001192,"[{""t"":424458.59999996424,""value"":1},{""t"":424957.2999999523,""value"":2},{""t"":425397.2999999523,""value"":3},{""t"":425928.2999999523,""value"":4},{""t"":426716.39999997616,""value"":5},{""t"":434499.09999996424,""value"":6},{""t"":434699.6999999881,""value"":7},{""t"":434836,""value"":8},{""t"":435007.7999999523,""value"":9},{""t"":435547,""value"":10}]"
607953a1-5570-4743-b8ad-7c8b12f20e4e,KT030905,ENUM405,,ha,5,0.3.0-v2,0,false,10,true,15,good,KT030905-r0-rain,0.6300141309161339,mid,KT030905-r0-price,0.653806506856976,27.119999999999997,1,30.119999999999997,2026-06-09T09:21:27.620Z,2026-06-09T09:21:37.986Z,10365.100000023842,"[{""t"":531168.5,""value"":1},{""t"":532183.5,""value"":2},{""t"":532433.0999999642,""value"":3},{""t"":532598.5999999642,""value"":4},{""t"":532752.1999999881,""value"":5},{""t"":532936.7999999523,""value"":6},{""t"":533449.5999999642,""value"":7},{""t"":533637.8999999762,""value"":8},{""t"":534286.2999999523,""value"":9},{""t"":535120.8999999762,""value"":10}]"
607953a1-5570-4743-b8ad-7c8b12f20e4e,KT030905,ENUM405,,ha,5,0.3.0-v2,1,false,5,true,20,good,KT030905-r1-rain,0.022375737089168696,low,KT030905-r1-price,0.6030997888273615,21.310000000000002,0.6,25.586000000000002,2026-06-09T09:21:56.587Z,2026-06-09T09:22:02.115Z,5528.199999988079,"[{""t"":559954.2999999523,""value"":1},{""t"":560318.3999999762,""value"":2},{""t"":560508.5999999642,""value"":3},{""t"":560671,""value"":4},{""t"":560814.2999999523,""value"":5}]"
607953a1-5570-4743-b8ad-7c8b12f20e4e,KT030905,ENUM405,,ha,5,0.3.0-v2,2,false,3,true,22,good,KT030905-r2-rain,0.12158060591788229,high,KT030905-r2-price,0.005980959639660593,18.006,1.6,31.6096,2026-06-09T09:22:24.204Z,2026-06-09T09:22:37.894Z,13689.800000011921,"[{""t"":594014.7999999523,""value"":1},{""t"":594562.5999999642,""value"":2},{""t"":596962,""value"":3}]"
607953a1-5570-4743-b8ad-7c8b12f20e4e,KT030905,ENUM405,,ha,5,0.3.0-v2,3,false,7,true,18,good,KT030905-r3-rain,0.3695521089208966,low,KT030905-r3-price,0.9187936090109505,24.054,0.6,25.2324,2026-06-09T09:22:56.980Z,2026-06-09T09:23:13.892Z,16912.399999976158,"[{""t"":631163.5999999642,""value"":1},{""t"":631470,""value"":2},{""t"":631611.8999999762,""value"":3},{""t"":631779.7999999523,""value"":4},{""t"":631942,""value"":5},{""t"":632614.1999999881,""value"":6},{""t"":632956.7999999523,""value"":7}]"
607953a1-5570-4743-b8ad-7c8b12f20e4e,KT030905,ENUM405,,ha,5,0.3.0-v2,4,false,2,true,23,normal,KT030905-r4-rain,0.45111361904584407,low,KT030905-r4-price,0.8892199502596677,10.96,0.6,24.776,2026-06-09T09:23:26.163Z,2026-06-09T09:23:31.425Z,5261.399999976158,"[{""t"":649896.3999999762,""value"":1},{""t"":650344.6999999881,""value"":2}]"
607953a1-5570-4743-b8ad-7c8b12f20e4e,KT030905,ENUM405,,ha,5,0.3.0-v2,5,false,10,true,15,good,KT030905-r5-rain,0.4785998580882013,low,KT030905-r5-price,0.8633034806501231,27.119999999999997,0.6,24.071999999999996,2026-06-09T09:23:58.943Z,2026-06-09T09:24:16.015Z,17072.399999976158,"[{""t"":692276.7999999523,""value"":1},{""t"":692455.6999999881,""value"":2},{""t"":692629.3999999762,""value"":3},{""t"":692787.5,""value"":4},{""t"":692948.8999999762,""value"":5},{""t"":693120.5999999642,""value"":6},{""t"":693796.1999999881,""value"":7},{""t"":694028.3999999762,""value"":8},{""t"":694630.2999999523,""value"":9},{""t"":695000.0999999642,""value"":10}]"
607953a1-5570-4743-b8ad-7c8b12f20e4e,KT030905,ENUM405,,ha,5,0.3.0-v2,6,false,5,true,20,drought,KT030905-r6-rain,0.9122125149673537,low,KT030905-r6-price,0.9523192071823792,2,0.6,20,2026-06-09T09:24:32.143Z,2026-06-09T09:24:36.593Z,4449.600000023842,"[{""t"":714768.2999999523,""value"":1},{""t"":714927.6999999881,""value"":2},{""t"":715058.5999999642,""value"":3},{""t"":715232,""value"":4},{""t"":715747.1999999881,""value"":5}]"
607953a1-5570-4743-b8ad-7c8b12f20e4e,KT030905,ENUM405,,ha,5,0.3.0-v2,7,false,1,true,24,normal,KT030905-r7-rain,0.20587461792320938,low,KT030905-r7-price,0.8208396307916487,9.53,0.6,24.918,2026-06-09T09:24:52.319Z,2026-06-09T09:25:00.656Z,8337.599999964237,"[{""t"":738974.2999999523,""value"":1}]"
607953a1-5570-4743-b8ad-7c8b12f20e4e,KT030905,ENUM405,,ha,5,0.3.0-v2,8,false,8,true,17,normal,KT030905-r8-rain,0.6110083996404252,high,KT030905-r8-price,0.28884749082616773,17.44,1.6,32.104,2026-06-09T09:25:11.723Z,2026-06-09T09:25:16.764Z,5041.600000023842,"[{""t"":753170,""value"":1},{""t"":753383.0999999642,""value"":2},{""t"":753566.2999999523,""value"":3},{""t"":753732.2999999523,""value"":4},{""t"":753913.3999999762,""value"":5},{""t"":754434,""value"":6},{""t"":754686.1999999881,""value"":7},{""t"":755654.0999999642,""value"":8}]"
607953a1-5570-4743-b8ad-7c8b12f20e4e,KT030905,ENUM405,,ha,5,0.3.0-v2,9,false,0,false,25,good,KT030905-r9-rain,0.3123024575739659,mid,KT030905-r9-price,0.35291661797004564,12,1,25,2026-06-09T09:25:29.674Z,2026-06-09T09:25:35.353Z,5679.5,[]
55de0077-b256-4442-bb61-be21936dbebd,KT030903,Enum103,,ha,5,0.3.0-v2,practice,true,3,true,22,normal,KT030903-rpractice-rain,0.70118304513465,mid,KT030903-rpractice-price,0.4121844727692323,12.29,1,26.29,2026-06-09T09:07:26.070Z,2026-06-09T09:07:48.081Z,22010.79999999702,"[{""t"":3761570.6000000015,""value"":1},{""t"":3761827.8999999985,""value"":2},{""t"":3763129.8000000045,""value"":3}]"
55de0077-b256-4442-bb61-be21936dbebd,KT030903,Enum103,,ha,5,0.3.0-v2,0,false,4,true,21,normal,KT030903-r0-rain,0.8644253967197234,mid,KT030903-r0-price,0.3188814048254282,13.52,1,26.52,2026-06-09T09:08:06.915Z,2026-06-09T09:08:26.116Z,19200,"[{""t"":3797207.8999999985,""value"":1},{""t"":3797739.1000000015,""value"":2},{""t"":3798036.3999999985,""value"":3},{""t"":3801410.200000003,""value"":4}]"
55de0077-b256-4442-bb61-be21936dbebd,KT030903,Enum103,,ha,5,0.3.0-v2,1,false,6,true,19,good,KT030903-r1-rain,0.2509791944083081,low,KT030903-r1-price,0.6967429920353978,22.752,0.6,25.4512,2026-06-09T09:08:36.727Z,2026-06-09T09:08:48.374Z,11647.5,"[{""t"":3822406.3000000045,""value"":1},{""t"":3823302.700000003,""value"":2},{""t"":3824169.3000000045,""value"":3},{""t"":3825163.3000000045,""value"":4},{""t"":3826012,""value"":5},{""t"":3826597,""value"":6}]"
55de0077-b256-4442-bb61-be21936dbebd,KT030903,Enum103,,ha,5,0.3.0-v2,2,false,5,true,20,good,KT030903-r2-rain,0.1894480380621214,mid,KT030903-r2-price,0.669679341252996,21.310000000000002,1,29.310000000000002,2026-06-09T09:08:55.405Z,2026-06-09T09:09:02.089Z,6683.60000000149,"[{""t"":3837135.1000000015,""value"":1},{""t"":3837898.5,""value"":2},{""t"":3839295.6000000015,""value"":3},{""t"":3839928.200000003,""value"":4},{""t"":3840639.8000000045,""value"":5}]"
55de0077-b256-4442-bb61-be21936dbebd,KT030903,Enum103,,ha,5,0.3.0-v2,3,false,5,true,20,normal,KT030903-r3-rain,0.7608622891491207,high,KT030903-r3-price,0.06505541571825256,14.65,1.6,30.64,2026-06-09T09:09:09.503Z,2026-06-09T09:09:16.618Z,7114.5,"[{""t"":3852070.6000000015,""value"":1},{""t"":3853324.1000000015,""value"":2},{""t"":3853861.1000000015,""value"":3},{""t"":3854487.8000000045,""value"":4},{""t"":3855204,""value"":5}]"
55de0077-b256-4442-bb61-be21936dbebd,KT030903,Enum103,,ha,5,0.3.0-v2,4,false,0,false,25,drought,KT030903-r4-rain,0.8636571012579966,mid,KT030903-r4-price,0.2997703986381025,2,1,25,2026-06-09T09:09:22.852Z,2026-06-09T09:09:24.878Z,2026.2000000029802,[]
55de0077-b256-4442-bb61-be21936dbebd,KT030903,Enum103,,ha,5,0.3.0-v2,5,false,9,true,16,good,KT030903-r5-rain,0.239273211818712,mid,KT030903-r5-price,0.5993748835880002,26.238,1,30.238,2026-06-09T09:09:29.552Z,2026-06-09T09:09:38.529Z,8977.89999999851,"[{""t"":3871166.1000000015,""value"":1},{""t"":3872629.8000000045,""value"":2},{""t"":3872961,""value"":3},{""t"":3873555.1000000015,""value"":4},{""t"":3873986.8999999985,""value"":5},{""t"":3874438.8999999985,""value"":6},{""t"":3874886.6000000015,""value"":7},{""t"":3875939.1000000015,""value"":8},{""t"":3877202.3000000045,""value"":9}]"
55de0077-b256-4442-bb61-be21936dbebd,KT030903,Enum103,,ha,5,0.3.0-v2,6,false,6,true,19,drought,KT030903-r6-rain,0.9287688231551898,low,KT030903-r6-price,0.9179364427134846,2,0.6,19,2026-06-09T09:09:42.617Z,2026-06-09T09:09:50.614Z,7996.89999999851,"[{""t"":3884352,""value"":1},{""t"":3885644.200000003,""value"":2},{""t"":3886258.8000000045,""value"":3},{""t"":3887656.5,""value"":4},{""t"":3888139.8999999985,""value"":5},{""t"":3889166,""value"":6}]"
55de0077-b256-4442-bb61-be21936dbebd,KT030903,Enum103,,ha,5,0.3.0-v2,7,false,1,true,24,good,KT030903-r7-rain,0.14901915807725938,low,KT030903-r7-price,0.8863179900064849,14.142,0.6,25.2852,2026-06-09T09:10:00.373Z,2026-06-09T09:10:03.516Z,3142.5,"[{""t"":3902004,""value"":1}]"
55de0077-b256-4442-bb61-be21936dbebd,KT030903,Enum103,,ha,5,0.3.0-v2,8,false,6,true,19,normal,KT030903-r8-rain,0.703291040854221,low,KT030903-r8-price,0.9029561530536558,15.68,0.6,23.608,2026-06-09T09:10:07.323Z,2026-06-09T09:10:13.042Z,5719,"[{""t"":3908904.8000000045,""value"":1},{""t"":3909548.8999999985,""value"":2},{""t"":3909933.1000000015,""value"":3},{""t"":3910262.3999999985,""value"":4},{""t"":3911184.200000003,""value"":5},{""t"":3912276.5,""value"":6}]"
55de0077-b256-4442-bb61-be21936dbebd,KT030903,Enum103,,ha,5,0.3.0-v2,9,false,7,true,18,drought,KT030903-r9-rain,0.755199206078067,mid,KT030903-r9-price,0.44531615224169685,2,1,18,2026-06-09T09:10:16.748Z,2026-06-09T09:10:23.761Z,7013.10000000149,"[{""t"":3918377.3000000045,""value"":1},{""t"":3919506.8000000045,""value"":2},{""t"":3920176.200000003,""value"":3},{""t"":3920920.8999999985,""value"":4},{""t"":3921417.1000000015,""value"":5},{""t"":3922217.3000000045,""value"":6},{""t"":3922697.8000000045,""value"":7}]"
9770d555-b97c-486f-9019-cfc4ae89cc53,KT0310901,ENUM101,,ha,5,0.3.0-v2,practice,true,5,true,20,normal,KT0310901-rpractice-rain,0.8599804555981739,mid,KT0310901-rpractice-price,0.669352175599859,14.65,1,26.65,2026-06-09T09:29:51.175Z,2026-06-09T09:30:00.175Z,9000,"[{""t"":6145899.200000003,""value"":1},{""t"":6149315,""value"":2},{""t"":6149626.700000003,""value"":3},{""t"":6150495.300000001,""value"":4},{""t"":6150739.5,""value"":5}]"
9770d555-b97c-486f-9019-cfc4ae89cc53,KT0310901,ENUM101,,ha,5,0.3.0-v2,0,false,7,true,18,good,KT0310901-r0-rain,0.6212693645088484,low,KT0310901-r0-price,0.8975440265077993,24.054,0.6,25.2324,2026-06-09T09:30:09.575Z,2026-06-09T09:30:22.158Z,12583.300000000745,"[{""t"":6167899.900000002,""value"":1},{""t"":6168306.700000003,""value"":2},{""t"":6168550.800000001,""value"":3},{""t"":6168779.1000000015,""value"":4},{""t"":6168992.200000003,""value"":5},{""t"":6169812.800000001,""value"":6},{""t"":6171169.700000003,""value"":7}]"
9770d555-b97c-486f-9019-cfc4ae89cc53,KT0310901,ENUM101,,ha,5,0.3.0-v2,1,false,8,true,17,good,KT0310901-r1-rain,0.3720645819979069,mid,KT0310901-r1-price,0.19425666314708373,25.216,1,30.216,2026-06-09T09:30:30.965Z,2026-06-09T09:30:38.657Z,7691.900000002235,"[{""t"":6185952.900000002,""value"":1},{""t"":6186622.800000001,""value"":2},{""t"":6186791.200000003,""value"":3},{""t"":6189127.200000003,""value"":4},{""t"":6189306.400000002,""value"":5},{""t"":6189451,""value"":6},{""t"":6189782.6000000015,""value"":7},{""t"":6190043.200000003,""value"":8}]"
9770d555-b97c-486f-9019-cfc4ae89cc53,KT0310901,ENUM101,,ha,5,0.3.0-v2,2,false,9,true,16,normal,KT0310901-r2-rain,0.4007811050849259,mid,KT0310901-r2-price,0.3747755196925787,18.17,1,26.17,2026-06-09T09:30:49.725Z,2026-06-09T09:30:57.258Z,7532.699999999255,"[{""t"":6204042.1000000015,""value"":1},{""t"":6204480.5,""value"":2},{""t"":6204807.400000002,""value"":3},{""t"":6205169.5,""value"":4},{""t"":6205346.800000001,""value"":5},{""t"":6205477.200000003,""value"":6},{""t"":6205647.1000000015,""value"":7},{""t"":6205872.1000000015,""value"":8},{""t"":6206737.6000000015,""value"":9}]"
9770d555-b97c-486f-9019-cfc4ae89cc53,KT0310901,ENUM101,,ha,5,0.3.0-v2,3,false,10,true,15,normal,KT0310901-r3-rain,0.6107811998766817,mid,KT0310901-r3-price,0.33134655941600155,18.8,1,25.8,2026-06-09T09:31:08.664Z,2026-06-09T09:31:15.144Z,6479.800000000745,"[{""t"":6223358.800000001,""value"":1},{""t"":6223535,""value"":2},{""t"":6223731.5,""value"":3},{""t"":6224273.200000003,""value"":4},{""t"":6224449.6000000015,""value"":5},{""t"":6224646.800000001,""value"":6},{""t"":6224828.800000001,""value"":7},{""t"":6225173.400000002,""value"":8},{""t"":6225712.200000003,""value"":9},{""t"":6225912.1000000015,""value"":10}]"
9770d555-b97c-486f-9019-cfc4ae89cc53,KT0310901,ENUM101,,ha,5,0.3.0-v2,4,false,10,true,15,normal,KT0310901-r4-rain,0.4273093180675959,low,KT0310901-r4-price,0.6312986473181016,18.8,0.6,21.48,2026-06-09T09:31:24.506Z,2026-06-09T09:31:34.331Z,9824.800000000745,"[{""t"":6238565.800000001,""value"":1},{""t"":6238743.1000000015,""value"":2},{""t"":6239104.200000003,""value"":3},{""t"":6239299.5,""value"":4},{""t"":6239479.800000001,""value"":5},{""t"":6239660.1000000015,""value"":6},{""t"":6239839.900000002,""value"":7},{""t"":6240047.900000002,""value"":8},{""t"":6240608.1000000015,""value"":9},{""t"":6241263.900000002,""value"":10}]"
9770d555-b97c-486f-9019-cfc4ae89cc53,KT0310901,ENUM101,,ha,5,0.3.0-v2,5,false,4,true,21,good,KT0310901-r5-rain,0.5302048053032632,low,KT0310901-r5-price,0.8916219036723089,19.728,0.6,25.6368,2026-06-09T09:31:38.992Z,2026-06-09T09:31:42.874Z,3881.2000000029802,"[{""t"":6253132.200000003,""value"":1},{""t"":6253671.5,""value"":2},{""t"":6254049.6000000015,""value"":3},{""t"":6254323.400000002,""value"":4}]"
9770d555-b97c-486f-9019-cfc4ae89cc53,KT0310901,ENUM101,,ha,5,0.3.0-v2,6,false,5,true,20,good,KT0310901-r6-rain,0.4018431243114467,mid,KT0310901-r6-price,0.3837811070724135,21.310000000000002,1,29.310000000000002,2026-06-09T09:31:48.755Z,2026-06-09T09:31:52.957Z,4202.5,"[{""t"":6263100.1000000015,""value"":1},{""t"":6263343.400000002,""value"":2},{""t"":6263573.700000003,""value"":3},{""t"":6263819.800000001,""value"":4},{""t"":6264687.400000002,""value"":5}]"
9770d555-b97c-486f-9019-cfc4ae89cc53,KT0310901,ENUM101,,ha,5,0.3.0-v2,7,false,3,true,22,normal,KT0310901-r7-rain,0.36242848422321555,high,KT0310901-r7-price,0.04744043662558691,12.29,1.6,28.863999999999997,2026-06-09T09:31:57.540Z,2026-06-09T09:32:01.455Z,3914,"[{""t"":6272448.400000002,""value"":1},{""t"":6272690.5,""value"":2},{""t"":6272937.800000001,""value"":3}]"
9770d555-b97c-486f-9019-cfc4ae89cc53,KT0310901,ENUM101,,ha,5,0.3.0-v2,8,false,7,true,18,normal,KT0310901-r8-rain,0.6214648475503116,low,KT0310901-r8-price,0.8773667918124926,16.61,0.6,23.166,2026-06-09T09:32:06.739Z,2026-06-09T09:32:12.289Z,5549.89999999851,"[{""t"":6280748,""value"":1},{""t"":6280943.700000003,""value"":2},{""t"":6281172.1000000015,""value"":3},{""t"":6282838.300000001,""value"":4},{""t"":6283609,""value"":5},{""t"":6283790.400000002,""value"":6},{""t"":6283958.6000000015,""value"":7}]"
9770d555-b97c-486f-9019-cfc4ae89cc53,KT0310901,ENUM101,,ha,5,0.3.0-v2,9,false,0,false,25,drought,KT0310901-r9-rain,0.9065421913036549,low,KT0310901-r9-price,0.8086959910697509,2,0.6,25,2026-06-09T09:32:16.937Z,2026-06-09T09:32:19.098Z,2161,[]
b34f6e97-6ca3-439e-94ac-10a1643e0876,KT030901,ENUM101,,ha,5,0.3.0-v2,practice,true,4,true,21,good,KT030901-rpractice-rain,0.4029162391896871,mid,KT030901-rpractice-price,0.4249371451146163,19.728,1,28.728,2026-06-09T09:33:45.241Z,2026-06-09T09:33:51.096Z,5854.60000000149,"[{""t"":65514.599999997765,""value"":1},{""t"":65905.29999999702,""value"":2},{""t"":66853.89999999851,""value"":3},{""t"":67281.29999999702,""value"":4}]"
b34f6e97-6ca3-439e-94ac-10a1643e0876,KT030901,ENUM101,,ha,5,0.3.0-v2,0,false,4,true,21,good,KT030901-r0-rain,0.09542524505347795,low,KT030901-r0-price,0.91768071945859,19.728,0.6,25.6368,2026-06-09T09:34:01.425Z,2026-06-09T09:34:11.130Z,9705.39999999851,"[{""t"":81772.09999999776,""value"":1},{""t"":82126.79999999702,""value"":2},{""t"":82388.5,""value"":3},{""t"":82632.69999999925,""value"":4}]"
b34f6e97-6ca3-439e-94ac-10a1643e0876,KT030901,ENUM101,,ha,5,0.3.0-v2,1,false,4,true,21,drought,KT030901-r1-rain,0.8708166935361994,low,KT030901-r1-price,0.9100123097513076,2,0.6,21,2026-06-09T09:34:20.184Z,2026-06-09T09:34:24.309Z,4124.900000002235,"[{""t"":100481.29999999702,""value"":1},{""t"":100737.89999999851,""value"":2},{""t"":100934.29999999702,""value"":3},{""t"":101376.29999999702,""value"":4}]"
b34f6e97-6ca3-439e-94ac-10a1643e0876,KT030901,ENUM101,,ha,5,0.3.0-v2,2,false,6,true,19,normal,KT030901-r2-rain,0.47623929778484003,high,KT030901-r2-price,0.0437516466122399,15.68,1.6,31.288,2026-06-09T09:34:37.926Z,2026-06-09T09:34:42.805Z,4879.29999999702,"[{""t"":118252.79999999702,""value"":1},{""t"":118644.09999999776,""value"":2},{""t"":118960.29999999702,""value"":3},{""t"":119281.09999999776,""value"":4},{""t"":119545.79999999702,""value"":5},{""t"":119789.19999999925,""value"":6}]"
b34f6e97-6ca3-439e-94ac-10a1643e0876,KT030901,ENUM101,,ha,5,0.3.0-v2,3,false,6,true,19,good,KT030901-r3-rain,0.13421413736559468,high,KT030901-r3-price,0.2570545847805954,22.752,1.6,36.203199999999995,2026-06-09T09:34:49.732Z,2026-06-09T09:34:54.770Z,5037.300000000745,"[{""t"":129993.19999999925,""value"":1},{""t"":130481.19999999925,""value"":2},{""t"":130907.69999999925,""value"":3},{""t"":131116.3999999985,""value"":4},{""t"":131330.59999999776,""value"":5},{""t"":131937.29999999702,""value"":6}]"
b34f6e97-6ca3-439e-94ac-10a1643e0876,KT030901,ENUM101,,ha,5,0.3.0-v2,4,false,3,true,22,drought,KT030901-r4-rain,0.8417424008609371,mid,KT030901-r4-price,0.1791288356483323,2,1,22,2026-06-09T09:34:59.011Z,2026-06-09T09:35:02.889Z,3877.10000000149,"[{""t"":139111.19999999925,""value"":1},{""t"":139616,""value"":2},{""t"":139962,""value"":3}]"
b34f6e97-6ca3-439e-94ac-10a1643e0876,KT030901,ENUM101,,ha,5,0.3.0-v2,5,false,6,true,19,drought,KT030901-r5-rain,0.9463626788916075,mid,KT030901-r5-price,0.623341202921079,2,1,19,2026-06-09T09:35:12.022Z,2026-06-09T09:35:17.753Z,5730.300000000745,"[{""t"":152301.59999999776,""value"":1},{""t"":152792.09999999776,""value"":2},{""t"":153036.29999999702,""value"":3},{""t"":153644.09999999776,""value"":4},{""t"":153952.19999999925,""value"":5},{""t"":155424.69999999925,""value"":6}]"
b34f6e97-6ca3-439e-94ac-10a1643e0876,KT030901,ENUM101,,ha,5,0.3.0-v2,6,false,4,true,21,drought,KT030901-r6-rain,0.877946556981273,mid,KT030901-r6-price,0.26360989206563806,2,1,21,2026-06-09T09:35:22.211Z,2026-06-09T09:35:26.754Z,4543,"[{""t"":162418.5,""value"":1},{""t"":162759.69999999925,""value"":2},{""t"":163890.09999999776,""value"":3},{""t"":164265.3999999985,""value"":4}]"
b34f6e97-6ca3-439e-94ac-10a1643e0876,KT030901,ENUM101,,ha,5,0.3.0-v2,7,false,5,true,20,drought,KT030901-r7-rain,0.9432335356364289,low,KT030901-r7-price,0.8398167843994412,2,0.6,20,2026-06-09T09:35:30.554Z,2026-06-09T09:35:35.006Z,4452.099999997765,"[{""t"":170931.29999999702,""value"":1},{""t"":171239,""value"":2},{""t"":171466.3999999985,""value"":3},{""t"":171680.19999999925,""value"":4},{""t"":172189.69999999925,""value"":5}]"
b34f6e97-6ca3-439e-94ac-10a1643e0876,KT030901,ENUM101,,ha,5,0.3.0-v2,8,false,0,false,25,normal,KT030901-r8-rain,0.436685701808759,mid,KT030901-r8-price,0.3724897697260353,8,1,25,2026-06-09T09:35:41.805Z,2026-06-09T09:35:43.797Z,1991.800000000745,[]
b34f6e97-6ca3-439e-94ac-10a1643e0876,KT030901,ENUM101,,ha,5,0.3.0-v2,9,false,6,true,19,drought,KT030901-r9-rain,0.9677806261940033,low,KT030901-r9-price,0.7739965188841589,2,0.6,19,2026-06-09T09:35:51.035Z,2026-06-09T09:35:56.615Z,5579,"[{""t"":191542.29999999702,""value"":1},{""t"":192565.5,""value"":2},{""t"":192962.59999999776,""value"":3},{""t"":193190.09999999776,""value"":4},{""t"":193385.8999999985,""value"":5},{""t"":193975.19999999925,""value"":6}]"
8a1c8d76-54da-4d91-9987-505a77eaa620,KT030904,ENUM104,,ha,5,0.3.0-v2,practice,true,2,true,23,normal,KT030904-rpractice-rain,0.8323098419305436,mid,KT030904-rpractice-price,0.3646697248964399,10.96,1,25.96,2026-06-09T09:44:46.500Z,2026-06-09T09:44:58.300Z,11800.200000000186,"[{""t"":87575.3999999999,""value"":1},{""t"":88157.8999999999,""value"":2}]"
8a1c8d76-54da-4d91-9987-505a77eaa620,KT030904,ENUM104,,ha,5,0.3.0-v2,0,false,3,true,22,normal,KT030904-r0-rain,0.7625299362720875,mid,KT030904-r0-price,0.5033711328483109,12.29,1,26.29,2026-06-09T09:45:04.245Z,2026-06-09T09:45:08.269Z,4023.5,"[{""t"":97557.1000000001,""value"":1},{""t"":98225.1000000001,""value"":2},{""t"":98912.6000000001,""value"":3}]"
8a1c8d76-54da-4d91-9987-505a77eaa620,KT030904,ENUM104,,ha,5,0.3.0-v2,1,false,3,true,22,good,KT030904-r1-rain,0.30138531222311693,high,KT030904-r1-price,0.049701967453378154,18.006,1.6,31.6096,2026-06-09T09:45:12.654Z,2026-06-09T09:45:17.894Z,5239.700000000186,"[{""t"":105903.70000000019,""value"":1},{""t"":106507.70000000019,""value"":2},{""t"":107146.29999999981,""value"":3}]"
8a1c8d76-54da-4d91-9987-505a77eaa620,KT030904,ENUM104,,ha,5,0.3.0-v2,2,false,3,true,22,normal,KT030904-r2-rain,0.419759978241676,high,KT030904-r2-price,0.2501450032175038,12.29,1.6,28.863999999999997,2026-06-09T09:45:21.952Z,2026-06-09T09:45:30.514Z,8562.30000000028,"[{""t"":115070.6000000001,""value"":1},{""t"":115625.8999999999,""value"":2},{""t"":116115.6000000001,""value"":3}]"
8a1c8d76-54da-4d91-9987-505a77eaa620,KT030904,ENUM104,,ha,5,0.3.0-v2,3,false,2,true,23,good,KT030904-r3-rain,0.23192301631596401,low,KT030904-r3-price,0.9649481028176895,16.144,0.6,25.4864,2026-06-09T09:45:34.869Z,2026-06-09T09:45:39.123Z,4253.899999999907,"[{""t"":127984.79999999981,""value"":1},{""t"":128441,""value"":2}]"
8a1c8d76-54da-4d91-9987-505a77eaa620,KT030904,ENUM104,,ha,5,0.3.0-v2,4,false,3,true,22,normal,KT030904-r4-rain,0.5932073809771237,low,KT030904-r4-price,0.5013312746616454,12.29,0.6,24.573999999999998,2026-06-09T09:45:42.744Z,2026-06-09T09:45:47.521Z,4777.5,"[{""t"":136089.2999999998,""value"":1},{""t"":136707.5,""value"":2},{""t"":137166,""value"":3}]"
8a1c8d76-54da-4d91-9987-505a77eaa620,KT030904,ENUM104,,ha,5,0.3.0-v2,5,false,4,true,21,good,KT030904-r5-rain,0.38902577570023744,high,KT030904-r5-price,0.040044079300993185,19.728,1.6,33.3648,2026-06-09T09:45:50.960Z,2026-06-09T09:45:57.539Z,6579,"[{""t"":144370.1000000001,""value"":1},{""t"":145120.8999999999,""value"":2},{""t"":146216.7000000002,""value"":3},{""t"":147168.2999999998,""value"":4}]"
8a1c8d76-54da-4d91-9987-505a77eaa620,KT030904,ENUM104,,ha,5,0.3.0-v2,6,false,4,true,21,good,KT030904-r6-rain,0.4214045290841887,mid,KT030904-r6-price,0.5568651099511884,19.728,1,28.728,2026-06-09T09:46:01.110Z,2026-06-09T09:46:05.266Z,4155.899999999907,"[{""t"":154258.7000000002,""value"":1},{""t"":154814,""value"":2},{""t"":155287.7000000002,""value"":3},{""t"":156136.8999999999,""value"":4}]"
8a1c8d76-54da-4d91-9987-505a77eaa620,KT030904,ENUM104,,ha,5,0.3.0-v2,7,false,3,true,22,normal,KT030904-r7-rain,0.5191124230046399,high,KT030904-r7-price,0.03605771937968874,12.29,1.6,28.863999999999997,2026-06-09T09:46:08.869Z,2026-06-09T09:46:14.236Z,5366.899999999907,"[{""t"":162361.1000000001,""value"":1},{""t"":163061.5,""value"":2},{""t"":164881.8999999999,""value"":3}]"
8a1c8d76-54da-4d91-9987-505a77eaa620,KT030904,ENUM104,,ha,5,0.3.0-v2,8,false,4,true,21,good,KT030904-r8-rain,0.25022535946713675,mid,KT030904-r8-price,0.7234968810665905,19.728,1,28.728,2026-06-09T09:46:17.906Z,2026-06-09T09:46:22.519Z,4612.699999999721,"[{""t"":171117.7999999998,""value"":1},{""t"":171722.2999999998,""value"":2},{""t"":172295.2000000002,""value"":3},{""t"":173486,""value"":4}]"
8a1c8d76-54da-4d91-9987-505a77eaa620,KT030904,ENUM104,,ha,5,0.3.0-v2,9,false,2,true,23,good,KT030904-r9-rain,0.05252109911185879,mid,KT030904-r9-price,0.294058680405598,16.144,1,27.144,2026-06-09T09:46:26.987Z,2026-06-09T09:46:30.932Z,3944.600000000093,"[{""t"":180251,""value"":1},{""t"":180954.2000000002,""value"":2}]"
fd25b41a-9975-498e-a577-60e77455a711,KD030506,ENUM102,,en,5,0.3.0-v2,practice,true,5,true,20,drought,KD030506-rpractice-rain,0.9818816703211627,mid,KD030506-rpractice-price,0.5620848093692913,2,1,20,2026-06-09T16:15:21.176Z,2026-06-09T16:17:08.181Z,107004.39999999851,"[{""t"":555889.799999997,""value"":1},{""t"":558417.1999999955,""value"":2},{""t"":559219.599999994,""value"":3},{""t"":559827,""value"":4},{""t"":560382,""value"":5}]"
fd25b41a-9975-498e-a577-60e77455a711,KD030506,ENUM102,,en,5,0.3.0-v2,0,false,3,true,22,good,KD030506-r0-rain,0.4329939032765507,mid,KD030506-r0-price,0.20000784286994924,18.006,1,28.006,2026-06-09T16:17:37.413Z,2026-06-09T16:17:45.069Z,7656.29999999702,"[{""t"":597294.1999999955,""value"":1},{""t"":597825.599999994,""value"":2},{""t"":598317,""value"":3}]"
fd25b41a-9975-498e-a577-60e77455a711,KD030506,ENUM102,,en,5,0.3.0-v2,1,false,2,true,23,normal,KD030506-r1-rain,0.582006728165889,low,KD030506-r1-price,0.9639299337607422,10.96,0.6,24.776,2026-06-09T16:17:58.260Z,2026-06-09T16:18:25.937Z,27676.5,"[{""t"":640954.1999999955,""value"":1},{""t"":641505.299999997,""value"":2}]"
fd25b41a-9975-498e-a577-60e77455a711,KD030506,ENUM102,,en,5,0.3.0-v2,2,false,0,false,25,drought,KD030506-r2-rain,0.6602949730227633,low,KD030506-r2-price,0.9999608212168118,2,0.6,25,2026-06-09T16:18:37.073Z,2026-06-09T16:18:54.890Z,17816.19999999553,[]
fd25b41a-9975-498e-a577-60e77455a711,KD030506,ENUM102,,en,5,0.3.0-v2,3,false,4,true,21,good,KD030506-r3-rain,0.08274508395152314,mid,KD030506-r3-price,0.47761999641742475,19.728,1,28.728,2026-06-09T16:19:46.175Z,2026-06-09T16:19:54.600Z,8425,"[{""t"":727199.5,""value"":1},{""t"":727575.6999999955,""value"":2},{""t"":728043.8999999985,""value"":3},{""t"":728700.599999994,""value"":4}]"
fd25b41a-9975-498e-a577-60e77455a711,KD030506,ENUM102,,en,5,0.3.0-v2,4,false,0,false,25,drought,KD030506-r4-rain,0.955930913676447,low,KD030506-r4-price,0.5852675959230801,2,0.6,25,2026-06-09T16:20:06.886Z,2026-06-09T16:20:09.776Z,2889.7999999970198,[]
fd25b41a-9975-498e-a577-60e77455a711,KD030506,ENUM102,,en,5,0.3.0-v2,5,false,5,true,20,good,KD030506-r5-rain,0.17684966826839496,mid,KD030506-r5-price,0.5363169545969627,21.310000000000002,1,29.310000000000002,2026-06-09T16:20:18.915Z,2026-06-09T16:20:23.034Z,4118.5,"[{""t"":757577,""value"":1},{""t"":757908.5,""value"":2},{""t"":758180.599999994,""value"":3},{""t"":758457.8999999985,""value"":4},{""t"":758821.6999999955,""value"":5}]"
fd25b41a-9975-498e-a577-60e77455a711,KD030506,ENUM102,,en,5,0.3.0-v2,6,false,3,true,22,good,KD030506-r6-rain,0.5247848861105067,high,KD030506-r6-price,0.03898635669186711,18.006,1.6,31.6096,2026-06-09T16:20:32.422Z,2026-06-09T16:20:38.068Z,5645.60000000149,"[{""t"":771305,""value"":1},{""t"":771599.599999994,""value"":2},{""t"":771888,""value"":3}]"
fd25b41a-9975-498e-a577-60e77455a711,KD030506,ENUM102,,en,5,0.3.0-v2,7,false,0,false,25,normal,KD030506-r7-rain,0.3045622150702214,mid,KD030506-r7-price,0.6298982361700433,8,1,25,2026-06-09T16:20:49.429Z,2026-06-09T16:20:56.520Z,7090.80000000447,[]
fd25b41a-9975-498e-a577-60e77455a711,KD030506,ENUM102,,en,5,0.3.0-v2,8,false,4,true,21,normal,KD030506-r8-rain,0.5429832558547951,mid,KD030506-r8-price,0.5854681761178504,13.52,1,26.52,2026-06-09T16:21:07.316Z,2026-06-09T16:21:12.456Z,5138.89999999851,"[{""t"":807340.799999997,""value"":1},{""t"":807600.5,""value"":2},{""t"":807892.8999999985,""value"":3},{""t"":808451.6999999955,""value"":4}]"
fd25b41a-9975-498e-a577-60e77455a711,KD030506,ENUM102,,en,5,0.3.0-v2,9,false,2,true,23,good,KD030506-r9-rain,0.010177573150014527,mid,KD030506-r9-price,0.5087708870046463,16.144,1,27.144,2026-06-09T16:21:22.125Z,2026-06-09T16:21:27.441Z,5316.10000000149,"[{""t"":822672.799999997,""value"":1},{""t"":823292.299999997,""value"":2}]"
5ba14057-e5da-4474-9777-4831e5eab5be,1,1,,en,5,0.3.0-v2,practice,true,6,true,19,good,1-rpractice-rain,0.5337972924628342,low,1-rpractice-price,0.9612583808420218,22.752,0.6,25.4512,2026-06-07T09:43:58.244Z,2026-06-07T09:44:06.841Z,8596.300000000047,"[{""t"":14669.599999999977,""value"":1},{""t"":14885.400000000023,""value"":2},{""t"":15260.5,""value"":3},{""t"":15467.800000000047,""value"":4},{""t"":15660.400000000023,""value"":5},{""t"":16366.300000000047,""value"":6},{""t"":16829.800000000047,""value"":7},{""t"":18661.70000000007,""value"":8},{""t"":19974.400000000023,""value"":7},{""t"":20206.300000000047,""value"":6}]"
5ba14057-e5da-4474-9777-4831e5eab5be,1,1,,en,5,0.3.0-v2,0,false,6,true,19,normal,1-r0-rain,0.8379665678707459,mid,1-r0-price,0.24216923365819493,15.68,1,26.68,2026-06-07T10:38:14.053Z,2026-06-07T10:38:18.261Z,4207.799999999814,"[{""t"":8762.399999999907,""value"":1},{""t"":8942.5,""value"":2},{""t"":9453.799999999814,""value"":3},{""t"":9595.399999999907,""value"":4},{""t"":9765.299999999814,""value"":5},{""t"":9864.899999999907,""value"":6}]"
5ba14057-e5da-4474-9777-4831e5eab5be,1,1,,en,5,0.3.0-v2,1,false,3,true,22,good,1-r1-rain,0.23706354558248954,mid,1-r1-price,0.34295338503104394,18.006,1,28.006,2026-06-07T10:38:24.263Z,2026-06-07T10:38:27.326Z,3062.5999999996275,"[{""t"":18031.5,""value"":1},{""t"":18152.899999999907,""value"":2},{""t"":18338.69999999972,""value"":3}]"
5ba14057-e5da-4474-9777-4831e5eab5be,1,1,,en,5,0.3.0-v2,2,false,5,true,20,good,1-r2-rain,0.24149382097008812,high,1-r2-price,0.07274077384941989,21.310000000000002,1.6,34.896,2026-06-07T10:38:32.115Z,2026-06-07T10:38:36.126Z,4011.5,"[{""t"":25612.799999999814,""value"":1},{""t"":26369.69999999972,""value"":2},{""t"":26572.399999999907,""value"":3},{""t"":26714,""value"":4},{""t"":26875.5,""value"":5}]"
5ba14057-e5da-4474-9777-4831e5eab5be,1,1,,en,5,0.3.0-v2,3,false,8,true,17,good,1-r3-rain,0.3320177380356095,high,1-r3-price,0.09158007471733934,25.216,1.6,38.1456,2026-06-07T10:38:40.494Z,2026-06-07T10:39:06.595Z,26100.80000000028,"[{""t"":52588.89999999991,""value"":1},{""t"":52752.60000000009,""value"":2},{""t"":53032.5,""value"":3},{""t"":53764.19999999972,""value"":4},{""t"":53936.5,""value"":5},{""t"":54489,""value"":6},{""t"":56975.39999999991,""value"":7},{""t"":57153.799999999814,""value"":8}]"
5ba14057-e5da-4474-9777-4831e5eab5be,1,1,,en,5,0.3.0-v2,4,false,7,true,18,drought,1-r4-rain,0.9521624049175255,low,1-r4-price,0.9199897495526025,2,0.6,18,2026-06-07T10:39:11.244Z,2026-06-07T10:39:17.248Z,6003,"[{""t"":64794.5,""value"":1},{""t"":64949.10000000009,""value"":2},{""t"":65128.89999999991,""value"":3},{""t"":65261.89999999991,""value"":4},{""t"":65440.299999999814,""value"":5},{""t"":65586.79999999981,""value"":6},{""t"":65753,""value"":7}]"
5ba14057-e5da-4474-9777-4831e5eab5be,1,1,,en,5,0.3.0-v2,5,false,5,true,20,good,1-r5-rain,0.3259724922112453,high,1-r5-price,0.19611408880346964,21.310000000000002,1.6,34.896,2026-06-07T10:39:22.132Z,2026-06-07T10:39:25.071Z,2938.7000000001863,"[{""t"":75677.1000000001,""value"":1},{""t"":75856,""value"":2},{""t"":76035.29999999981,""value"":3},{""t"":76230.8999999999,""value"":4},{""t"":76358,""value"":5}]"
5ba14057-e5da-4474-9777-4831e5eab5be,1,1,,en,5,0.3.0-v2,6,false,7,true,18,good,1-r6-rain,0.005184981925122793,mid,1-r6-price,0.3669371760520247,24.054,1,30.054,2026-06-07T10:39:29.449Z,2026-06-07T10:39:34.145Z,4695.899999999907,"[{""t"":82938.5,""value"":1},{""t"":83120.19999999972,""value"":2},{""t"":83302.1000000001,""value"":3},{""t"":83493.6000000001,""value"":4},{""t"":84353.3999999999,""value"":5},{""t"":85126.29999999981,""value"":6},{""t"":85326.6000000001,""value"":7}]"
5ba14057-e5da-4474-9777-4831e5eab5be,1,1,,en,5,0.3.0-v2,7,false,5,true,20,normal,1-r7-rain,0.36583686676033306,high,1-r7-price,0.18971037663257187,14.65,1.6,30.64,2026-06-07T10:39:38.298Z,2026-06-07T10:39:41.944Z,3645.7999999998137,"[{""t"":91879.1000000001,""value"":1},{""t"":92074.19999999972,""value"":2},{""t"":92232.69999999972,""value"":3},{""t"":92399.19999999972,""value"":4},{""t"":92578.8999999999,""value"":5}]"
5ba14057-e5da-4474-9777-4831e5eab5be,1,1,,en,5,0.3.0-v2,8,false,6,true,19,good,1-r8-rain,0.12721990013067125,mid,1-r8-price,0.587859106477554,22.752,1,29.752,2026-06-07T10:39:46.638Z,2026-06-07T10:39:50.992Z,4353.700000000186,"[{""t"":100107.1000000001,""value"":1},{""t"":100290.3999999999,""value"":2},{""t"":100490.8999999999,""value"":3},{""t"":100669.79999999981,""value"":4},{""t"":101753.8999999999,""value"":5},{""t"":102491.79999999981,""value"":6}]"
5ba14057-e5da-4474-9777-4831e5eab5be,1,1,,en,5,0.3.0-v2,9,false,5,true,20,good,1-r9-rain,0.149290370714575,mid,1-r9-price,0.37412963390109694,21.310000000000002,1,29.310000000000002,2026-06-07T10:39:54.612Z,2026-06-07T10:39:58.604Z,3991.2999999998137,"[{""t"":108360.3999999999,""value"":1},{""t"":109017.5,""value"":2},{""t"":109207.6000000001,""value"":3},{""t"":109367.29999999981,""value"":4},{""t"":109544.3999999999,""value"":5}]"
43081da9-445d-470e-99ab-b236562f77b8,KD030602,ENUM302,,ha,5,0.3.0-v2,practice,true,7,true,18,good,KD030602-rpractice-rain,0.178586066795812,high,KD030602-rpractice-price,0.1567410486323642,24.054,1.6,37.2864,2026-06-08T17:05:07.815Z,2026-06-08T17:08:00.466Z,172650.6000000015,"[{""t"":29447891.099999998,""value"":1},{""t"":29450190.3,""value"":2},{""t"":29451349.999999996,""value"":3},{""t"":29485865.999999996,""value"":2},{""t"":29486055.8,""value"":1},{""t"":29486782.999999996,""value"":0},{""t"":29490743.499999996,""value"":1},{""t"":29491025.2,""value"":2},{""t"":29491444.999999996,""value"":3},{""t"":29491838.3,""value"":4},{""t"":29492379.8,""value"":5},{""t"":29493422.2,""value"":6},{""t"":29494557.7,""value"":7}]"
43081da9-445d-470e-99ab-b236562f77b8,KD030602,ENUM302,,ha,5,0.3.0-v2,0,false,7,true,18,good,KD030602-r0-rain,0.5104667158522226,high,KD030602-r0-price,0.05221224921972066,24.054,1.6,37.2864,2026-06-08T17:08:38.113Z,2026-06-08T17:09:39.454Z,61341.39999999851,"[{""t"":29588801.999999996,""value"":1},{""t"":29589235.599999998,""value"":2},{""t"":29589612.499999996,""value"":3},{""t"":29589885.8,""value"":4},{""t"":29590119.099999998,""value"":5},{""t"":29590375.7,""value"":6},{""t"":29590912.7,""value"":7}]"
43081da9-445d-470e-99ab-b236562f77b8,KD030602,ENUM302,,ha,5,0.3.0-v2,1,false,6,true,19,normal,KD030602-r1-rain,0.6505824443433939,low,KD030602-r1-price,0.8672539411248306,15.68,0.6,23.608,2026-06-08T17:09:52.698Z,2026-06-08T17:10:06.956Z,14257.80000000447,"[{""t"":29621959.099999998,""value"":1},{""t"":29622680.900000002,""value"":2},{""t"":29623271.8,""value"":3},{""t"":29624349.400000002,""value"":4},{""t"":29626041.2,""value"":5},{""t"":29628884.900000002,""value"":6}]"
43081da9-445d-470e-99ab-b236562f77b8,KD030602,ENUM302,,ha,5,0.3.0-v2,2,false,4,true,21,normal,KD030602-r2-rain,0.31133484707985437,high,KD030602-r2-price,0.0384791053300492,13.52,1.6,29.832,2026-06-08T17:10:22.862Z,2026-06-08T17:10:50.633Z,27770.5,"[{""t"":29652661.3,""value"":1},{""t"":29653974.8,""value"":2},{""t"":29655508.2,""value"":3},{""t"":29668301.599999998,""value"":4}]"
43081da9-445d-470e-99ab-b236562f77b8,KD030602,ENUM302,,ha,5,0.3.0-v2,3,false,6,true,19,good,KD030602-r3-rain,0.5005747457876917,mid,KD030602-r3-price,0.39636481250559286,22.752,1,29.752,2026-06-08T17:11:04.310Z,2026-06-08T17:11:12.132Z,7821.10000000149,"[{""t"":29693015.2,""value"":1},{""t"":29693551.900000002,""value"":2},{""t"":29693883.099999998,""value"":3},{""t"":29694159.499999996,""value"":4},{""t"":29694464.900000002,""value"":5},{""t"":29694729.2,""value"":6}]"
43081da9-445d-470e-99ab-b236562f77b8,KD030602,ENUM302,,ha,5,0.3.0-v2,4,false,6,true,19,drought,KD030602-r4-rain,0.9307901229424722,high,KD030602-r4-price,0.012529019911201486,2,1.6,19,2026-06-08T17:11:19.686Z,2026-06-08T17:11:42.712Z,23026.20000000298,"[{""t"":29716803.2,""value"":1},{""t"":29717427.7,""value"":2},{""t"":29717914.999999996,""value"":3},{""t"":29718443.7,""value"":4},{""t"":29719206.999999996,""value"":5},{""t"":29722539.8,""value"":6}]"
43081da9-445d-470e-99ab-b236562f77b8,KD030602,ENUM302,,ha,5,0.3.0-v2,5,false,8,true,17,good,KD030602-r5-rain,0.14557203629767193,mid,KD030602-r5-price,0.7662168900036664,25.216,1,30.216,2026-06-08T17:11:51.758Z,2026-06-08T17:12:00.688Z,8930.5,"[{""t"":29738866.499999996,""value"":1},{""t"":29739156.499999996,""value"":2},{""t"":29739427.599999998,""value"":3},{""t"":29739689.2,""value"":4},{""t"":29739957.2,""value"":5},{""t"":29740223.099999998,""value"":6},{""t"":29741263.599999998,""value"":7},{""t"":29743290.3,""value"":8}]"
43081da9-445d-470e-99ab-b236562f77b8,KD030602,ENUM302,,ha,5,0.3.0-v2,6,false,6,true,19,good,KD030602-r6-rain,0.20079578437473822,mid,KD030602-r6-price,0.5749594417388785,22.752,1,29.752,2026-06-08T17:12:12.513Z,2026-06-08T17:12:20.696Z,8181.89999999851,"[{""t"":29758839.8,""value"":1},{""t"":29759305.900000002,""value"":2},{""t"":29759625.400000002,""value"":3},{""t"":29759864.7,""value"":4},{""t"":29760175.900000002,""value"":5},{""t"":29763655.400000002,""value"":6}]"
43081da9-445d-470e-99ab-b236562f77b8,KD030602,ENUM302,,ha,5,0.3.0-v2,7,false,5,true,20,normal,KD030602-r7-rain,0.2626591945173966,mid,KD030602-r7-price,0.24367226196244923,14.65,1,26.65,2026-06-08T17:12:27.679Z,2026-06-08T17:13:25.656Z,57976.69999999553,"[{""t"":29816325.099999998,""value"":1},{""t"":29817544.400000002,""value"":2},{""t"":29818944.3,""value"":1},{""t"":29820535.8,""value"":2},{""t"":29821198.900000002,""value"":3},{""t"":29823503.599999998,""value"":4},{""t"":29828674.3,""value"":5}]"
43081da9-445d-470e-99ab-b236562f77b8,KD030602,ENUM302,,ha,5,0.3.0-v2,8,false,4,true,21,drought,KD030602-r8-rain,0.9175667929905565,mid,KD030602-r8-price,0.567943774190861,2,1,21,2026-06-08T17:13:37.659Z,2026-06-08T17:13:42.321Z,4661.60000000149,"[{""t"":29844510.599999998,""value"":1},{""t"":29844773.900000002,""value"":2},{""t"":29845005.099999998,""value"":3},{""t"":29845216.7,""value"":4}]"
43081da9-445d-470e-99ab-b236562f77b8,KD030602,ENUM302,,ha,5,0.3.0-v2,9,false,4,true,21,good,KD030602-r9-rain,0.009324217201740186,high,KD030602-r9-price,0.028959283786155636,19.728,1.6,33.3648,2026-06-08T17:13:48.556Z,2026-06-08T17:14:00.360Z,11803.29999999702,"[{""t"":29857659.499999996,""value"":1},{""t"":29857877.099999998,""value"":2},{""t"":29858085.3,""value"":3},{""t"":29858285.900000002,""value"":4}]"
e8e49cd5-348f-4130-bca6-c38b90abbe86,KD030502,ENUM302,,ha,5,0.3.0-v2,practice,true,7,true,18,normal,KD030502-rpractice-rain,0.7528345456660849,high,KD030502-rpractice-price,0.1660915368050233,16.61,1.6,31.776,2026-06-09T16:15:56.213Z,2026-06-09T16:17:33.785Z,97571.89999999106,"[{""t"":74774325.60000001,""value"":1},{""t"":74775513.8,""value"":2},{""t"":74776151,""value"":3},{""t"":74776686.4,""value"":4},{""t"":74777155.2,""value"":5},{""t"":74778398.8,""value"":4},{""t"":74778856,""value"":3},{""t"":74779391.10000001,""value"":2},{""t"":74780273.4,""value"":1},{""t"":74780929,""value"":0},{""t"":74828789.8,""value"":1},{""t"":74829366.8,""value"":2},{""t"":74829969.7,""value"":3},{""t"":74830747.9,""value"":4},{""t"":74831296.5,""value"":5},{""t"":74832600.4,""value"":6},{""t"":74833419,""value"":7}]"
e8e49cd5-348f-4130-bca6-c38b90abbe86,KD030502,ENUM302,,ha,5,0.3.0-v2,0,false,9,true,16,good,KD030502-r0-rain,0.34810228103889695,high,KD030502-r0-price,0.14776214998801426,26.238,1.6,38.7808,2026-06-09T16:18:09.407Z,2026-06-09T16:18:47.813Z,38405.30000001192,"[{""t"":74895841.2,""value"":1},{""t"":74896953.7,""value"":2},{""t"":74897529.8,""value"":3},{""t"":74898087,""value"":4},{""t"":74898891,""value"":5},{""t"":74914115.3,""value"":6},{""t"":74914562.4,""value"":7},{""t"":74915299.2,""value"":8},{""t"":74916043.10000001,""value"":9}]"
e8e49cd5-348f-4130-bca6-c38b90abbe86,KD030502,ENUM302,,ha,5,0.3.0-v2,1,false,10,true,15,good,KD030502-r1-rain,0.40746400977011643,high,KD030502-r1-price,0.0760688998966588,27.119999999999997,1.6,39.19199999999999,2026-06-09T16:19:04.886Z,2026-06-09T16:19:21.498Z,16611.90000000596,"[{""t"":74939828,""value"":1},{""t"":74940297.60000001,""value"":2},{""t"":74941741.5,""value"":3},{""t"":74942318.60000001,""value"":4},{""t"":74942850.8,""value"":5},{""t"":74943185.60000001,""value"":6},{""t"":74944627,""value"":7},{""t"":74945145.7,""value"":8},{""t"":74946292.10000001,""value"":9},{""t"":74946814.7,""value"":10}]"
e8e49cd5-348f-4130-bca6-c38b90abbe86,KD030502,ENUM302,,ha,5,0.3.0-v2,2,false,5,true,20,drought,KD030502-r2-rain,0.6938641191304039,mid,KD030502-r2-price,0.468189997611856,2,1,20,2026-06-09T16:19:33.205Z,2026-06-09T16:20:05.046Z,31840.59999999404,"[{""t"":74969259.2,""value"":1},{""t"":74969936.5,""value"":2},{""t"":74970355.8,""value"":3},{""t"":74970758.2,""value"":4},{""t"":74971438.9,""value"":5},{""t"":74972078.5,""value"":6},{""t"":74972583.2,""value"":7},{""t"":74973160.10000001,""value"":8},{""t"":74973652.2,""value"":9},{""t"":74974177.60000001,""value"":10},{""t"":74987630.9,""value"":9},{""t"":74989414.10000001,""value"":8},{""t"":74992593.2,""value"":7},{""t"":74995776,""value"":6},{""t"":74996523.10000001,""value"":5}]"
e8e49cd5-348f-4130-bca6-c38b90abbe86,KD030502,ENUM302,,ha,5,0.3.0-v2,3,false,10,true,15,good,KD030502-r3-rain,0.5770766771850973,mid,KD030502-r3-price,0.400805343801891,27.119999999999997,1,30.119999999999997,2026-06-09T16:20:47.366Z,2026-06-09T16:21:04.814Z,17447.20000000298,"[{""t"":75044094.2,""value"":1},{""t"":75044330.3,""value"":2},{""t"":75044566,""value"":3},{""t"":75044752.2,""value"":4},{""t"":75044961.5,""value"":5},{""t"":75045150.4,""value"":6},{""t"":75045689,""value"":7},{""t"":75046523.60000001,""value"":8},{""t"":75050344.60000001,""value"":9},{""t"":75054109,""value"":10}]"
e8e49cd5-348f-4130-bca6-c38b90abbe86,KD030502,ENUM302,,ha,5,0.3.0-v2,4,false,9,true,16,drought,KD030502-r4-rain,0.8113003094482195,mid,KD030502-r4-price,0.2838450181886652,2,1,16,2026-06-09T16:21:15.626Z,2026-06-09T16:21:22.583Z,6957,"[{""t"":75071006.9,""value"":1},{""t"":75071378.4,""value"":2},{""t"":75071590.3,""value"":3},{""t"":75071782.7,""value"":4},{""t"":75071944,""value"":5},{""t"":75072471.10000001,""value"":6},{""t"":75072912.8,""value"":7},{""t"":75073185.9,""value"":8},{""t"":75073887.3,""value"":9}]"
e8e49cd5-348f-4130-bca6-c38b90abbe86,KD030502,ENUM302,,ha,5,0.3.0-v2,5,false,9,true,16,drought,KD030502-r5-rain,0.9994436061142331,mid,KD030502-r5-price,0.7642462816504112,2,1,16,2026-06-09T16:21:33.186Z,2026-06-09T16:21:45.097Z,11910.90000000596,"[{""t"":75087814.5,""value"":1},{""t"":75088030.4,""value"":2},{""t"":75088232.60000001,""value"":3},{""t"":75088414.4,""value"":4},{""t"":75088622.7,""value"":5},{""t"":75088817.9,""value"":6},{""t"":75089020.9,""value"":7},{""t"":75089596.60000001,""value"":8},{""t"":75089790.10000001,""value"":9}]"
e8e49cd5-348f-4130-bca6-c38b90abbe86,KD030502,ENUM302,,ha,5,0.3.0-v2,6,false,10,true,15,good,KD030502-r6-rain,0.5618476074904787,mid,KD030502-r6-price,0.27905301388933323,27.119999999999997,1,30.119999999999997,2026-06-09T16:21:53.424Z,2026-06-09T16:21:59.624Z,6199.70000000298,"[{""t"":75108653.4,""value"":1},{""t"":75108886.5,""value"":2},{""t"":75109089.7,""value"":3},{""t"":75109263.8,""value"":4},{""t"":75109462.3,""value"":5},{""t"":75109865.7,""value"":6},{""t"":75110031.4,""value"":7},{""t"":75110240,""value"":8},{""t"":75110441.7,""value"":9},{""t"":75110649.4,""value"":10}]"
e8e49cd5-348f-4130-bca6-c38b90abbe86,KD030502,ENUM302,,ha,5,0.3.0-v2,7,false,4,true,21,normal,KD030502-r7-rain,0.21978928594678018,mid,KD030502-r7-price,0.6972546767857486,13.52,1,26.52,2026-06-09T16:22:05.746Z,2026-06-09T16:22:15.622Z,9875.90000000596,"[{""t"":75123837.2,""value"":1},{""t"":75124620.60000001,""value"":2},{""t"":75124844.10000001,""value"":3},{""t"":75125161.4,""value"":4}]"
e8e49cd5-348f-4130-bca6-c38b90abbe86,KD030502,ENUM302,,ha,5,0.3.0-v2,8,false,7,true,18,normal,KD030502-r8-rain,0.4085790514551075,low,KD030502-r8-price,0.8967818233153106,16.61,0.6,23.166,2026-06-09T16:22:25.263Z,2026-06-09T16:22:33.954Z,8690.59999999404,"[{""t"":75140332.60000001,""value"":1},{""t"":75140530.10000001,""value"":2},{""t"":75140690,""value"":3},{""t"":75140864.2,""value"":4},{""t"":75141086.3,""value"":5},{""t"":75141246.9,""value"":6},{""t"":75141422,""value"":7},{""t"":75142059.4,""value"":8},{""t"":75142303.10000001,""value"":9},{""t"":75143396.10000001,""value"":8},{""t"":75144837,""value"":7}]"
e8e49cd5-348f-4130-bca6-c38b90abbe86,KD030502,ENUM302,,ha,5,0.3.0-v2,9,false,7,true,18,drought,KD030502-r9-rain,0.6102666763971976,mid,KD030502-r9-price,0.545136468462875,2,1,18,2026-06-09T16:22:39.450Z,2026-06-09T16:22:46.889Z,7439,"[{""t"":75154312.2,""value"":1},{""t"":75154681.7,""value"":2},{""t"":75154870.3,""value"":3},{""t"":75155058.8,""value"":4},{""t"":75155237.7,""value"":5},{""t"":75155482.7,""value"":6},{""t"":75156295.3,""value"":7}]"
5bf5e000-cbdd-429f-8958-eb80b8901c49,KD030501,ENUM301,,en,5,0.3.0-v2,practice,true,2,true,23,normal,KD030501-rpractice-rain,0.7537753482298227,low,KD030501-rpractice-price,0.8920474883879209,10.96,0.6,24.776,2026-06-09T16:40:00.733Z,2026-06-09T16:42:12.086Z,125245.5,"[{""t"":219428.3999999985,""value"":1},{""t"":229041.6000000015,""value"":2}]"
5bf5e000-cbdd-429f-8958-eb80b8901c49,KD030501,ENUM301,,en,5,0.3.0-v2,0,false,1,true,24,good,KD030501-r0-rain,0.5749024304665289,low,KD030501-r0-price,0.8096014670125349,14.142,0.6,25.2852,2026-06-09T16:42:26.069Z,2026-06-09T16:43:01.568Z,35499.09999999404,"[{""t"":267718.5,""value"":1}]"
5bf5e000-cbdd-429f-8958-eb80b8901c49,KD030501,ENUM301,,en,5,0.3.0-v2,1,false,5,true,20,normal,KD030501-r1-rain,0.5205588816541429,mid,KD030501-r1-price,0.3705920317942686,14.65,1,26.65,2026-06-09T16:43:15.311Z,2026-06-09T16:43:39.016Z,23704.79999999702,"[{""t"":316224.5,""value"":1},{""t"":321242,""value"":2},{""t"":323454,""value"":3},{""t"":324059.200000003,""value"":4},{""t"":325138.8999999985,""value"":5}]"
5bf5e000-cbdd-429f-8958-eb80b8901c49,KD030501,ENUM301,,en,5,0.3.0-v2,2,false,7,true,18,drought,KD030501-r2-rain,0.8014821424709977,high,KD030501-r2-price,0.26814030896536495,2,1.6,18,2026-06-09T16:44:15.368Z,2026-06-09T16:44:26.392Z,11023.89999999851,"[{""t"":368915.6000000015,""value"":1},{""t"":369589.200000003,""value"":2},{""t"":370241.799999997,""value"":3},{""t"":370617.1000000015,""value"":4},{""t"":370926,""value"":5},{""t"":371402.5,""value"":6},{""t"":371829,""value"":7}]"
5bf5e000-cbdd-429f-8958-eb80b8901c49,KD030501,ENUM301,,en,5,0.3.0-v2,3,false,9,true,16,normal,KD030501-r3-rain,0.6224783286139158,high,KD030501-r3-price,0.027417456108189853,18.17,1.6,32.272000000000006,2026-06-09T16:45:50.276Z,2026-06-09T16:47:06.965Z,76689.19999999553,"[{""t"":515865.200000003,""value"":1},{""t"":520525.200000003,""value"":2},{""t"":522831.799999997,""value"":3},{""t"":523761.6000000015,""value"":4},{""t"":524352.8999999985,""value"":5},{""t"":524975.1000000015,""value"":6},{""t"":525710.8999999985,""value"":7},{""t"":527475.5,""value"":8},{""t"":527967.8999999985,""value"":9}]"
5bf5e000-cbdd-429f-8958-eb80b8901c49,KD030501,ENUM301,,en,5,0.3.0-v2,4,false,1,true,24,good,KD030501-r4-rain,0.1807583916032694,low,KD030501-r4-price,0.8576515729962844,14.142,0.6,25.2852,2026-06-09T16:49:59.343Z,2026-06-09T16:50:05.443Z,6100.20000000298,"[{""t"":681477,""value"":1}]"
5bf5e000-cbdd-429f-8958-eb80b8901c49,KD030501,ENUM301,,en,5,0.3.0-v2,5,false,9,true,16,normal,KD030501-r5-rain,0.8561170506178055,high,KD030501-r5-price,0.03125248661905175,18.17,1.6,32.272000000000006,2026-06-09T16:50:41.989Z,2026-06-09T16:50:52.409Z,10419.79999999702,"[{""t"":725174.8999999985,""value"":1},{""t"":725464.299999997,""value"":2},{""t"":725693.5,""value"":3},{""t"":725921.700000003,""value"":4},{""t"":726106,""value"":5},{""t"":726288.5,""value"":6},{""t"":726467.3999999985,""value"":7},{""t"":726647.5,""value"":8},{""t"":727381.8999999985,""value"":9}]"
5bf5e000-cbdd-429f-8958-eb80b8901c49,KD030501,ENUM301,,en,5,0.3.0-v2,6,false,5,true,20,normal,KD030501-r6-rain,0.7772557289567569,high,KD030501-r6-price,0.06958874203036512,14.65,1.6,30.64,2026-06-09T16:51:29.984Z,2026-06-09T16:51:45.330Z,15345.60000000149,"[{""t"":776671.6000000015,""value"":1},{""t"":777145.8999999985,""value"":2},{""t"":777620,""value"":3},{""t"":778487.1000000015,""value"":4},{""t"":780973.5,""value"":5}]"
5bf5e000-cbdd-429f-8958-eb80b8901c49,KD030501,ENUM301,,en,5,0.3.0-v2,7,false,3,true,22,normal,KD030501-r7-rain,0.30183285447616215,low,KD030501-r7-price,0.9291311238167119,12.29,0.6,24.573999999999998,2026-06-09T16:52:24.790Z,2026-06-09T16:52:33.083Z,8292.79999999702,"[{""t"":826697.799999997,""value"":1},{""t"":827630.3999999985,""value"":2},{""t"":828366.5,""value"":3}]"
5bf5e000-cbdd-429f-8958-eb80b8901c49,KD030501,ENUM301,,en,5,0.3.0-v2,8,false,7,true,18,drought,KD030501-r8-rain,0.8313228240836077,mid,KD030501-r8-price,0.39126187812160224,2,1,18,2026-06-09T16:53:22.617Z,2026-06-09T16:53:35.740Z,13121.90000000596,"[{""t"":889076.299999997,""value"":1},{""t"":889500.5,""value"":2},{""t"":889860.3999999985,""value"":3},{""t"":890286.200000003,""value"":4},{""t"":890694.3999999985,""value"":5},{""t"":891218.6000000015,""value"":6},{""t"":891824.3999999985,""value"":7}]"
5bf5e000-cbdd-429f-8958-eb80b8901c49,KD030501,ENUM301,,en,5,0.3.0-v2,9,false,2,true,23,normal,KD030501-r9-rain,0.4870798863222495,high,KD030501-r9-price,0.14935939035100665,10.96,1.6,27.736,2026-06-09T16:54:03.991Z,2026-06-09T16:54:21.628Z,17636.70000000298,"[{""t"":930797.299999997,""value"":1},{""t"":933505.3999999985,""value"":2}]"
e9f8ee33-d963-4187-9ae0-ff9f108fae8b,KD030607,ENUM307,,en,5,0.3.0-v2,practice,true,4,true,21,drought,KD030607-rpractice-rain,0.9498136678619821,high,KD030607-rpractice-price,0.1825500110700613,2,1.6,21,2026-06-08T17:17:08.935Z,2026-06-08T17:18:57.516Z,108581.40000000037,"[{""t"":388000.5,""value"":1},{""t"":388456,""value"":2},{""t"":388978,""value"":3},{""t"":389472,""value"":4}]"
e9f8ee33-d963-4187-9ae0-ff9f108fae8b,KD030607,ENUM307,,en,5,0.3.0-v2,0,false,2,true,23,good,KD030607-r0-rain,0.6328910187909985,mid,KD030607-r0-price,0.6582599781005214,16.144,1,27.144,2026-06-08T17:19:42.371Z,2026-06-08T17:20:25.072Z,42701,"[{""t"":483323.39999999944,""value"":1},{""t"":483936.19999999925,""value"":2}]"
e9f8ee33-d963-4187-9ae0-ff9f108fae8b,KD030607,ENUM307,,en,5,0.3.0-v2,1,false,1,true,24,drought,KD030607-r1-rain,0.9881775841356232,mid,KD030607-r1-price,0.42815463727807956,2,1,24,2026-06-08T17:21:16.468Z,2026-06-08T17:21:59.200Z,42731.5,"[{""t"":572421,""value"":1},{""t"":575256.5,""value"":0},{""t"":577359.1999999993,""value"":1}]"
e9f8ee33-d963-4187-9ae0-ff9f108fae8b,KD030607,ENUM307,,en,5,0.3.0-v2,2,false,2,true,23,normal,KD030607-r2-rain,0.38717750537601414,mid,KD030607-r2-price,0.3161562850927628,10.96,1,25.96,2026-06-08T17:23:02.822Z,2026-06-08T17:23:15.200Z,12377.5,"[{""t"":653539.5999999996,""value"":1},{""t"":654035,""value"":2}]"
e9f8ee33-d963-4187-9ae0-ff9f108fae8b,KD030607,ENUM307,,en,5,0.3.0-v2,3,false,3,true,22,good,KD030607-r3-rain,0.25998860701820947,low,KD030607-r3-price,0.7635745986894199,18.006,0.6,25.6036,2026-06-08T17:24:03.219Z,2026-06-08T17:24:11.172Z,7951.9000000003725,"[{""t"":709533.1999999993,""value"":1},{""t"":709787.8999999994,""value"":2},{""t"":710153.5999999996,""value"":3}]"
e9f8ee33-d963-4187-9ae0-ff9f108fae8b,KD030607,ENUM307,,en,5,0.3.0-v2,4,false,3,true,22,drought,KD030607-r4-rain,0.8621608422921991,low,KD030607-r4-price,0.7027306675934775,2,0.6,22,2026-06-08T17:24:44.937Z,2026-06-08T17:25:27.322Z,42384.5,"[{""t"":773040.0999999996,""value"":1},{""t"":782290.2999999998,""value"":2},{""t"":783179.8999999994,""value"":3}]"
e9f8ee33-d963-4187-9ae0-ff9f108fae8b,KD030607,ENUM307,,en,5,0.3.0-v2,5,false,2,true,23,good,KD030607-r5-rain,0.195084119302211,high,KD030607-r5-price,0.3098479130660349,16.144,1.6,29.630399999999998,2026-06-08T17:25:55.151Z,2026-06-08T17:26:07.520Z,12368.800000000745,"[{""t"":823583.5,""value"":1},{""t"":825000.5999999996,""value"":2}]"
e9f8ee33-d963-4187-9ae0-ff9f108fae8b,KD030607,ENUM307,,en,5,0.3.0-v2,6,false,2,true,23,good,KD030607-r6-rain,0.5864011179123431,low,KD030607-r6-price,0.6155209264809811,16.144,0.6,25.4864,2026-06-08T17:26:29.569Z,2026-06-08T17:26:35.387Z,5817.9000000003725,"[{""t"":852550.6999999993,""value"":1},{""t"":854057.3999999994,""value"":2}]"
e9f8ee33-d963-4187-9ae0-ff9f108fae8b,KD030607,ENUM307,,en,5,0.3.0-v2,7,false,2,true,23,good,KD030607-r7-rain,0.049989750497373996,low,KD030607-r7-price,0.8179479270831769,16.144,0.6,25.4864,2026-06-08T17:26:46.349Z,2026-06-08T17:27:18.408Z,32058.699999999255,"[{""t"":893800.5,""value"":1},{""t"":896160.2999999998,""value"":2}]"
e9f8ee33-d963-4187-9ae0-ff9f108fae8b,KD030607,ENUM307,,en,5,0.3.0-v2,8,false,3,true,22,drought,KD030607-r8-rain,0.8958249835437593,high,KD030607-r8-price,0.12201924323676135,2,1.6,22,2026-06-08T17:27:32.441Z,2026-06-08T17:27:42.511Z,10069.799999999814,"[{""t"":918979.7999999998,""value"":1},{""t"":920220.5999999996,""value"":2},{""t"":921537.8999999994,""value"":3}]"
e9f8ee33-d963-4187-9ae0-ff9f108fae8b,KD030607,ENUM307,,en,5,0.3.0-v2,9,false,2,true,23,good,KD030607-r9-rain,0.022398154175855566,high,KD030607-r9-price,0.11143656341936682,16.144,1.6,29.630399999999998,2026-06-08T17:27:56.239Z,2026-06-08T17:28:07.468Z,11228.100000000559,"[{""t"":945162.7999999998,""value"":1},{""t"":946564,""value"":2}]"
7119025a-7982-4152-930a-80594838e65f,KD030507,ENUM307,,en,5,0.3.0-v2,practice,true,7,true,18,normal,KD030507-rpractice-rain,0.8085775665214192,low,KD030507-rpractice-price,0.724409087911286,16.61,0.6,23.166,2026-06-09T16:54:16.041Z,2026-06-09T16:55:28.230Z,72188.59999999963,"[{""t"":1085168.1000000015,""value"":1},{""t"":1086218.4000000004,""value"":2},{""t"":1086732.2000000011,""value"":3},{""t"":1087167.6000000015,""value"":4},{""t"":1087604.5,""value"":5},{""t"":1088081.8000000007,""value"":6},{""t"":1088756.4000000004,""value"":7}]"
7119025a-7982-4152-930a-80594838e65f,KD030507,ENUM307,,en,5,0.3.0-v2,0,false,5,true,20,good,KD030507-r0-rain,0.328827323097241,high,KD030507-r0-price,0.1219262599007348,21.310000000000002,1.6,34.896,2026-06-09T16:56:50.441Z,2026-06-09T16:57:27.852Z,37411.29999999888,"[{""t"":1243581.3000000007,""value"":1},{""t"":1244344.4000000004,""value"":2},{""t"":1244928.5,""value"":3},{""t"":1245351,""value"":4},{""t"":1245817.9000000004,""value"":5}]"
7119025a-7982-4152-930a-80594838e65f,KD030507,ENUM307,,en,5,0.3.0-v2,1,false,4,true,21,drought,KD030507-r1-rain,0.9235735337337038,high,KD030507-r1-price,0.06852524196939815,2,1.6,21,2026-06-09T16:58:21.733Z,2026-06-09T16:58:32.604Z,10871,"[{""t"":1319074.8000000007,""value"":1},{""t"":1319411.9000000004,""value"":2},{""t"":1319645.5,""value"":3},{""t"":1320170.2000000011,""value"":4}]"
7119025a-7982-4152-930a-80594838e65f,KD030507,ENUM307,,en,5,0.3.0-v2,2,false,3,true,22,good,KD030507-r2-rain,0.04722437891268381,mid,KD030507-r2-price,0.6877771331669024,18.006,1,28.006,2026-06-09T17:00:28.875Z,2026-06-09T17:00:51.129Z,22254.300000000745,"[{""t"":1458681.6000000015,""value"":1},{""t"":1459217.7000000011,""value"":2},{""t"":1459585.5,""value"":3}]"
7119025a-7982-4152-930a-80594838e65f,KD030507,ENUM307,,en,5,0.3.0-v2,3,false,5,true,20,good,KD030507-r3-rain,0.5805171403696462,mid,KD030507-r3-price,0.6078837924043211,21.310000000000002,1,29.310000000000002,2026-06-09T17:02:14.666Z,2026-06-09T17:02:29.446Z,14779.800000000745,"[{""t"":1556084.4000000004,""value"":1},{""t"":1556439.8000000007,""value"":2},{""t"":1556666.5,""value"":3},{""t"":1557117.1000000015,""value"":4},{""t"":1557608.3000000007,""value"":5}]"
7119025a-7982-4152-930a-80594838e65f,KD030507,ENUM307,,en,5,0.3.0-v2,4,false,4,true,21,good,KD030507-r4-rain,0.027876268394893138,low,KD030507-r4-price,0.9254173931987855,19.728,0.6,25.6368,2026-06-09T17:03:05.310Z,2026-06-09T17:03:11.071Z,5761.200000001118,"[{""t"":1597121.7000000011,""value"":1},{""t"":1597448.8000000007,""value"":2},{""t"":1597785.7000000011,""value"":3},{""t"":1598183.2000000011,""value"":4}]"
7119025a-7982-4152-930a-80594838e65f,KD030507,ENUM307,,en,5,0.3.0-v2,5,false,5,true,20,good,KD030507-r5-rain,0.07572435225489477,high,KD030507-r5-price,0.32430812310821266,21.310000000000002,1.6,34.896,2026-06-09T17:03:40.352Z,2026-06-09T17:03:44.788Z,4435.299999998882,"[{""t"":1631811.9000000004,""value"":1},{""t"":1632013,""value"":2},{""t"":1632262.9000000004,""value"":3},{""t"":1632667,""value"":4},{""t"":1633095,""value"":5}]"
7119025a-7982-4152-930a-80594838e65f,KD030507,ENUM307,,en,5,0.3.0-v2,6,false,6,true,19,good,KD030507-r6-rain,0.3001952109671569,mid,KD030507-r6-price,0.5136430134279434,22.752,1,29.752,2026-06-09T17:04:05.033Z,2026-06-09T17:04:21.209Z,16175.400000000373,"[{""t"":1663236.3000000007,""value"":1},{""t"":1664989.9000000004,""value"":2},{""t"":1665351,""value"":3},{""t"":1666081.3000000007,""value"":4},{""t"":1666874,""value"":5},{""t"":1667100.2000000011,""value"":6},{""t"":1667571.4000000004,""value"":7},{""t"":1668397.3000000007,""value"":6}]"
7119025a-7982-4152-930a-80594838e65f,KD030507,ENUM307,,en,5,0.3.0-v2,7,false,2,true,23,drought,KD030507-r7-rain,0.6227661754387934,low,KD030507-r7-price,0.8527331713289096,2,0.6,23,2026-06-09T17:04:55.770Z,2026-06-09T17:05:38.517Z,42747.300000000745,"[{""t"":1746133.5,""value"":1},{""t"":1746490.1000000015,""value"":2}]"
7119025a-7982-4152-930a-80594838e65f,KD030507,ENUM307,,en,5,0.3.0-v2,8,false,3,true,22,good,KD030507-r8-rain,0.35467017936379647,low,KD030507-r8-price,0.9726282754794924,18.006,0.6,25.6036,2026-06-09T17:06:01.409Z,2026-06-09T17:06:22.366Z,20956.199999999255,"[{""t"":1790129.1000000015,""value"":1},{""t"":1790601.4000000004,""value"":2},{""t"":1790997.1000000015,""value"":3}]"
7119025a-7982-4152-930a-80594838e65f,KD030507,ENUM307,,en,5,0.3.0-v2,9,false,3,true,22,drought,KD030507-r9-rain,0.6368021395431288,mid,KD030507-r9-price,0.43233603949317123,2,1,22,2026-06-09T17:06:35.776Z,2026-06-09T17:06:55.051Z,19275.400000000373,"[{""t"":1819948.8000000007,""value"":1},{""t"":1820646.6000000015,""value"":2},{""t"":1821091.1000000015,""value"":3}]"
28a7f3fd-b892-41ff-8d52-46cac33aefd0,KD030104,ENUM204,,ha,5,0.3.0-v2,practice,true,5,true,20,good,KD030104-rpractice-rain,0.6900824729061986,mid,KD030104-rpractice-price,0.6563815403532662,21.310000000000002,1,29.310000000000002,2026-06-10T11:35:15.330Z,2026-06-10T11:35:51.804Z,36473.299999999814,"[{""t"":392856.80000000075,""value"":1},{""t"":393741.7000000002,""value"":2},{""t"":394126.9000000004,""value"":3},{""t"":394655.80000000075,""value"":4},{""t"":395323.60000000056,""value"":5}]"
28a7f3fd-b892-41ff-8d52-46cac33aefd0,KD030104,ENUM204,,ha,5,0.3.0-v2,0,false,7,true,18,good,KD030104-r0-rain,0.17190826082577884,low,KD030104-r0-price,0.8472331959544688,24.054,0.6,25.2324,2026-06-10T11:36:20.001Z,2026-06-10T11:36:35.312Z,15310.699999999255,"[{""t"":436909.4000000004,""value"":1},{""t"":437715.5,""value"":2},{""t"":437987.60000000056,""value"":3},{""t"":438231.2000000002,""value"":4},{""t"":438660.4000000004,""value"":5},{""t"":439596.2000000002,""value"":6},{""t"":440913.2000000002,""value"":7}]"
28a7f3fd-b892-41ff-8d52-46cac33aefd0,KD030104,ENUM204,,ha,5,0.3.0-v2,1,false,2,true,23,normal,KD030104-r1-rain,0.7541636879982961,high,KD030104-r1-price,0.022093070132051938,10.96,1.6,27.736,2026-06-10T11:36:55.510Z,2026-06-10T11:37:45.407Z,49896.09999999963,"[{""t"":473515.2000000002,""value"":1},{""t"":485173.30000000075,""value"":2}]"
28a7f3fd-b892-41ff-8d52-46cac33aefd0,KD030104,ENUM204,,ha,5,0.3.0-v2,2,false,5,true,20,drought,KD030104-r2-rain,0.6931528329882739,low,KD030104-r2-price,0.9642368227000325,2,0.6,20,2026-06-10T11:38:14.136Z,2026-06-10T11:38:23.444Z,9307.599999999627,"[{""t"":545473,""value"":1},{""t"":548498.2000000002,""value"":2},{""t"":548775.6000000006,""value"":3},{""t"":549033.6000000006,""value"":4},{""t"":549396.7000000002,""value"":5}]"
28a7f3fd-b892-41ff-8d52-46cac33aefd0,KD030104,ENUM204,,ha,5,0.3.0-v2,3,false,7,true,18,good,KD030104-r3-rain,0.12857992403628213,mid,KD030104-r3-price,0.6017731325607012,24.054,1,30.054,2026-06-10T11:38:42.816Z,2026-06-10T11:39:00.617Z,17800.700000000186,"[{""t"":575853.9000000004,""value"":1},{""t"":576540.4000000004,""value"":2},{""t"":576822.5,""value"":3},{""t"":580156.6000000006,""value"":4},{""t"":580429.7000000002,""value"":5},{""t"":580704.8000000007,""value"":6},{""t"":581365.5,""value"":7}]"
28a7f3fd-b892-41ff-8d52-46cac33aefd0,KD030104,ENUM204,,ha,5,0.3.0-v2,4,false,3,true,22,good,KD030104-r4-rain,0.09883854526613323,low,KD030104-r4-price,0.9600308734222575,18.006,0.6,25.6036,2026-06-10T11:39:09.683Z,2026-06-10T11:40:04.345Z,54662.5,"[{""t"":609699.6000000006,""value"":1},{""t"":611558.8000000007,""value"":2},{""t"":649571.2000000002,""value"":3}]"
28a7f3fd-b892-41ff-8d52-46cac33aefd0,KD030104,ENUM204,,ha,5,0.3.0-v2,5,false,5,true,20,good,KD030104-r5-rain,0.4292877236539063,mid,KD030104-r5-price,0.5225996415766367,21.310000000000002,1,29.310000000000002,2026-06-10T11:40:12.267Z,2026-06-10T11:40:32.063Z,19796.299999999814,"[{""t"":676693.7000000002,""value"":1},{""t"":677019.4000000004,""value"":2},{""t"":677368.2000000002,""value"":3},{""t"":677620.2000000002,""value"":4},{""t"":677972.5,""value"":5}]"
28a7f3fd-b892-41ff-8d52-46cac33aefd0,KD030104,ENUM204,,ha,5,0.3.0-v2,6,false,3,true,22,drought,KD030104-r6-rain,0.9326520825418785,low,KD030104-r6-price,0.9888943460369364,2,0.6,22,2026-06-10T11:40:44.005Z,2026-06-10T11:40:51.283Z,7277.100000000559,"[{""t"":695318.9000000004,""value"":1},{""t"":695640.6000000006,""value"":2},{""t"":695962,""value"":3}]"
28a7f3fd-b892-41ff-8d52-46cac33aefd0,KD030104,ENUM204,,ha,5,0.3.0-v2,7,false,2,true,23,normal,KD030104-r7-rain,0.20554029566844445,mid,KD030104-r7-price,0.24003500513977336,10.96,1,25.96,2026-06-10T11:40:59.307Z,2026-06-10T11:41:13.009Z,13702.799999999814,"[{""t"":712273.1000000006,""value"":1},{""t"":712528.7000000002,""value"":2},{""t"":712773.2000000002,""value"":3},{""t"":713009.3000000007,""value"":4},{""t"":713364.8000000007,""value"":5},{""t"":716404.2000000002,""value"":4},{""t"":716791.4000000004,""value"":3},{""t"":717390.2000000002,""value"":2}]"
28a7f3fd-b892-41ff-8d52-46cac33aefd0,KD030104,ENUM204,,ha,5,0.3.0-v2,8,false,5,true,20,drought,KD030104-r8-rain,0.9233456210017198,low,KD030104-r8-price,0.9647143778044334,2,0.6,20,2026-06-10T11:41:26.231Z,2026-06-10T11:41:37.606Z,11374.600000000559,"[{""t"":737694.5,""value"":1},{""t"":742446.3000000007,""value"":2},{""t"":742669.5,""value"":3},{""t"":742904.3000000007,""value"":4},{""t"":743380.8000000007,""value"":5}]"
28a7f3fd-b892-41ff-8d52-46cac33aefd0,KD030104,ENUM204,,ha,5,0.3.0-v2,9,false,3,true,22,good,KD030104-r9-rain,0.30340947909062155,high,KD030104-r9-price,0.1461056347319041,18.006,1.6,31.6096,2026-06-10T11:41:44.952Z,2026-06-10T11:41:51.247Z,6295.200000000186,"[{""t"":756801.1000000006,""value"":1},{""t"":757104.7000000002,""value"":2},{""t"":757383,""value"":3}]"
39ed5640-71d9-4ef9-9415-ea1f258e29ff,KN010507,FENUM304,,ha,5,0.3.0-v2,practice,true,6,true,19,drought,KN010507-rpractice-rain,0.9477546799922012,mid,KN010507-rpractice-price,0.4925825289915514,2,1,19,2026-06-10T12:56:58.469Z,2026-06-10T12:57:02.229Z,3759.0999999999767,"[{""t"":103619.40000000001,""value"":1},{""t"":103810.49999999999,""value"":2},{""t"":103976.8,""value"":3},{""t"":104117.8,""value"":4},{""t"":104287.90000000001,""value"":5},{""t"":104412.59999999999,""value"":6}]"
39ed5640-71d9-4ef9-9415-ea1f258e29ff,KN010507,FENUM304,,ha,5,0.3.0-v2,0,false,0,false,25,good,KN010507-r0-rain,0.15843038582216487,low,KN010507-r0-price,0.7641713037646044,12,0.6,25,2026-06-10T12:57:05.469Z,2026-06-10T12:57:07.235Z,1765.7999999999884,[]
39ed5640-71d9-4ef9-9415-ea1f258e29ff,KN010507,FENUM304,,ha,5,0.3.0-v2,1,false,1,true,24,drought,KN010507-r1-rain,0.9284996286866437,mid,KN010507-r1-price,0.26350435178007375,2,1,24,2026-06-10T12:57:10.135Z,2026-06-10T12:57:16.723Z,6587.8000000000175,"[{""t"":119337.7,""value"":1}]"
39ed5640-71d9-4ef9-9415-ea1f258e29ff,KN010507,FENUM304,,ha,5,0.3.0-v2,2,false,4,true,21,drought,KN010507-r2-rain,0.8677768107255353,high,KN010507-r2-price,0.031152782217344417,2,1.6,21,2026-06-10T12:57:36.717Z,2026-06-10T12:57:41.654Z,4936.900000000023,"[{""t"":141733.7,""value"":1},{""t"":143104,""value"":2},{""t"":143645.59999999998,""value"":3},{""t"":144380,""value"":4}]"
39ed5640-71d9-4ef9-9415-ea1f258e29ff,KN010507,FENUM304,,ha,5,0.3.0-v2,3,false,4,true,21,good,KN010507-r3-rain,0.5002523011532334,high,KN010507-r3-price,0.06390314531588745,19.728,1.6,33.3648,2026-06-10T12:57:44.569Z,2026-06-10T12:57:47.576Z,3007.100000000035,"[{""t"":149454.40000000002,""value"":1},{""t"":149943.2,""value"":2},{""t"":150107.09999999998,""value"":3},{""t"":150273,""value"":4}]"
39ed5640-71d9-4ef9-9415-ea1f258e29ff,KN010507,FENUM304,,ha,5,0.3.0-v2,4,false,4,true,21,good,KN010507-r4-rain,0.17963570655097405,low,KN010507-r4-price,0.6743966573981138,19.728,0.6,25.6368,2026-06-10T12:57:50.653Z,2026-06-10T12:57:58.161Z,7507.800000000047,"[{""t"":155409.40000000002,""value"":1},{""t"":155586,""value"":2},{""t"":155829.8,""value"":3},{""t"":156667.3,""value"":4}]"
39ed5640-71d9-4ef9-9415-ea1f258e29ff,KN010507,FENUM304,,ha,5,0.3.0-v2,5,false,10,true,15,good,KN010507-r5-rain,0.31045315258624706,high,KN010507-r5-price,0.3025632765191327,27.119999999999997,1.6,39.19199999999999,2026-06-10T12:58:05.704Z,2026-06-10T12:58:12.033Z,6329.5,"[{""t"":171866.60000000003,""value"":1},{""t"":172059.90000000002,""value"":2},{""t"":172206,""value"":3},{""t"":172335.3,""value"":4},{""t"":172534.60000000003,""value"":5},{""t"":172704.3,""value"":6},{""t"":172826.3,""value"":7},{""t"":172892.60000000003,""value"":8},{""t"":173434.40000000002,""value"":9},{""t"":173599.2,""value"":10}]"
39ed5640-71d9-4ef9-9415-ea1f258e29ff,KN010507,FENUM304,,ha,5,0.3.0-v2,6,false,3,true,22,drought,KN010507-r6-rain,0.8066765138402671,low,KN010507-r6-price,0.6027649633972613,2,0.6,22,2026-06-10T12:58:17.401Z,2026-06-10T12:58:20.132Z,2730.4000000000233,"[{""t"":182288.40000000002,""value"":1},{""t"":182858.90000000002,""value"":2},{""t"":183020.5,""value"":3}]"
39ed5640-71d9-4ef9-9415-ea1f258e29ff,KN010507,FENUM304,,ha,5,0.3.0-v2,7,false,2,true,23,drought,KN010507-r7-rain,0.8888690552494309,high,KN010507-r7-price,0.011137970222134544,2,1.6,23,2026-06-10T12:58:22.783Z,2026-06-10T12:58:25.399Z,2615.600000000035,"[{""t"":187474.10000000003,""value"":1},{""t"":188125.40000000002,""value"":2}]"
39ed5640-71d9-4ef9-9415-ea1f258e29ff,KN010507,FENUM304,,ha,5,0.3.0-v2,8,false,4,true,21,drought,KN010507-r8-rain,0.9672243098993164,mid,KN010507-r8-price,0.6997133054951412,2,1,21,2026-06-10T12:58:28.002Z,2026-06-10T12:58:34.658Z,6656.199999999953,"[{""t"":195013,""value"":1},{""t"":195207.3,""value"":2},{""t"":195319.90000000002,""value"":3},{""t"":195489.90000000002,""value"":4}]"
39ed5640-71d9-4ef9-9415-ea1f258e29ff,KN010507,FENUM304,,ha,5,0.3.0-v2,9,false,10,true,15,drought,KN010507-r9-rain,0.6716812105360085,low,KN010507-r9-price,0.7528555179290262,2,0.6,15,2026-06-10T14:01:57.483Z,2026-06-10T14:03:20.031Z,82547.19999999995,"[{""t"":65818.5,""value"":1},{""t"":66386.59999999998,""value"":2},{""t"":66882.09999999998,""value"":1},{""t"":67074.59999999998,""value"":0},{""t"":81113.5,""value"":1},{""t"":81290.5,""value"":2},{""t"":81460.79999999993,""value"":3},{""t"":81598.59999999998,""value"":4},{""t"":81733.59999999998,""value"":5},{""t"":81877.5,""value"":6},{""t"":82014.29999999993,""value"":7},{""t"":82568.5,""value"":8},{""t"":82779.90000000002,""value"":9},{""t"":83421.09999999998,""value"":10}]"
48162fcc-2894-42cd-8005-c9dcb95548e9,KT031807,ENUM107,,ha,5,0.3.0-v2,practice,true,10,true,15,good,KT031807-rpractice-rain,0.4455085460190665,mid,KT031807-rpractice-price,0.24563781604475748,27.119999999999997,1,30.119999999999997,2026-06-10T09:43:24.735Z,2026-06-10T09:43:36.327Z,11591.60000000149,"[{""t"":616641.5,""value"":1},{""t"":616923.5,""value"":2},{""t"":617116.6000000015,""value"":3},{""t"":618969.1000000015,""value"":4},{""t"":619179.200000003,""value"":5},{""t"":619506.3000000045,""value"":6},{""t"":619999,""value"":7},{""t"":620342.8000000045,""value"":8},{""t"":620849.5,""value"":9},{""t"":621327.1000000015,""value"":10}]"
48162fcc-2894-42cd-8005-c9dcb95548e9,KT031807,ENUM107,,ha,5,0.3.0-v2,0,false,5,true,20,good,KT031807-r0-rain,0.609274167783831,mid,KT031807-r0-price,0.23342994103417344,21.310000000000002,1,29.310000000000002,2026-06-10T09:43:40.168Z,2026-06-10T09:43:53.088Z,12919.89999999851,"[{""t"":634771.3000000045,""value"":1},{""t"":635090.3000000045,""value"":2},{""t"":635336.200000003,""value"":3},{""t"":637006.400000006,""value"":4},{""t"":637479.8000000045,""value"":5}]"
48162fcc-2894-42cd-8005-c9dcb95548e9,KT031807,ENUM107,,ha,5,0.3.0-v2,1,false,4,true,21,drought,KT031807-r1-rain,0.988183792460287,mid,KT031807-r1-price,0.20685335122379195,2,1,21,2026-06-10T09:43:57.276Z,2026-06-10T09:44:04.313Z,7037.69999999553,"[{""t"":647538.3000000045,""value"":1},{""t"":648010.3000000045,""value"":2},{""t"":648269,""value"":3},{""t"":648747.1000000015,""value"":4}]"
48162fcc-2894-42cd-8005-c9dcb95548e9,KT031807,ENUM107,,ha,5,0.3.0-v2,2,false,2,true,23,good,KT031807-r2-rain,0.22759847057180713,low,KT031807-r2-price,0.9753093092972789,16.144,0.6,25.4864,2026-06-10T09:44:09.115Z,2026-06-10T09:44:18.296Z,9180.30000000447,"[{""t"":662513.3000000045,""value"":1},{""t"":663033.3000000045,""value"":2}]"
48162fcc-2894-42cd-8005-c9dcb95548e9,KT031807,ENUM107,,ha,5,0.3.0-v2,3,false,4,true,21,drought,KT031807-r3-rain,0.9561219266410858,low,KT031807-r3-price,0.8906451017620319,2,0.6,21,2026-06-10T09:44:22.482Z,2026-06-10T09:44:26.608Z,4125.79999999702,"[{""t"":672269.200000003,""value"":1},{""t"":672559.900000006,""value"":2},{""t"":672821.1000000015,""value"":3},{""t"":673115.1000000015,""value"":4}]"
48162fcc-2894-42cd-8005-c9dcb95548e9,KT031807,ENUM107,,ha,5,0.3.0-v2,4,false,2,true,23,good,KT031807-r4-rain,0.23635733406872356,mid,KT031807-r4-price,0.4459959332492502,16.144,1,27.144,2026-06-10T09:44:53.798Z,2026-06-10T09:44:53.798Z,0,"[{""t"":3314.10000000149,""value"":1},{""t"":3914.7000000029802,""value"":2}]"
48162fcc-2894-42cd-8005-c9dcb95548e9,KT031807,ENUM107,,ha,5,0.3.0-v2,5,false,10,true,15,good,KT031807-r5-rain,0.021618520892465142,mid,KT031807-r5-price,0.7012921839887717,27.119999999999997,1,30.119999999999997,2026-06-10T09:44:57.972Z,2026-06-10T09:45:08.383Z,10410.70000000298,"[{""t"":11396.60000000149,""value"":1},{""t"":12507.10000000149,""value"":2},{""t"":12980.5,""value"":3},{""t"":13700.60000000149,""value"":4},{""t"":14226.30000000447,""value"":5},{""t"":14452.89999999851,""value"":6},{""t"":15452.5,""value"":7},{""t"":16401,""value"":8},{""t"":17418.39999999851,""value"":9},{""t"":18070.5,""value"":10}]"
48162fcc-2894-42cd-8005-c9dcb95548e9,KT031807,ENUM107,,ha,5,0.3.0-v2,6,false,5,true,20,good,KT031807-r6-rain,0.4100882323332834,low,KT031807-r6-price,0.6299696841158641,21.310000000000002,0.6,25.586000000000002,2026-06-10T09:45:12.231Z,2026-06-10T09:45:17.942Z,5710.5,"[{""t"":24639.30000000447,""value"":1},{""t"":25093.89999999851,""value"":2},{""t"":25387.89999999851,""value"":3},{""t"":26014,""value"":4},{""t"":27123.10000000149,""value"":5}]"
48162fcc-2894-42cd-8005-c9dcb95548e9,KT031807,ENUM107,,ha,5,0.3.0-v2,7,false,4,true,21,normal,KT031807-r7-rain,0.44516553045217744,low,KT031807-r7-price,0.7040599076671105,13.52,0.6,24.312,2026-06-10T09:45:21.772Z,2026-06-10T09:45:26.895Z,5122.60000000149,"[{""t"":34376.80000000447,""value"":1},{""t"":34734,""value"":2},{""t"":34995.10000000149,""value"":3},{""t"":35473.20000000298,""value"":4}]"
48162fcc-2894-42cd-8005-c9dcb95548e9,KT031807,ENUM107,,ha,5,0.3.0-v2,8,false,6,true,19,normal,KT031807-r8-rain,0.42324010910584786,high,KT031807-r8-price,0.24118761379161735,15.68,1.6,31.288,2026-06-10T09:45:30.805Z,2026-06-10T09:45:38.500Z,7695.20000000298,"[{""t"":43461.60000000149,""value"":1},{""t"":43792.39999999851,""value"":2},{""t"":44047.89999999851,""value"":3},{""t"":44425.80000000447,""value"":4},{""t"":44685.30000000447,""value"":5},{""t"":45882.20000000298,""value"":6}]"
48162fcc-2894-42cd-8005-c9dcb95548e9,KT031807,ENUM107,,ha,5,0.3.0-v2,9,false,8,true,17,good,KT031807-r9-rain,0.17044016079195232,mid,KT031807-r9-price,0.28005267218402813,25.216,1,30.216,2026-06-10T09:45:42.217Z,2026-06-10T09:45:50.128Z,7910.69999999553,"[{""t"":55858.39999999851,""value"":1},{""t"":56243.10000000149,""value"":2},{""t"":56510.60000000149,""value"":3},{""t"":56806.80000000447,""value"":4},{""t"":57223.60000000149,""value"":5},{""t"":57962.60000000149,""value"":6},{""t"":58586.80000000447,""value"":7},{""t"":60450.70000000298,""value"":8}]"
fb569d3d-707e-4861-9b47-0856dfc43629,KD030505,ENUM105,,ha,5,0.3.0-v2,practice,true,3,true,22,good,KD030505-rpractice-rain,0.27100568164861943,low,KD030505-rpractice-price,0.726186591531198,18.006,0.6,25.6036,2026-06-09T16:29:35.112Z,2026-06-09T16:30:26.176Z,51064.199999999255,"[{""t"":552525.9000000004,""value"":1},{""t"":556855,""value"":2},{""t"":558656.9000000004,""value"":3},{""t"":560602.5,""value"":4},{""t"":563977.4000000004,""value"":3}]"
fb569d3d-707e-4861-9b47-0856dfc43629,KD030505,ENUM105,,ha,5,0.3.0-v2,0,false,2,true,23,good,KD030505-r0-rain,0.6834988364238924,mid,KD030505-r0-price,0.21841044439044374,16.144,1,27.144,2026-06-09T16:31:07.594Z,2026-06-09T16:31:24.880Z,17285.89999999851,"[{""t"":629025,""value"":1},{""t"":630013.2000000011,""value"":2}]"
fb569d3d-707e-4861-9b47-0856dfc43629,KD030505,ENUM105,,ha,5,0.3.0-v2,1,false,1,true,24,normal,KD030505-r1-rain,0.7309292098013399,high,KD030505-r1-price,0.07737449702072474,9.53,1.6,26.448,2026-06-09T16:31:47.730Z,2026-06-09T16:31:53.121Z,5391.5999999996275,"[{""t"":657844.6000000015,""value"":1}]"
fb569d3d-707e-4861-9b47-0856dfc43629,KD030505,ENUM105,,ha,5,0.3.0-v2,2,false,1,true,24,good,KD030505-r2-rain,0.26370667307928625,high,KD030505-r2-price,0.05423713398634164,14.142,1.6,27.4272,2026-06-09T16:32:12.598Z,2026-06-09T16:32:19.604Z,7006.4000000003725,"[{""t"":684622,""value"":1}]"
fb569d3d-707e-4861-9b47-0856dfc43629,KD030505,ENUM105,,ha,5,0.3.0-v2,3,false,1,true,24,good,KD030505-r3-rain,0.5717217389316424,low,KD030505-r3-price,0.7070843312963818,14.142,0.6,25.2852,2026-06-09T16:32:33.362Z,2026-06-09T16:32:38.687Z,5325.299999998882,"[{""t"":703823.1000000015,""value"":1}]"
fb569d3d-707e-4861-9b47-0856dfc43629,KD030505,ENUM105,,ha,5,0.3.0-v2,4,false,0,false,25,drought,KD030505-r4-rain,0.7575473057972192,mid,KD030505-r4-price,0.2693375270748725,2,1,25,2026-06-09T16:32:56.740Z,2026-06-09T16:33:11.673Z,14933.5,"[{""t"":727726.2000000011,""value"":1},{""t"":734595,""value"":0}]"
fb569d3d-707e-4861-9b47-0856dfc43629,KD030505,ENUM105,,ha,5,0.3.0-v2,5,false,3,true,22,normal,KD030505-r5-rain,0.8378397827737667,mid,KD030505-r5-price,0.5427198468306901,12.29,1,26.29,2026-06-09T16:33:23.696Z,2026-06-09T16:33:30.402Z,6705.5,"[{""t"":753262.4000000004,""value"":1},{""t"":754089.1000000015,""value"":2},{""t"":756213.4000000004,""value"":3}]"
fb569d3d-707e-4861-9b47-0856dfc43629,KD030505,ENUM105,,ha,5,0.3.0-v2,6,false,1,true,24,good,KD030505-r6-rain,0.5310631575196508,low,KD030505-r6-price,0.6979002745584663,14.142,0.6,25.2852,2026-06-09T16:33:44.883Z,2026-06-09T16:33:49.328Z,4445.0999999996275,"[{""t"":774564.3000000007,""value"":1}]"
fb569d3d-707e-4861-9b47-0856dfc43629,KD030505,ENUM105,,ha,5,0.3.0-v2,7,false,0,false,25,drought,KD030505-r7-rain,0.6059652614079145,mid,KD030505-r7-price,0.5351193537097662,2,1,25,2026-06-09T16:34:00.560Z,2026-06-09T16:34:02.785Z,2224.5999999996275,[]
fb569d3d-707e-4861-9b47-0856dfc43629,KD030505,ENUM105,,ha,5,0.3.0-v2,8,false,1,true,24,good,KD030505-r8-rain,0.27567353492646607,mid,KD030505-r8-price,0.3330397399501637,14.142,1,26.142,2026-06-09T16:34:16.529Z,2026-06-09T16:34:20.650Z,4120.299999998882,"[{""t"":806380.7000000011,""value"":1}]"
fb569d3d-707e-4861-9b47-0856dfc43629,KD030505,ENUM105,,ha,5,0.3.0-v2,9,false,1,true,24,good,KD030505-r9-rain,0.11304025631240691,mid,KD030505-r9-price,0.5746451200992341,14.142,1,26.142,2026-06-09T16:34:31.869Z,2026-06-09T16:34:35.612Z,3742.800000000745,"[{""t"":821484.4000000004,""value"":1}]"
e10cddb5-2f1c-44d2-a4bb-006bbdf5de2a,KD030105,ENUM105,,ha,5,0.3.0-v2,practice,true,4,true,21,good,KD030105-rpractice-rain,0.3419755277977029,mid,KD030105-rpractice-price,0.5210969202429171,19.728,1,28.728,2026-06-10T11:21:40.527Z,2026-06-10T11:22:50.450Z,69922,"[{""t"":527286.8000000007,""value"":1},{""t"":529139.9000000004,""value"":0},{""t"":549520.0999999996,""value"":1},{""t"":550183.4000000004,""value"":2},{""t"":553469,""value"":3},{""t"":557567.4000000004,""value"":4}]"
e10cddb5-2f1c-44d2-a4bb-006bbdf5de2a,KD030105,ENUM105,,ha,5,0.3.0-v2,0,false,4,true,21,good,KD030105-r0-rain,0.09505088010220085,low,KD030105-r0-price,0.8291248577484558,19.728,0.6,25.6368,2026-06-10T11:23:23.075Z,2026-06-10T11:23:42.676Z,19601.700000001118,"[{""t"":613494.0999999996,""value"":1},{""t"":614221.0999999996,""value"":2},{""t"":615079,""value"":3},{""t"":616700.5999999996,""value"":4}]"
e10cddb5-2f1c-44d2-a4bb-006bbdf5de2a,KD030105,ENUM105,,ha,5,0.3.0-v2,1,false,1,true,24,normal,KD030105-r1-rain,0.5827190097051598,mid,KD030105-r1-price,0.4792828373018338,9.53,1,25.53,2026-06-10T11:23:57.613Z,2026-06-10T11:24:06.153Z,8540.5,"[{""t"":640470.5999999996,""value"":1}]"
e10cddb5-2f1c-44d2-a4bb-006bbdf5de2a,KD030105,ENUM105,,ha,5,0.3.0-v2,2,false,2,true,23,drought,KD030105-r2-rain,0.7695760024357591,mid,KD030105-r2-price,0.6395247142154763,2,1,23,2026-06-10T11:24:16.554Z,2026-06-10T11:24:35.111Z,18557.800000000745,"[{""t"":669602.9000000004,""value"":1},{""t"":670617.3000000007,""value"":2}]"
e10cddb5-2f1c-44d2-a4bb-006bbdf5de2a,KD030105,ENUM105,,ha,5,0.3.0-v2,3,false,2,true,23,drought,KD030105-r3-rain,0.9217850173573848,low,KD030105-r3-price,0.7578621822115018,2,0.6,23,2026-06-10T11:24:48.982Z,2026-06-10T11:25:05.994Z,17011.799999998882,"[{""t"":697842.0999999996,""value"":1},{""t"":702439.5999999996,""value"":2}]"
e10cddb5-2f1c-44d2-a4bb-006bbdf5de2a,KD030105,ENUM105,,ha,5,0.3.0-v2,4,false,0,false,25,drought,KD030105-r4-rain,0.7868652650189404,mid,KD030105-r4-price,0.2765351304695684,2,1,25,2026-06-10T11:25:13.463Z,2026-06-10T11:25:22.682Z,9218.5,[]
e10cddb5-2f1c-44d2-a4bb-006bbdf5de2a,KD030105,ENUM105,,ha,5,0.3.0-v2,5,false,5,true,20,good,KD030105-r5-rain,0.25319265289818216,mid,KD030105-r5-price,0.6839771671441934,21.310000000000002,1,29.310000000000002,2026-06-10T11:25:32.157Z,2026-06-10T11:25:45.871Z,13713.699999999255,"[{""t"":735819.5,""value"":1},{""t"":737828.0999999996,""value"":2},{""t"":738329.3000000007,""value"":3},{""t"":739471,""value"":4},{""t"":740646.5,""value"":5}]"
e10cddb5-2f1c-44d2-a4bb-006bbdf5de2a,KD030105,ENUM105,,ha,5,0.3.0-v2,6,false,0,false,25,good,KD030105-r6-rain,0.3697874877380357,mid,KD030105-r6-price,0.2774355165045193,12,1,25,2026-06-10T11:25:52.789Z,2026-06-10T11:26:02.358Z,9568.699999999255,[]
e10cddb5-2f1c-44d2-a4bb-006bbdf5de2a,KD030105,ENUM105,,ha,5,0.3.0-v2,7,false,0,false,25,drought,KD030105-r7-rain,0.8808646215691114,high,KD030105-r7-price,0.05239017314691921,2,1.6,25,2026-06-10T11:26:10.766Z,2026-06-10T11:26:19.206Z,8438.900000000373,[]
e10cddb5-2f1c-44d2-a4bb-006bbdf5de2a,KD030105,ENUM105,,ha,5,0.3.0-v2,8,false,1,true,24,drought,KD030105-r8-rain,0.9958030595247421,mid,KD030105-r8-price,0.4233358735304569,2,1,24,2026-06-10T11:26:29.559Z,2026-06-10T11:26:37.192Z,7632.300000000745,"[{""t"":791219.5,""value"":1}]"
e10cddb5-2f1c-44d2-a4bb-006bbdf5de2a,KD030105,ENUM105,,ha,5,0.3.0-v2,9,false,0,false,25,drought,KD030105-r9-rain,0.9382814212417115,low,KD030105-r9-price,0.7150987899269126,2,0.6,25,2026-06-10T11:26:43.865Z,2026-06-10T11:26:51.317Z,7452.0999999996275,[]
484bd314-f5d8-4b13-9406-05b184a0e24a,KT031803,Enum103Enum103,,en,5,0.3.0-v2,practice,true,5,true,20,good,KT031803-rpractice-rain,0.5550436424749117,high,KT031803-rpractice-price,0.012529616933749198,21.310000000000002,1.6,34.896,2026-06-10T09:52:59.442Z,2026-06-10T09:53:10.861Z,11418.79999999702,"[{""t"":7380398.5,""value"":1},{""t"":7380554.200000003,""value"":2},{""t"":7380723.5,""value"":3},{""t"":7380890.299999997,""value"":4},{""t"":7381056.099999994,""value"":5}]"
484bd314-f5d8-4b13-9406-05b184a0e24a,KT031803,Enum103Enum103,,en,5,0.3.0-v2,0,false,1,true,24,drought,KT031803-r0-rain,0.9360148520600421,high,KT031803-r0-price,0.07585480819388017,2,1.6,24,2026-06-10T09:53:26.023Z,2026-06-10T09:54:00.251Z,34228.30000001192,"[{""t"":7415402.200000003,""value"":1}]"
484bd314-f5d8-4b13-9406-05b184a0e24a,KT031803,Enum103Enum103,,en,5,0.3.0-v2,1,false,1,true,24,good,KT031803-r1-rain,0.11395696799539094,mid,KT031803-r1-price,0.270095535752222,14.142,1,26.142,2026-06-10T09:54:10.125Z,2026-06-10T09:54:17.506Z,7381.29999999702,"[{""t"":7448384.799999997,""value"":1}]"
484bd314-f5d8-4b13-9406-05b184a0e24a,KT031803,Enum103Enum103,,en,5,0.3.0-v2,2,false,3,true,22,normal,KT031803-r2-rain,0.4987247792181742,high,KT031803-r2-price,0.255586767666028,12.29,1.6,28.863999999999997,2026-06-10T09:54:25.788Z,2026-06-10T09:54:41.745Z,15957.29999999702,"[{""t"":7462897.299999997,""value"":1},{""t"":7469445.099999994,""value"":2},{""t"":7469691.200000003,""value"":3},{""t"":7469876,""value"":4},{""t"":7470074.799999997,""value"":5},{""t"":7470221.5,""value"":6},{""t"":7470391.700000003,""value"":7},{""t"":7470558.399999991,""value"":8},{""t"":7471879.599999994,""value"":7},{""t"":7472100.399999991,""value"":6},{""t"":7472234,""value"":5},{""t"":7472366.700000003,""value"":4},{""t"":7472515.599999994,""value"":3},{""t"":7472666,""value"":2},{""t"":7472851,""value"":1},{""t"":7475395.099999994,""value"":2},{""t"":7475610.299999997,""value"":3}]"
484bd314-f5d8-4b13-9406-05b184a0e24a,KT031803,Enum103Enum103,,en,5,0.3.0-v2,3,false,5,true,20,good,KT031803-r3-rain,0.5595342930044512,high,KT031803-r3-price,0.26482284905162373,21.310000000000002,1.6,34.896,2026-06-10T09:54:47.666Z,2026-06-10T09:54:53.449Z,5783.5999999940395,"[{""t"":7485621.700000003,""value"":1},{""t"":7485850.799999997,""value"":2},{""t"":7486550.399999991,""value"":3},{""t"":7486950,""value"":4},{""t"":7487814.399999991,""value"":5}]"
484bd314-f5d8-4b13-9406-05b184a0e24a,KT031803,Enum103Enum103,,en,5,0.3.0-v2,4,false,7,true,18,drought,KT031803-r4-rain,0.9388548548386779,mid,KT031803-r4-price,0.39297624833433314,2,1,18,2026-06-10T09:54:58.272Z,2026-06-10T09:55:04.571Z,6298.9000000059605,"[{""t"":7495629.799999997,""value"":1},{""t"":7495908.700000003,""value"":2},{""t"":7496194.5,""value"":3},{""t"":7496424.5,""value"":4},{""t"":7496656.399999991,""value"":5},{""t"":7497323.5,""value"":6},{""t"":7497806.5,""value"":7}]"
484bd314-f5d8-4b13-9406-05b184a0e24a,KT031803,Enum103Enum103,,en,5,0.3.0-v2,5,false,6,true,19,normal,KT031803-r5-rain,0.8712597829418536,high,KT031803-r5-price,0.30239719637033075,15.68,1.6,31.288,2026-06-10T09:55:11.886Z,2026-06-10T09:55:21.011Z,9124.79999999702,"[{""t"":7510557.899999991,""value"":1},{""t"":7511006.200000003,""value"":2},{""t"":7511370.5,""value"":3},{""t"":7512733.599999994,""value"":4},{""t"":7514263,""value"":5},{""t"":7515659,""value"":6}]"
484bd314-f5d8-4b13-9406-05b184a0e24a,KT031803,Enum103Enum103,,en,5,0.3.0-v2,6,false,7,true,18,drought,KT031803-r6-rain,0.9499486502405283,mid,KT031803-r6-price,0.22116648328316468,2,1,18,2026-06-10T09:55:27.746Z,2026-06-10T09:55:34.361Z,6614.4000000059605,"[{""t"":7525021.5,""value"":1},{""t"":7525316.599999994,""value"":2},{""t"":7526228.599999994,""value"":3},{""t"":7526480.599999994,""value"":4},{""t"":7526796.899999991,""value"":5},{""t"":7527513,""value"":6},{""t"":7527780.299999997,""value"":7}]"
484bd314-f5d8-4b13-9406-05b184a0e24a,KT031803,Enum103Enum103,,en,5,0.3.0-v2,7,false,10,true,15,drought,KT031803-r7-rain,0.7637628198645285,low,KT031803-r7-price,0.8515138506912391,2,0.6,15,2026-06-10T09:55:39.552Z,2026-06-10T09:55:48.906Z,9353.90000000596,"[{""t"":7538222.700000003,""value"":1},{""t"":7538485.099999994,""value"":2},{""t"":7538716.200000003,""value"":3},{""t"":7538948.099999994,""value"":4},{""t"":7539481.399999991,""value"":5},{""t"":7540529,""value"":6},{""t"":7540808.399999991,""value"":7},{""t"":7541010.399999991,""value"":8},{""t"":7541908.700000003,""value"":9},{""t"":7543338.899999991,""value"":10}]"
484bd314-f5d8-4b13-9406-05b184a0e24a,KT031803,Enum103Enum103,,en,5,0.3.0-v2,8,false,2,true,23,good,KT031803-r8-rain,0.15857510708275666,high,KT031803-r8-price,0.20541993598141725,16.144,1.6,29.630399999999998,2026-06-10T09:55:57.636Z,2026-06-10T09:56:01.225Z,3588.7999999970198,"[{""t"":7555075.700000003,""value"":1},{""t"":7555223.700000003,""value"":2}]"
484bd314-f5d8-4b13-9406-05b184a0e24a,KT031803,Enum103Enum103,,en,5,0.3.0-v2,9,false,3,true,22,good,KT031803-r9-rain,0.05778858214467636,low,KT031803-r9-price,0.8637991858396665,18.006,0.6,25.6036,2026-06-10T09:56:09.040Z,2026-06-10T09:56:13.443Z,4403,"[{""t"":7566961.5,""value"":1},{""t"":7567208.299999997,""value"":2},{""t"":7567408.799999997,""value"":3}]"
3ac3d5ed-a713-4bb3-a132-c4364c1ed617,KT031801,ENUM101,,ha,5,0.3.0-v2,practice,true,4,true,21,good,KT031801-rpractice-rain,0.14742687872303567,low,KT031801-rpractice-price,0.9546178009773462,19.728,0.6,25.6368,2026-06-10T10:32:29.581Z,2026-06-10T10:32:40.234Z,10653.60000000149,"[{""t"":668123.3000000045,""value"":1},{""t"":668818.8999999985,""value"":2},{""t"":669555.6000000015,""value"":3},{""t"":670161.8999999985,""value"":4}]"
3ac3d5ed-a713-4bb3-a132-c4364c1ed617,KT031801,ENUM101,,ha,5,0.3.0-v2,0,false,6,true,19,good,KT031801-r0-rain,0.22758881549989238,mid,KT031801-r0-price,0.5012539867404255,22.752,1,29.752,2026-06-10T10:33:00.844Z,2026-06-10T10:33:06.178Z,5333.89999999851,"[{""t"":696908,""value"":1},{""t"":697151.8999999985,""value"":2},{""t"":697397,""value"":3},{""t"":697626.8999999985,""value"":4},{""t"":697987,""value"":5},{""t"":699134.6000000015,""value"":6}]"
3ac3d5ed-a713-4bb3-a132-c4364c1ed617,KT031801,ENUM101,,ha,5,0.3.0-v2,1,false,9,true,16,normal,KT031801-r1-rain,0.5231488441394939,mid,KT031801-r1-price,0.47508462927241674,18.17,1,26.17,2026-06-10T10:33:30.029Z,2026-06-10T10:33:36.624Z,6595.5,"[{""t"":726275.1000000015,""value"":1},{""t"":726517.8000000045,""value"":2},{""t"":726730.8999999985,""value"":3},{""t"":726927.200000003,""value"":4},{""t"":727123.8999999985,""value"":5},{""t"":727304.200000003,""value"":6},{""t"":727471,""value"":7},{""t"":727680.1000000015,""value"":8},{""t"":728188.8000000045,""value"":9}]"
3ac3d5ed-a713-4bb3-a132-c4364c1ed617,KT031801,ENUM101,,ha,5,0.3.0-v2,2,false,6,true,19,drought,KT031801-r2-rain,0.6165562567007568,high,KT031801-r2-price,0.006130461491611211,2,1.6,19,2026-06-10T10:33:48.020Z,2026-06-10T10:33:52.651Z,4630.5,"[{""t"":744004.8999999985,""value"":1},{""t"":744230.5,""value"":2},{""t"":744426.8000000045,""value"":3},{""t"":744638.5,""value"":4},{""t"":744835.8999999985,""value"":5},{""t"":745064.200000003,""value"":6}]"
3ac3d5ed-a713-4bb3-a132-c4364c1ed617,KT031801,ENUM101,,ha,5,0.3.0-v2,3,false,9,true,16,drought,KT031801-r3-rain,0.9590800526082309,low,KT031801-r3-price,0.9236477115067097,2,0.6,16,2026-06-10T10:35:59.137Z,2026-06-10T10:35:59.137Z,0.10000000149011612,"[{""t"":2249.9000000059605,""value"":1},{""t"":3161.2000000029802,""value"":2},{""t"":3619.4000000059605,""value"":3},{""t"":3913.5,""value"":4},{""t"":27030.60000000149,""value"":5},{""t"":27633,""value"":6},{""t"":27977.70000000298,""value"":7},{""t"":28680.40000000596,""value"":8},{""t"":29873.30000000447,""value"":9}]"
3ac3d5ed-a713-4bb3-a132-c4364c1ed617,KT031801,ENUM101,,ha,5,0.3.0-v2,4,false,5,true,20,good,KT031801-r4-rain,0.010420553678493876,low,KT031801-r4-price,0.507527376883562,21.310000000000002,0.6,25.586000000000002,2026-06-10T10:36:19.478Z,2026-06-10T10:36:29.566Z,10087.19999999553,"[{""t"":60997.70000000298,""value"":1},{""t"":61598.80000000447,""value"":2},{""t"":62089.90000000596,""value"":3},{""t"":62680.80000000447,""value"":4},{""t"":63222.60000000149,""value"":5}]"
3ac3d5ed-a713-4bb3-a132-c4364c1ed617,KT031801,ENUM101,,ha,5,0.3.0-v2,5,false,7,true,18,good,KT031801-r5-rain,0.3022583440403854,mid,KT031801-r5-price,0.4258918869088358,24.054,1,30.054,2026-06-10T10:36:43.789Z,2026-06-10T10:36:53.007Z,9217.90000000596,"[{""t"":82832.20000000298,""value"":1},{""t"":83761.40000000596,""value"":2},{""t"":84139,""value"":3},{""t"":84776.10000000149,""value"":4},{""t"":85579.30000000447,""value"":5},{""t"":86428.5,""value"":6},{""t"":88064.90000000596,""value"":7}]"
3ac3d5ed-a713-4bb3-a132-c4364c1ed617,KT031801,ENUM101,,ha,5,0.3.0-v2,6,false,8,true,17,good,KT031801-r6-rain,0.08048305137266105,mid,KT031801-r6-price,0.20836575508194216,25.216,1,30.216,2026-06-10T10:37:15.432Z,2026-06-10T10:37:30.250Z,14818.5,"[{""t"":120402.30000000447,""value"":1},{""t"":121409.40000000596,""value"":2},{""t"":121836.40000000596,""value"":3},{""t"":122196.30000000447,""value"":4},{""t"":122376.70000000298,""value"":5},{""t"":123244.60000000149,""value"":6},{""t"":124456.20000000298,""value"":7},{""t"":126125.60000000149,""value"":8}]"
3ac3d5ed-a713-4bb3-a132-c4364c1ed617,KT031801,ENUM101,,ha,5,0.3.0-v2,7,false,6,true,19,good,KT031801-r7-rain,0.1527005106952398,mid,KT031801-r7-price,0.3683753000130399,22.752,1,29.752,2026-06-10T10:37:40.476Z,2026-06-10T10:37:46.909Z,6433.70000000298,"[{""t"":139057.40000000596,""value"":1},{""t"":139317.70000000298,""value"":2},{""t"":139713.40000000596,""value"":3},{""t"":140186.70000000298,""value"":4},{""t"":140380.40000000596,""value"":5},{""t"":140989,""value"":6}]"
3ac3d5ed-a713-4bb3-a132-c4364c1ed617,KT031801,ENUM101,,ha,5,0.3.0-v2,8,false,9,true,16,normal,KT031801-r8-rain,0.43342154313871234,mid,KT031801-r8-price,0.5894062782859594,18.17,1,26.17,2026-06-10T10:37:54.324Z,2026-06-10T10:38:03.492Z,9168.19999999553,"[{""t"":152906.90000000596,""value"":1},{""t"":153299.20000000298,""value"":2},{""t"":153493.30000000447,""value"":3},{""t"":154052.1000000015,""value"":4},{""t"":154493.30000000447,""value"":5},{""t"":154854.5,""value"":6},{""t"":155605.20000000298,""value"":7},{""t"":155784.90000000596,""value"":8},{""t"":156407.5,""value"":9}]"
3ac3d5ed-a713-4bb3-a132-c4364c1ed617,KT031801,ENUM101,,ha,5,0.3.0-v2,9,false,10,true,15,good,KT031801-r9-rain,0.300425191150119,mid,KT031801-r9-price,0.3160798541033017,27.119999999999997,1,30.119999999999997,2026-06-10T10:38:17.488Z,2026-06-10T10:38:24.381Z,6892.79999999702,"[{""t"":176134.5,""value"":1},{""t"":176331.20000000298,""value"":2},{""t"":176541.1000000015,""value"":3},{""t"":176722.1000000015,""value"":4},{""t"":176904.6000000015,""value"":5},{""t"":177082.90000000596,""value"":6},{""t"":177279.30000000447,""value"":7},{""t"":177836,""value"":8},{""t"":178013.6000000015,""value"":9},{""t"":178556.20000000298,""value"":10}]"
8f8416ca-209e-4320-af26-914353223599,KT03180,ENUM104,,ha,5,0.3.0-v2,practice,true,3,true,22,good,KT03180-rpractice-rain,0.33539619898844936,low,KT03180-rpractice-price,0.8448252489502551,18.006,0.6,25.6036,2026-06-10T10:40:29.352Z,2026-06-10T10:44:32.767Z,221634.19999999972,"[{""t"":279733.90000000014,""value"":1},{""t"":295525.2000000002,""value"":2},{""t"":296114.3999999999,""value"":3}]"
8f8416ca-209e-4320-af26-914353223599,KT03180,ENUM104,,ha,5,0.3.0-v2,0,false,3,true,22,good,KT03180-r0-rain,0.16015536390511587,mid,KT03180-r0-price,0.3655506540282909,18.006,1,28.006,2026-06-10T10:44:51.099Z,2026-06-10T10:45:23.166Z,32066.5,"[{""t"":339695.2000000002,""value"":1},{""t"":345797.8999999999,""value"":2},{""t"":346565.3999999999,""value"":3}]"
8f8416ca-209e-4320-af26-914353223599,KT03180,ENUM104,,ha,5,0.3.0-v2,1,false,4,true,21,normal,KT03180-r1-rain,0.6022355247940813,low,KT03180-r1-price,0.722444539678792,13.52,0.6,24.312,2026-06-10T10:45:29.063Z,2026-06-10T10:45:38.488Z,9425.100000000093,"[{""t"":360332.5,""value"":1},{""t"":361017.3999999999,""value"":2},{""t"":361559,""value"":3},{""t"":362130.7000000002,""value"":4}]"
8f8416ca-209e-4320-af26-914353223599,KT03180,ENUM104,,ha,5,0.3.0-v2,2,false,2,true,23,normal,KT03180-r2-rain,0.5752623405693283,high,KT03180-r2-price,0.10613586950264062,10.96,1.6,27.736,2026-06-10T10:45:49.294Z,2026-06-10T10:45:55.086Z,5791.899999999907,"[{""t"":375462.5,""value"":1},{""t"":378795.5,""value"":2}]"
8f8416ca-209e-4320-af26-914353223599,KT03180,ENUM104,,ha,5,0.3.0-v2,3,false,3,true,22,good,KT03180-r3-rain,0.2477937545513314,mid,KT03180-r3-price,0.43128252883225976,18.006,1,28.006,2026-06-10T10:46:00.146Z,2026-06-10T10:46:07.035Z,6889,"[{""t"":386276.8999999999,""value"":1},{""t"":390186.3999999999,""value"":2},{""t"":390745,""value"":3}]"
8f8416ca-209e-4320-af26-914353223599,KT03180,ENUM104,,ha,5,0.3.0-v2,4,false,2,true,23,normal,KT03180-r4-rain,0.5589052493980231,mid,KT03180-r4-price,0.2705895706871637,10.96,1,25.96,2026-06-10T10:46:11.376Z,2026-06-10T10:46:23.060Z,11684,"[{""t"":397684.3999999999,""value"":1},{""t"":405166.8000000003,""value"":2}]"
8f8416ca-209e-4320-af26-914353223599,KT03180,ENUM104,,ha,5,0.3.0-v2,5,false,3,true,22,good,KT03180-r5-rain,0.7613584444348794,low,KT03180-r5-price,0.8568826988949088,18.006,0.6,25.6036,2026-06-10T10:46:28.431Z,2026-06-10T10:46:32.587Z,4155.899999999907,"[{""t"":414597.2000000002,""value"":1},{""t"":415529.5,""value"":2},{""t"":416216.6000000001,""value"":3}]"
8f8416ca-209e-4320-af26-914353223599,KT03180,ENUM104,,ha,5,0.3.0-v2,6,false,3,true,22,good,KT03180-r6-rain,0.5151590671472621,mid,KT03180-r6-price,0.3467815138730149,18.006,1,28.006,2026-06-10T10:46:37.875Z,2026-06-10T10:46:41.803Z,3928.2000000001863,"[{""t"":424071.7000000002,""value"":1},{""t"":424776.2000000002,""value"":2},{""t"":425497.5,""value"":3}]"
8f8416ca-209e-4320-af26-914353223599,KT03180,ENUM104,,ha,5,0.3.0-v2,7,false,2,true,23,good,KT03180-r7-rain,0.03465825357417902,mid,KT03180-r7-price,0.35066935712493896,16.144,1,27.144,2026-06-10T10:46:45.718Z,2026-06-10T10:46:49.791Z,4073.899999999907,"[{""t"":432192,""value"":1},{""t"":432910.8999999999,""value"":2}]"
8f8416ca-209e-4320-af26-914353223599,KT03180,ENUM104,,ha,5,0.3.0-v2,8,false,3,true,22,good,KT03180-r8-rain,0.3748567134186931,high,KT03180-r8-price,0.24124674394072806,18.006,1.6,31.6096,2026-06-10T10:46:54.801Z,2026-06-10T10:47:03.509Z,8707.899999999907,"[{""t"":440840.3999999999,""value"":1},{""t"":441571.5,""value"":2},{""t"":442848.8999999999,""value"":3},{""t"":443732.8000000003,""value"":4},{""t"":446833,""value"":3}]"
8f8416ca-209e-4320-af26-914353223599,KT03180,ENUM104,,ha,5,0.3.0-v2,9,false,2,true,23,drought,KT03180-r9-rain,0.6261819194820857,high,KT03180-r9-price,0.19718882972409982,2,1.6,23,2026-06-10T10:47:07.748Z,2026-06-10T10:47:10.762Z,3013.399999999907,"[{""t"":453654.8999999999,""value"":1},{""t"":454339.8999999999,""value"":2}]"
a62753d1-cd9b-4a87-b199-d603bbf31a86,KD030106,ENUM102,,ha,5,0.3.0-v2,practice,true,5,true,20,good,KD030106-rpractice-rain,0.2051721398009981,low,KD030106-rpractice-price,0.749510502208376,21.310000000000002,0.6,25.586000000000002,2026-06-10T11:23:01.538Z,2026-06-10T11:24:18.145Z,76606.80000000447,"[{""t"":694847.799999997,""value"":1},{""t"":695497.3999999985,""value"":2},{""t"":696036.6000000015,""value"":3},{""t"":696663.6000000015,""value"":4},{""t"":697362.700000003,""value"":5}]"
a62753d1-cd9b-4a87-b199-d603bbf31a86,KD030106,ENUM102,,ha,5,0.3.0-v2,0,false,6,true,19,normal,KD030106-r0-rain,0.889035312755328,high,KD030106-r0-price,0.09429600767361584,15.68,1.6,31.288,2026-06-10T11:25:03.942Z,2026-06-10T11:26:37.968Z,91144.19999999553,"[{""t"":831928.799999997,""value"":1},{""t"":832175.799999997,""value"":2},{""t"":832390.700000003,""value"":3},{""t"":832603.1000000015,""value"":4},{""t"":833316.3999999985,""value"":5},{""t"":834017.1000000015,""value"":6}]"
a62753d1-cd9b-4a87-b199-d603bbf31a86,KD030106,ENUM102,,ha,5,0.3.0-v2,1,false,5,true,20,drought,KD030106-r1-rain,0.9256685666797431,mid,KD030106-r1-price,0.38854677356977013,2,1,20,2026-06-10T11:27:07.154Z,2026-06-10T11:27:40.608Z,33453.89999999851,"[{""t"":896312.5,""value"":1},{""t"":896605.1000000015,""value"":2},{""t"":896975,""value"":3},{""t"":897435.6000000015,""value"":4},{""t"":897892.299999997,""value"":5}]"
a62753d1-cd9b-4a87-b199-d603bbf31a86,KD030106,ENUM102,,ha,5,0.3.0-v2,2,false,0,false,25,normal,KD030106-r2-rain,0.4488896991547802,high,KD030106-r2-price,0.03969954947305835,8,1.6,25,2026-06-10T11:28:24.039Z,2026-06-10T11:28:42.232Z,18192.10000000149,[]
a62753d1-cd9b-4a87-b199-d603bbf31a86,KD030106,ENUM102,,ha,5,0.3.0-v2,3,false,4,true,21,good,KD030106-r3-rain,0.43215747354544504,high,KD030106-r3-price,0.06986821309391818,19.728,1.6,33.3648,2026-06-10T11:29:01.180Z,2026-06-10T11:29:32.662Z,31481.19999999553,"[{""t"":1007669.200000003,""value"":1},{""t"":1008118.299999997,""value"":2},{""t"":1008647.3999999985,""value"":3},{""t"":1010554.5,""value"":4}]"
a62753d1-cd9b-4a87-b199-d603bbf31a86,KD030106,ENUM102,,ha,5,0.3.0-v2,4,false,0,false,25,good,KD030106-r4-rain,0.13145803556221686,low,KD030106-r4-price,0.9334485359239865,12,0.6,25,2026-06-10T11:29:48.053Z,2026-06-10T11:30:07.871Z,19817.79999999702,[]
a62753d1-cd9b-4a87-b199-d603bbf31a86,KD030106,ENUM102,,ha,5,0.3.0-v2,5,false,4,true,21,normal,KD030106-r5-rain,0.8394407594951138,high,KD030106-r5-price,0.09804953451428633,13.52,1.6,29.832,2026-06-10T11:30:35.947Z,2026-06-10T11:30:40.888Z,4941,"[{""t"":1077392.6000000015,""value"":1},{""t"":1077734.299999997,""value"":2},{""t"":1078157,""value"":3},{""t"":1078724.700000003,""value"":4}]"
a62753d1-cd9b-4a87-b199-d603bbf31a86,KD030106,ENUM102,,ha,5,0.3.0-v2,6,false,2,true,23,good,KD030106-r6-rain,0.0017640104112863274,mid,KD030106-r6-price,0.425660295006177,16.144,1,27.144,2026-06-10T11:30:54.809Z,2026-06-10T11:31:47.188Z,52378.39999999851,"[{""t"":1143765.3999999985,""value"":1},{""t"":1144138,""value"":2}]"
a62753d1-cd9b-4a87-b199-d603bbf31a86,KD030106,ENUM102,,ha,5,0.3.0-v2,7,false,0,false,25,normal,KD030106-r7-rain,0.47622841040356595,low,KD030106-r7-price,0.846928426576268,8,0.6,25,2026-06-10T11:31:58.492Z,2026-06-10T11:32:08.964Z,10471.29999999702,[]
a62753d1-cd9b-4a87-b199-d603bbf31a86,KD030106,ENUM102,,ha,5,0.3.0-v2,8,false,0,false,25,drought,KD030106-r8-rain,0.99406875713645,mid,KD030106-r8-price,0.46219176112627414,2,1,25,2026-06-10T11:32:18.861Z,2026-06-10T11:32:40.994Z,22133,[]
a62753d1-cd9b-4a87-b199-d603bbf31a86,KD030106,ENUM102,,ha,5,0.3.0-v2,9,false,0,false,25,good,KD030106-r9-rain,0.05670901450831735,low,KD030106-r9-price,0.8577435501812539,12,0.6,25,2026-06-10T11:33:01.722Z,2026-06-10T11:33:04.940Z,3218,[]
e47ebb35-bb99-4c55-bf2e-637d9a7a653c,KD030101,ENUM301,,en,5,0.3.0-v2,practice,true,10,true,15,normal,KD030101-rpractice-rain,0.8443797917492605,mid,KD030101-rpractice-price,0.5945250710027701,18.8,1,25.8,2026-06-10T11:17:21.174Z,2026-06-10T11:18:16.649Z,55474.80000000447,"[{""t"":176531.3999999985,""value"":1},{""t"":178148.29999999702,""value"":2},{""t"":178361.20000000298,""value"":3},{""t"":178541.8999999985,""value"":4},{""t"":178720.6000000015,""value"":5},{""t"":178885.79999999702,""value"":6},{""t"":179094.8999999985,""value"":7},{""t"":179264.6000000015,""value"":8},{""t"":180078,""value"":9},{""t"":180271.8999999985,""value"":10}]"
e47ebb35-bb99-4c55-bf2e-637d9a7a653c,KD030101,ENUM301,,en,5,0.3.0-v2,0,false,2,true,23,good,KD030101-r0-rain,0.6610990439297019,low,KD030101-r0-price,0.804087436861388,16.144,0.6,25.4864,2026-06-10T11:18:48.038Z,2026-06-10T11:19:01.278Z,13239.29999999702,"[{""t"":229516,""value"":1},{""t"":229941.6000000015,""value"":2}]"
e47ebb35-bb99-4c55-bf2e-637d9a7a653c,KD030101,ENUM301,,en,5,0.3.0-v2,1,false,1,true,24,good,KD030101-r1-rain,0.02405466917375159,mid,KD030101-r1-price,0.3503693143047992,14.142,1,26.142,2026-06-10T11:19:16.932Z,2026-06-10T11:19:21.283Z,4351.5,"[{""t"":251046.70000000298,""value"":1}]"
e47ebb35-bb99-4c55-bf2e-637d9a7a653c,KD030101,ENUM301,,en,5,0.3.0-v2,2,false,1,true,24,normal,KD030101-r2-rain,0.5388872712961725,low,KD030101-r2-price,0.9545387583513281,9.53,0.6,24.918,2026-06-10T11:19:31.754Z,2026-06-10T11:20:03.654Z,31900.10000000149,"[{""t"":284552.1000000015,""value"":1},{""t"":287133.700000003,""value"":2},{""t"":287997.8999999985,""value"":3},{""t"":291406,""value"":2},{""t"":291662.700000003,""value"":1},{""t"":291846.5,""value"":0},{""t"":293107.299999997,""value"":1}]"
e47ebb35-bb99-4c55-bf2e-637d9a7a653c,KD030101,ENUM301,,en,5,0.3.0-v2,3,false,3,true,22,normal,KD030101-r3-rain,0.6889017546062611,mid,KD030101-r3-price,0.6458456620671906,12.29,1,26.29,2026-06-10T11:20:08.889Z,2026-06-10T11:20:13.928Z,5038.19999999553,"[{""t"":302036.799999997,""value"":1},{""t"":302263.3999999985,""value"":2},{""t"":302428.1000000015,""value"":3}]"
e47ebb35-bb99-4c55-bf2e-637d9a7a653c,KD030101,ENUM301,,en,5,0.3.0-v2,4,false,4,true,21,good,KD030101-r4-rain,0.070571564153484,low,KD030101-r4-price,0.8082442171624497,19.728,0.6,25.6368,2026-06-10T11:20:20.976Z,2026-06-10T11:20:26.034Z,5057.39999999851,"[{""t"":313719.700000003,""value"":1},{""t"":313960.6000000015,""value"":2},{""t"":315026.3999999985,""value"":3},{""t"":315219.6000000015,""value"":4}]"
e47ebb35-bb99-4c55-bf2e-637d9a7a653c,KD030101,ENUM301,,en,5,0.3.0-v2,5,false,8,true,17,normal,KD030101-r5-rain,0.8838645684990191,high,KD030101-r5-price,0.05935272534677159,17.44,1.6,32.104,2026-06-10T11:20:33.836Z,2026-06-10T11:20:49.918Z,16082.70000000298,"[{""t"":327164.3999999985,""value"":1},{""t"":328339.299999997,""value"":2},{""t"":336473.799999997,""value"":3},{""t"":336765.3999999985,""value"":4},{""t"":337008.8999999985,""value"":5},{""t"":337536.5,""value"":6},{""t"":337994,""value"":7},{""t"":339417.3999999985,""value"":8}]"
e47ebb35-bb99-4c55-bf2e-637d9a7a653c,KD030101,ENUM301,,en,5,0.3.0-v2,6,false,6,true,19,good,KD030101-r6-rain,0.06074930304284093,mid,KD030101-r6-price,0.3462556887518561,22.752,1,29.752,2026-06-10T11:21:19.346Z,2026-06-10T11:21:25.156Z,5809.69999999553,"[{""t"":373874.299999997,""value"":1},{""t"":374130.1000000015,""value"":2},{""t"":374313.8999999985,""value"":3},{""t"":374488.200000003,""value"":4},{""t"":374814.8999999985,""value"":5},{""t"":375325.6000000015,""value"":6}]"
e47ebb35-bb99-4c55-bf2e-637d9a7a653c,KD030101,ENUM301,,en,5,0.3.0-v2,7,false,4,true,21,drought,KD030101-r7-rain,0.7155872915168491,high,KD030101-r7-price,0.07915803415875586,2,1.6,21,2026-06-10T11:21:51.642Z,2026-06-10T11:22:00.543Z,8901.79999999702,"[{""t"":409059.700000003,""value"":1},{""t"":409267.700000003,""value"":2},{""t"":409498.5,""value"":3},{""t"":409957,""value"":4}]"
e47ebb35-bb99-4c55-bf2e-637d9a7a653c,KD030101,ENUM301,,en,5,0.3.0-v2,8,false,3,true,22,normal,KD030101-r8-rain,0.4039118459674323,mid,KD030101-r8-price,0.7665159899212047,12.29,1,26.29,2026-06-10T11:22:22.316Z,2026-06-10T11:22:28.613Z,6297.20000000298,"[{""t"":437541.299999997,""value"":1},{""t"":437913.5,""value"":2},{""t"":438716.200000003,""value"":3}]"
e47ebb35-bb99-4c55-bf2e-637d9a7a653c,KD030101,ENUM301,,en,5,0.3.0-v2,9,false,1,true,24,good,KD030101-r9-rain,0.002235099183600422,mid,KD030101-r9-price,0.5254343922250831,14.142,1,26.142,2026-06-10T11:22:39.261Z,2026-06-10T11:22:42.813Z,3552.7000000029802,"[{""t"":452167.700000003,""value"":1}]"
4364c6fc-7afe-4eae-ac62-acc080eb9292,KN010502,ENUM402,,en,5,0.3.0-v2,practice,true,4,true,21,good,KN010502-rpractice-rain,0.12050885662377114,high,KN010502-rpractice-price,0.07093756482538913,19.728,1.6,33.3648,2026-06-10T13:14:07.028Z,2026-06-10T13:14:13.282Z,6253.69999999553,"[{""t"":21343160.400000002,""value"":1},{""t"":21343815.3,""value"":2},{""t"":21344069.900000002,""value"":3},{""t"":21344320.8,""value"":4}]"
4364c6fc-7afe-4eae-ac62-acc080eb9292,KN010502,ENUM402,,en,5,0.3.0-v2,0,false,6,true,19,good,KN010502-r0-rain,0.14816862456872976,low,KN010502-r0-price,0.7386823425047953,22.752,0.6,25.4512,2026-06-10T13:14:25.040Z,2026-06-10T13:14:38.572Z,13532.19999999553,"[{""t"":21360971.2,""value"":1},{""t"":21361212.099999998,""value"":2},{""t"":21361449.599999998,""value"":3},{""t"":21361660.400000002,""value"":4},{""t"":21361893.7,""value"":5},{""t"":21362096.099999998,""value"":6}]"
4364c6fc-7afe-4eae-ac62-acc080eb9292,KN010502,ENUM402,,en,5,0.3.0-v2,1,false,3,true,22,normal,KN010502-r1-rain,0.6863497424438207,mid,KN010502-r1-price,0.4325687612845277,12.29,1,26.29,2026-06-10T13:14:45.389Z,2026-06-10T13:14:50.624Z,5235.20000000298,"[{""t"":21381095.999999996,""value"":1},{""t"":21381508.400000002,""value"":2},{""t"":21381819.099999998,""value"":3}]"
4364c6fc-7afe-4eae-ac62-acc080eb9292,KN010502,ENUM402,,en,5,0.3.0-v2,2,false,4,true,21,drought,KN010502-r2-rain,0.8978444621669235,high,KN010502-r2-price,0.05793884544833591,2,1.6,21,2026-06-10T13:14:56.361Z,2026-06-10T13:15:02.083Z,5721.10000000149,"[{""t"":21391942.900000002,""value"":1},{""t"":21392260.099999998,""value"":2},{""t"":21392539.8,""value"":3},{""t"":21393399.599999998,""value"":4}]"
4364c6fc-7afe-4eae-ac62-acc080eb9292,KN010502,ENUM402,,en,5,0.3.0-v2,3,false,5,true,20,drought,KN010502-r3-rain,0.9580514457869675,high,KN010502-r3-price,0.06144614320805465,2,1.6,20,2026-06-10T13:15:07.306Z,2026-06-10T13:15:12.137Z,4830.60000000149,"[{""t"":21402951.900000002,""value"":1},{""t"":21403524.999999996,""value"":2},{""t"":21403775.3,""value"":3},{""t"":21403981.8,""value"":4},{""t"":21404257.2,""value"":5}]"
4364c6fc-7afe-4eae-ac62-acc080eb9292,KN010502,ENUM402,,en,5,0.3.0-v2,4,false,10,true,15,drought,KN010502-r4-rain,0.8664097796011186,mid,KN010502-r4-price,0.18095399823444552,2,1,15,2026-06-10T13:15:18.597Z,2026-06-10T13:15:28.923Z,10325.89999999851,"[{""t"":21414201.2,""value"":1},{""t"":21414488.099999998,""value"":2},{""t"":21416176.3,""value"":3},{""t"":21417368.900000002,""value"":4},{""t"":21417601.8,""value"":5},{""t"":21417851.400000002,""value"":6},{""t"":21418135.999999996,""value"":7},{""t"":21418685.599999998,""value"":8},{""t"":21419578.099999998,""value"":9},{""t"":21420359.7,""value"":10}]"
4364c6fc-7afe-4eae-ac62-acc080eb9292,KN010502,ENUM402,,en,5,0.3.0-v2,5,false,8,true,17,good,KN010502-r5-rain,0.4592735931770833,high,KN010502-r5-price,0.374580721970927,25.216,1.6,38.1456,2026-06-10T13:15:34.836Z,2026-06-10T13:15:41.078Z,6241.29999999702,"[{""t"":21430445.7,""value"":1},{""t"":21431365.900000002,""value"":2},{""t"":21431595.099999998,""value"":3},{""t"":21431851.2,""value"":4},{""t"":21432085.599999998,""value"":5},{""t"":21432344.499999996,""value"":6},{""t"":21432553.400000002,""value"":7},{""t"":21432786.2,""value"":8}]"
4364c6fc-7afe-4eae-ac62-acc080eb9292,KN010502,ENUM402,,en,5,0.3.0-v2,6,false,10,true,15,good,KN010502-r6-rain,0.05824993129723609,mid,KN010502-r6-price,0.4768790944852248,27.119999999999997,1,30.119999999999997,2026-06-10T13:15:47.327Z,2026-06-10T13:15:53.742Z,6414.29999999702,"[{""t"":21442895.099999998,""value"":1},{""t"":21443157.099999998,""value"":2},{""t"":21443376.2,""value"":3},{""t"":21443593.099999998,""value"":4},{""t"":21443826.599999998,""value"":5},{""t"":21444143.400000002,""value"":6},{""t"":21444360.999999996,""value"":7},{""t"":21444621.999999996,""value"":8},{""t"":21444872.3,""value"":9},{""t"":21445403.400000002,""value"":10}]"
4364c6fc-7afe-4eae-ac62-acc080eb9292,KN010502,ENUM402,,en,5,0.3.0-v2,7,false,9,true,16,normal,KN010502-r7-rain,0.38217880437755825,mid,KN010502-r7-price,0.24375280320749537,18.17,1,26.17,2026-06-10T13:15:58.644Z,2026-06-10T13:16:04.016Z,5372.70000000298,"[{""t"":21454296.400000002,""value"":1},{""t"":21454560.499999996,""value"":2},{""t"":21454793.499999996,""value"":3},{""t"":21455002.400000002,""value"":4},{""t"":21455262.7,""value"":5},{""t"":21455469.2,""value"":6},{""t"":21455700.2,""value"":7},{""t"":21455978.400000002,""value"":8},{""t"":21456200.400000002,""value"":9}]"
4364c6fc-7afe-4eae-ac62-acc080eb9292,KN010502,ENUM402,,en,5,0.3.0-v2,8,false,9,true,16,good,KN010502-r8-rain,0.2951524729371144,high,KN010502-r8-price,0.050112664214307295,26.238,1.6,38.7808,2026-06-10T13:16:09.911Z,2026-06-10T13:16:21.690Z,11778.89999999851,"[{""t"":21465658.400000002,""value"":1},{""t"":21465926.499999996,""value"":2},{""t"":21466191.3,""value"":3},{""t"":21466410.900000002,""value"":4},{""t"":21466652.499999996,""value"":5},{""t"":21466890.999999996,""value"":6},{""t"":21467528.400000002,""value"":7},{""t"":21467837.8,""value"":8},{""t"":21468062.099999998,""value"":9},{""t"":21470763.900000002,""value"":10},{""t"":21473470.7,""value"":9}]"
4364c6fc-7afe-4eae-ac62-acc080eb9292,KN010502,ENUM402,,en,5,0.3.0-v2,9,false,8,true,17,good,KN010502-r9-rain,0.3949918535434656,low,KN010502-r9-price,0.6198158223477628,25.216,0.6,24.9296,2026-06-10T13:16:27.909Z,2026-06-10T13:16:35.225Z,7315.69999999553,"[{""t"":21483222.599999998,""value"":1},{""t"":21483536.900000002,""value"":2},{""t"":21483813.8,""value"":3},{""t"":21484056.999999996,""value"":4},{""t"":21484315.499999996,""value"":5},{""t"":21484534.3,""value"":6},{""t"":21484783.599999998,""value"":7},{""t"":21485116.499999996,""value"":8}]"
dcb16954-f35f-4ab6-b1b6-d091a14785cc,10505,202,,ha,5,0.3.0-v2,practice,true,3,true,22,good,10505-rpractice-rain,0.46962786917880567,high,10505-rpractice-price,0.14364125314100648,18.006,1.6,31.6096,2026-06-10T21:19:36.993Z,2026-06-10T21:19:39.594Z,2601.4000000059605,"[{""t"":58592.39999999106,""value"":1},{""t"":58750.89999999106,""value"":2},{""t"":58917,""value"":3}]"
dcb16954-f35f-4ab6-b1b6-d091a14785cc,10505,202,,ha,5,0.3.0-v2,0,false,0,false,25,good,10505-r0-rain,0.35862087267336795,low,10505-r0-price,0.8781038795246295,12,0.6,25,2026-06-10T21:19:42.423Z,2026-06-10T21:19:43.303Z,880.5999999940395,[]
dcb16954-f35f-4ab6-b1b6-d091a14785cc,10505,202,,ha,5,0.3.0-v2,1,false,3,true,22,normal,10505-r1-rain,0.5488167220868416,high,10505-r1-price,0.009530673075115284,12.29,1.6,28.863999999999997,2026-06-10T21:19:46.350Z,2026-06-10T21:19:48.314Z,1963.3999999910593,"[{""t"":67620.89999999106,""value"":1},{""t"":67831.29999999702,""value"":2},{""t"":67958,""value"":3}]"
dcb16954-f35f-4ab6-b1b6-d091a14785cc,10505,202,,ha,5,0.3.0-v2,2,false,4,true,21,drought,10505-r2-rain,0.6038215460183358,low,10505-r2-price,0.9622513427917806,2,0.6,21,2026-06-10T21:19:51.440Z,2026-06-10T21:19:53.842Z,2401.199999988079,"[{""t"":72564.29999999702,""value"":1},{""t"":72803.09999999404,""value"":2},{""t"":72968.5,""value"":3},{""t"":73277.09999999404,""value"":4}]"
dcb16954-f35f-4ab6-b1b6-d091a14785cc,10505,202,,ha,5,0.3.0-v2,3,false,2,true,23,normal,10505-r3-rain,0.8561237910706283,mid,10505-r3-price,0.45413535530109345,10.96,1,25.96,2026-06-10T21:19:56.557Z,2026-06-10T21:19:58.308Z,1750.800000011921,"[{""t"":77667.79999999702,""value"":1},{""t"":77940.79999999702,""value"":2}]"
dcb16954-f35f-4ab6-b1b6-d091a14785cc,10505,202,,ha,5,0.3.0-v2,4,false,1,true,24,drought,10505-r4-rain,0.7712118171777039,mid,10505-r4-price,0.2673255406992037,2,1,24,2026-06-10T21:20:01.057Z,2026-06-10T21:20:03.330Z,2273,"[{""t"":82949.79999999702,""value"":1}]"
dcb16954-f35f-4ab6-b1b6-d091a14785cc,10505,202,,ha,5,0.3.0-v2,5,false,9,true,16,drought,10505-r5-rain,0.9757154899843931,high,10505-r5-price,0.3488117977915014,2,1.6,16,2026-06-10T21:20:05.933Z,2026-06-10T21:20:08.925Z,2992.3999999910593,"[{""t"":87169.19999998808,""value"":1},{""t"":87365,""value"":2},{""t"":87575.5,""value"":3},{""t"":87658.29999999702,""value"":4},{""t"":87843,""value"":5},{""t"":87982.79999999702,""value"":6},{""t"":88131.29999999702,""value"":7},{""t"":88298.09999999404,""value"":8},{""t"":88507.79999999702,""value"":9}]"
dcb16954-f35f-4ab6-b1b6-d091a14785cc,10505,202,,ha,5,0.3.0-v2,6,false,2,true,23,normal,10505-r6-rain,0.6936727540660632,mid,10505-r6-price,0.3156480181953864,10.96,1,25.96,2026-06-10T21:20:11.805Z,2026-06-10T21:20:13.931Z,2126,"[{""t"":93256.59999999404,""value"":1},{""t"":93497.59999999404,""value"":2}]"
dcb16954-f35f-4ab6-b1b6-d091a14785cc,10505,202,,ha,5,0.3.0-v2,7,false,7,true,18,normal,10505-r7-rain,0.4450885150197651,low,10505-r7-price,0.7712447481562135,16.61,0.6,23.166,2026-06-10T21:20:16.581Z,2026-06-10T21:20:19.084Z,2503.0999999940395,"[{""t"":97639.79999999702,""value"":1},{""t"":97930.79999999702,""value"":2},{""t"":98112,""value"":3},{""t"":98295.09999999404,""value"":4},{""t"":98419.29999999702,""value"":5},{""t"":98551.09999999404,""value"":6},{""t"":98682.39999999106,""value"":7}]"
dcb16954-f35f-4ab6-b1b6-d091a14785cc,10505,202,,ha,5,0.3.0-v2,8,false,3,true,22,normal,10505-r8-rain,0.44288863986959165,low,10505-r8-price,0.813518443615597,12.29,0.6,24.573999999999998,2026-06-10T21:20:21.849Z,2026-06-10T21:20:23.713Z,1864.3999999910593,"[{""t"":102940.59999999404,""value"":1},{""t"":103148.89999999106,""value"":2},{""t"":103335.79999999702,""value"":3}]"
dcb16954-f35f-4ab6-b1b6-d091a14785cc,10505,202,,ha,5,0.3.0-v2,9,false,0,false,25,good,10505-r9-rain,0.0060530748893320215,high,10505-r9-price,0.16810492194497856,12,1.6,25,2026-06-10T21:20:26.479Z,2026-06-10T21:20:27.837Z,1357.5999999940395,[]
254129db-4bd4-4a00-8790-0047530599c6,KN010506,ENUM206,,ha,5,0.3.0-v2,practice,true,5,true,20,good,KN010506-rpractice-rain,0.10548620779562039,mid,KN010506-rpractice-price,0.2716710736419999,21.310000000000002,1,29.310000000000002,2026-06-10T13:01:57.836Z,2026-06-10T13:13:46.087Z,76332,"[{""t"":380210.09999999404,""value"":1},{""t"":380632.6999999881,""value"":2},{""t"":381091.39999999106,""value"":3},{""t"":381583.09999999404,""value"":4},{""t"":385036.59999999404,""value"":5}]"
254129db-4bd4-4a00-8790-0047530599c6,KN010506,ENUM206,,ha,5,0.3.0-v2,0,false,7,true,18,good,KN010506-r0-rain,0.5467415104720885,mid,KN010506-r0-price,0.3612965170347895,24.054,1,30.054,2026-06-10T13:13:51.741Z,2026-06-10T13:13:57.136Z,5394.70000000298,"[{""t"":395679.799999997,""value"":1},{""t"":395973.799999997,""value"":2},{""t"":396197.89999999106,""value"":3},{""t"":396525.89999999106,""value"":4},{""t"":396932,""value"":5},{""t"":397569.6999999881,""value"":6},{""t"":398757.1999999881,""value"":7}]"
254129db-4bd4-4a00-8790-0047530599c6,KN010506,ENUM206,,ha,5,0.3.0-v2,1,false,4,true,21,drought,KN010506-r1-rain,0.9328969992963538,mid,KN010506-r1-price,0.4517317270494122,2,1,21,2026-06-10T13:14:04.240Z,2026-06-10T13:14:10.234Z,5994,"[{""t"":410262.299999997,""value"":1},{""t"":410943.09999999404,""value"":2},{""t"":411302,""value"":3},{""t"":411609.799999997,""value"":4}]"
254129db-4bd4-4a00-8790-0047530599c6,KN010506,ENUM206,,ha,5,0.3.0-v2,2,false,2,true,23,normal,KN010506-r2-rain,0.44351873069048947,low,KN010506-r2-price,0.8469672492326047,10.96,0.6,24.776,2026-06-10T13:14:15.504Z,2026-06-10T13:14:18.176Z,2672.3999999910593,"[{""t"":419387.5,""value"":1},{""t"":419585.59999999404,""value"":2}]"
254129db-4bd4-4a00-8790-0047530599c6,KN010506,ENUM206,,ha,5,0.3.0-v2,3,false,4,true,21,good,KN010506-r3-rain,0.3005850933780665,low,KN010506-r3-price,0.7052898923529596,19.728,0.6,25.6368,2026-06-10T13:14:24.896Z,2026-06-10T13:14:28.842Z,3945.2999999970198,"[{""t"":428584.5,""value"":1},{""t"":428939,""value"":2},{""t"":429273.09999999404,""value"":3},{""t"":429556.1999999881,""value"":4}]"
254129db-4bd4-4a00-8790-0047530599c6,KN010506,ENUM206,,ha,5,0.3.0-v2,4,false,3,true,22,good,KN010506-r4-rain,0.339039188765241,mid,KN010506-r4-price,0.1853038950643517,18.006,1,28.006,2026-06-10T13:14:33.020Z,2026-06-10T13:14:36.347Z,3327.2999999970198,"[{""t"":436695.1999999881,""value"":1},{""t"":436971.1999999881,""value"":2},{""t"":437778.5,""value"":3}]"
254129db-4bd4-4a00-8790-0047530599c6,KN010506,ENUM206,,ha,5,0.3.0-v2,5,false,8,true,17,good,KN010506-r5-rain,0.2158891592253056,high,KN010506-r5-price,0.35342955377763213,25.216,1.6,38.1456,2026-06-10T13:14:41.142Z,2026-06-10T13:14:44.527Z,3385.4000000059605,"[{""t"":444582.1999999881,""value"":1},{""t"":444763.1999999881,""value"":2},{""t"":445016.5,""value"":3},{""t"":445195.39999999106,""value"":4},{""t"":445404.5,""value"":5},{""t"":445604,""value"":6},{""t"":445839.1999999881,""value"":7},{""t"":446304.299999997,""value"":8}]"
254129db-4bd4-4a00-8790-0047530599c6,KN010506,ENUM206,,ha,5,0.3.0-v2,6,false,6,true,19,good,KN010506-r6-rain,0.4707284382586748,low,KN010506-r6-price,0.8077224510003762,22.752,0.6,25.4512,2026-06-10T13:14:49.456Z,2026-06-10T13:14:53.650Z,4194,"[{""t"":453242.799999997,""value"":1},{""t"":453499.1999999881,""value"":2},{""t"":453974.09999999404,""value"":3},{""t"":454176.6999999881,""value"":4},{""t"":454521.89999999106,""value"":5},{""t"":455355,""value"":6}]"
254129db-4bd4-4a00-8790-0047530599c6,KN010506,ENUM206,,ha,5,0.3.0-v2,7,false,1,true,24,good,KN010506-r7-rain,0.08648147784263913,high,KN010506-r7-price,0.19724281291508505,14.142,1.6,27.4272,2026-06-10T13:14:58.663Z,2026-06-10T13:15:00.664Z,2001.300000011921,"[{""t"":462084.5,""value"":1}]"
254129db-4bd4-4a00-8790-0047530599c6,KN010506,ENUM206,,ha,5,0.3.0-v2,8,false,4,true,21,drought,KN010506-r8-rain,0.8268085026557923,mid,KN010506-r8-price,0.7827764451161675,2,1,21,2026-06-10T13:15:05.559Z,2026-06-10T13:15:08.013Z,2453.2999999970198,"[{""t"":469090,""value"":1},{""t"":469311.59999999404,""value"":2},{""t"":469533.89999999106,""value"":3},{""t"":469921.59999999404,""value"":4}]"
254129db-4bd4-4a00-8790-0047530599c6,KN010506,ENUM206,,ha,5,0.3.0-v2,9,false,4,true,21,drought,KN010506-r9-rain,0.9212159947560288,mid,KN010506-r9-price,0.559272811584965,2,1,21,2026-06-10T13:15:11.955Z,2026-06-10T13:15:14.699Z,2743.4000000059605,"[{""t"":475460.89999999106,""value"":1},{""t"":475649.5,""value"":2},{""t"":475834.799999997,""value"":3},{""t"":476287.299999997,""value"":4}]"
528ccf41-968e-4836-b9e9-fb23d257a777,KD030103,ENUM403,,ha,5,0.3.0-v2,practice,true,7,true,18,good,KD030103-rpractice-rain,0.48820063376815687,mid,KD030103-rpractice-price,0.644168317810551,24.054,1,30.054,2026-06-10T10:28:00.628Z,2026-06-10T10:29:44.077Z,103448,"[{""t"":622868.2999999989,""value"":1},{""t"":623691.6999999993,""value"":2},{""t"":624234,""value"":3},{""t"":624672.6999999993,""value"":4},{""t"":625186.2999999989,""value"":5},{""t"":625543.5,""value"":6},{""t"":625919.0999999996,""value"":7}]"
528ccf41-968e-4836-b9e9-fb23d257a777,KD030103,ENUM403,,ha,5,0.3.0-v2,0,false,4,true,21,normal,KD030103-r0-rain,0.8202968016215542,mid,KD030103-r0-price,0.6987085428861345,13.52,1,26.52,2026-06-10T10:30:31.283Z,2026-06-10T10:30:47.602Z,16318.300000000745,"[{""t"":691829.4000000004,""value"":1},{""t"":692020.1999999993,""value"":2},{""t"":692203.5999999996,""value"":3},{""t"":692462.1999999993,""value"":4},{""t"":692669.5999999996,""value"":5},{""t"":693792.5999999996,""value"":4}]"
528ccf41-968e-4836-b9e9-fb23d257a777,KD030103,ENUM403,,ha,5,0.3.0-v2,1,false,3,true,22,good,KD030103-r1-rain,0.27927178822692694,low,KD030103-r1-price,0.7261598122500129,18.006,0.6,25.6036,2026-06-10T10:31:11.978Z,2026-06-10T10:31:23.947Z,11969,"[{""t"":728335.7999999989,""value"":1},{""t"":728547,""value"":2},{""t"":730307.1999999993,""value"":3}]"
528ccf41-968e-4836-b9e9-fb23d257a777,KD030103,ENUM403,,ha,5,0.3.0-v2,2,false,1,true,24,normal,KD030103-r2-rain,0.48537394084739216,high,KD030103-r2-price,0.16202474041783507,9.53,1.6,26.448,2026-06-10T10:32:01.474Z,2026-06-10T10:32:44.358Z,42884.09999999963,"[{""t"":810149.6999999993,""value"":1}]"
528ccf41-968e-4836-b9e9-fb23d257a777,KD030103,ENUM403,,ha,5,0.3.0-v2,3,false,5,true,20,good,KD030103-r3-rain,0.5188914154554485,mid,KD030103-r3-price,0.5681225150416801,21.310000000000002,1,29.310000000000002,2026-06-10T10:33:14.036Z,2026-06-10T10:33:58.560Z,44523.199999999255,"[{""t"":858725,""value"":1},{""t"":858937.7999999989,""value"":2},{""t"":881661.6999999993,""value"":3},{""t"":883510.6999999993,""value"":4},{""t"":884536.0999999996,""value"":5}]"
528ccf41-968e-4836-b9e9-fb23d257a777,KD030103,ENUM403,,ha,5,0.3.0-v2,4,false,2,true,23,drought,KD030103-r4-rain,0.7884870181503639,mid,KD030103-r4-price,0.3006576069472153,2,1,23,2026-06-10T10:35:17.729Z,2026-06-10T10:35:28.835Z,11105.900000000373,"[{""t"":974883.5,""value"":1},{""t"":975141.2999999989,""value"":2}]"
528ccf41-968e-4836-b9e9-fb23d257a777,KD030103,ENUM403,,ha,5,0.3.0-v2,5,false,8,true,17,good,KD030103-r5-rain,0.6215332001061248,high,KD030103-r5-price,0.14438076886434284,25.216,1.6,38.1456,2026-06-10T10:35:55.532Z,2026-06-10T10:36:02.839Z,7306.5999999996275,"[{""t"":1007228.4000000004,""value"":1},{""t"":1007456.5999999996,""value"":2},{""t"":1007670.0999999996,""value"":3},{""t"":1007852.1999999993,""value"":4},{""t"":1008035.9000000004,""value"":5},{""t"":1008214.7999999989,""value"":6},{""t"":1008389.0999999996,""value"":7},{""t"":1009198.7999999989,""value"":8}]"
528ccf41-968e-4836-b9e9-fb23d257a777,KD030103,ENUM403,,ha,5,0.3.0-v2,6,false,1,true,24,normal,KD030103-r6-rain,0.6270539263374793,low,KD030103-r6-price,0.8000416239777024,9.53,0.6,24.918,2026-06-10T10:36:41.557Z,2026-06-10T10:36:46.689Z,5132.5,"[{""t"":1051731.4000000004,""value"":1}]"
528ccf41-968e-4836-b9e9-fb23d257a777,KD030103,ENUM403,,ha,5,0.3.0-v2,7,false,2,true,23,drought,KD030103-r7-rain,0.8587887113107192,low,KD030103-r7-price,0.8196962238112872,2,0.6,23,2026-06-10T10:37:06.695Z,2026-06-10T10:37:12.438Z,5742.10000000149,"[{""t"":1077127.4000000004,""value"":1},{""t"":1077295.2999999989,""value"":2}]"
528ccf41-968e-4836-b9e9-fb23d257a777,KD030103,ENUM403,,ha,5,0.3.0-v2,8,false,4,true,21,normal,KD030103-r8-rain,0.5292487431960536,mid,KD030103-r8-price,0.5151601574199887,13.52,1,26.52,2026-06-10T10:37:31.387Z,2026-06-10T10:37:40.165Z,8778.099999999627,"[{""t"":1104345.0999999996,""value"":1},{""t"":1104554.5999999996,""value"":2},{""t"":1104930.5999999996,""value"":3},{""t"":1106073.4000000004,""value"":4}]"
528ccf41-968e-4836-b9e9-fb23d257a777,KD030103,ENUM403,,ha,5,0.3.0-v2,9,false,3,true,22,good,KD030103-r9-rain,0.33051682505136964,mid,KD030103-r9-price,0.3848386307048052,18.006,1,28.006,2026-06-10T10:38:02.213Z,2026-06-10T10:38:09.945Z,7732.5,"[{""t"":1134321.1999999993,""value"":1},{""t"":1134547.5999999996,""value"":2},{""t"":1134892.0999999996,""value"":3}]"
7dbcd76c-b1ac-463d-b659-e065255c89c5,1,2,,ha,5,0.3.0-v2,practice,true,1,true,24,good,1-rpractice-rain,0.5337972924628342,low,1-rpractice-price,0.9612583808420218,14.142,0.6,25.2852,2026-06-07T21:33:36.019Z,2026-06-07T21:33:39.146Z,3126.800000011921,"[{""t"":63817.40000000596,""value"":1}]"
7dbcd76c-b1ac-463d-b659-e065255c89c5,1,2,,ha,5,0.3.0-v2,0,false,4,true,21,normal,1-r0-rain,0.8379665678707459,mid,1-r0-price,0.24216923365819493,13.52,1,26.52,2026-06-07T21:33:53.589Z,2026-06-07T21:33:59.592Z,6003.5,"[{""t"":82974.59999999404,""value"":1},{""t"":83281.90000000596,""value"":2},{""t"":83457.90000000596,""value"":3},{""t"":83887.5,""value"":4}]"
7dbcd76c-b1ac-463d-b659-e065255c89c5,1,2,,ha,5,0.3.0-v2,1,false,2,true,23,good,1-r1-rain,0.23706354558248954,mid,1-r1-price,0.34295338503104394,16.144,1,27.144,2026-06-07T21:34:05.876Z,2026-06-07T21:34:10.588Z,4711.300000011921,"[{""t"":94063.20000001788,""value"":1},{""t"":94338.30000001192,""value"":2}]"
7dbcd76c-b1ac-463d-b659-e065255c89c5,1,2,,ha,5,0.3.0-v2,2,false,6,true,19,good,1-r2-rain,0.24149382097008812,high,1-r2-price,0.07274077384941989,22.752,1.6,36.203199999999995,2026-06-07T21:34:21.254Z,2026-06-07T21:34:26.092Z,4838,"[{""t"":109213.80000001192,""value"":1},{""t"":109571.80000001192,""value"":2},{""t"":109767,""value"":3},{""t"":109950.40000000596,""value"":4},{""t"":110147.80000001192,""value"":5},{""t"":110338.5,""value"":6}]"
7dbcd76c-b1ac-463d-b659-e065255c89c5,1,2,,ha,5,0.3.0-v2,3,false,1,true,24,good,1-r3-rain,0.3320177380356095,high,1-r3-price,0.09158007471733934,14.142,1.6,27.4272,2026-06-07T21:34:29.842Z,2026-06-07T21:34:33.866Z,4024.399999976158,"[{""t"":118162.40000000596,""value"":1}]"
7dbcd76c-b1ac-463d-b659-e065255c89c5,1,2,,ha,5,0.3.0-v2,4,false,2,true,23,drought,1-r4-rain,0.9521624049175255,low,1-r4-price,0.9199897495526025,2,0.6,23,2026-06-07T21:34:40.492Z,2026-06-07T21:34:44.308Z,3815.9000000059605,"[{""t"":128827.40000000596,""value"":1},{""t"":129102.90000000596,""value"":2}]"
7dbcd76c-b1ac-463d-b659-e065255c89c5,1,2,,ha,5,0.3.0-v2,5,false,7,true,18,good,1-r5-rain,0.3259724922112453,high,1-r5-price,0.19611408880346964,24.054,1.6,37.2864,2026-06-07T21:34:49.179Z,2026-06-07T21:34:54.086Z,4906.800000011921,"[{""t"":137139.59999999404,""value"":1},{""t"":137351.59999999404,""value"":2},{""t"":137533.70000001788,""value"":3},{""t"":137726.09999999404,""value"":4},{""t"":137934.5,""value"":5},{""t"":138106.59999999404,""value"":6},{""t"":138277.5,""value"":7}]"
7dbcd76c-b1ac-463d-b659-e065255c89c5,1,2,,ha,5,0.3.0-v2,6,false,10,true,15,good,1-r6-rain,0.005184981925122793,mid,1-r6-price,0.3669371760520247,27.119999999999997,1,30.119999999999997,2026-06-07T21:35:01.905Z,2026-06-07T21:35:10.642Z,8736.699999988079,"[{""t"":149409.09999999404,""value"":1},{""t"":149601.59999999404,""value"":2},{""t"":149815.80000001192,""value"":3},{""t"":150013.70000001788,""value"":4},{""t"":150389.30000001192,""value"":5},{""t"":150550.90000000596,""value"":6},{""t"":150793.70000001788,""value"":7},{""t"":151039.90000000596,""value"":8},{""t"":151178.20000001788,""value"":9},{""t"":151376.30000001192,""value"":10}]"
7dbcd76c-b1ac-463d-b659-e065255c89c5,1,2,,ha,5,0.3.0-v2,7,false,1,true,24,normal,1-r7-rain,0.36583686676033306,high,1-r7-price,0.18971037663257187,9.53,1.6,26.448,2026-06-07T21:35:16.089Z,2026-06-07T21:35:18.676Z,2586.2999999821186,"[{""t"":163542.80000001192,""value"":1}]"
7dbcd76c-b1ac-463d-b659-e065255c89c5,1,2,,ha,5,0.3.0-v2,8,false,0,false,25,good,1-r8-rain,0.12721990013067125,mid,1-r8-price,0.587859106477554,12,1,25,2026-06-07T21:35:25.544Z,2026-06-07T21:35:27.885Z,2340.699999988079,[]
7dbcd76c-b1ac-463d-b659-e065255c89c5,1,2,,ha,5,0.3.0-v2,9,false,2,true,23,good,1-r9-rain,0.149290370714575,mid,1-r9-price,0.37412963390109694,16.144,1,27.144,2026-06-07T21:35:31.812Z,2026-06-07T21:35:34.397Z,2585.199999988079,"[{""t"":179068.70000001788,""value"":1},{""t"":179557.5,""value"":2}]"
a5c25d02-9fd1-48d0-83b3-a16ca796943b,1,2,,en,5,0.3.0-v2,practice,true,0,false,25,good,1-rpractice-rain,0.5337972924628342,low,1-rpractice-price,0.9612583808420218,12,0.6,25,2026-06-08T15:35:22.375Z,2026-06-08T15:35:23.906Z,1530.8999999761581,[]
a5c25d02-9fd1-48d0-83b3-a16ca796943b,1,2,,en,5,0.3.0-v2,0,false,0,false,25,normal,1-r0-rain,0.8379665678707459,mid,1-r0-price,0.24216923365819493,8,1,25,2026-06-08T15:35:28.489Z,2026-06-08T15:35:29.814Z,1325.3999999761581,[]
a5c25d02-9fd1-48d0-83b3-a16ca796943b,1,2,,en,5,0.3.0-v2,1,false,2,true,23,good,1-r1-rain,0.23706354558248954,mid,1-r1-price,0.34295338503104394,16.144,1,27.144,2026-06-08T15:35:33.287Z,2026-06-08T15:35:36.278Z,2990.199999988079,"[{""t"":24963.40000000596,""value"":1},{""t"":25121.100000023842,""value"":2}]"
a5c25d02-9fd1-48d0-83b3-a16ca796943b,1,2,,en,5,0.3.0-v2,2,false,1,true,24,good,1-r2-rain,0.24149382097008812,high,1-r2-price,0.07274077384941989,14.142,1.6,27.4272,2026-06-08T15:35:41.155Z,2026-06-08T15:35:43.196Z,2041.199999988079,"[{""t"":32790.5,""value"":1}]"
a5c25d02-9fd1-48d0-83b3-a16ca796943b,1,2,,en,5,0.3.0-v2,3,false,4,true,21,good,1-r3-rain,0.3320177380356095,high,1-r3-price,0.09158007471733934,19.728,1.6,33.3648,2026-06-08T15:35:46.615Z,2026-06-08T15:35:49.464Z,2848.4000000059605,"[{""t"":38286.80000001192,""value"":1},{""t"":38496.80000001192,""value"":2},{""t"":38939.40000000596,""value"":3},{""t"":39165.5,""value"":4}]"
a5c25d02-9fd1-48d0-83b3-a16ca796943b,1,2,,en,5,0.3.0-v2,4,false,3,true,22,drought,1-r4-rain,0.9521624049175255,low,1-r4-price,0.9199897495526025,2,0.6,22,2026-06-08T15:35:53.160Z,2026-06-08T15:35:55.384Z,2224.0999999940395,"[{""t"":44665.90000000596,""value"":1},{""t"":44875.40000000596,""value"":2},{""t"":45106.5,""value"":3}]"
a5c25d02-9fd1-48d0-83b3-a16ca796943b,1,2,,en,5,0.3.0-v2,5,false,9,true,16,good,1-r5-rain,0.3259724922112453,high,1-r5-price,0.19611408880346964,26.238,1.6,38.7808,2026-06-08T15:35:58.231Z,2026-06-08T15:36:02.221Z,3990,"[{""t"":50310.60000002384,""value"":1},{""t"":50490,""value"":2},{""t"":50655.5,""value"":3},{""t"":50862.70000001788,""value"":4},{""t"":51060.5,""value"":5},{""t"":51204.30000001192,""value"":6},{""t"":51418.80000001192,""value"":7},{""t"":51603.90000000596,""value"":8},{""t"":51743.80000001192,""value"":9}]"
a5c25d02-9fd1-48d0-83b3-a16ca796943b,1,2,,en,5,0.3.0-v2,6,false,0,false,25,good,1-r6-rain,0.005184981925122793,mid,1-r6-price,0.3669371760520247,12,1,25,2026-06-08T15:36:05.577Z,2026-06-08T15:36:09.486Z,3908.2999999821186,[]
a5c25d02-9fd1-48d0-83b3-a16ca796943b,1,2,,en,5,0.3.0-v2,7,false,1,true,24,normal,1-r7-rain,0.36583686676033306,high,1-r7-price,0.18971037663257187,9.53,1.6,26.448,2026-06-08T15:36:15.784Z,2026-06-08T15:36:18.400Z,2615.9000000059605,"[{""t"":67765.90000000596,""value"":1}]"
a5c25d02-9fd1-48d0-83b3-a16ca796943b,1,2,,en,5,0.3.0-v2,8,false,0,false,25,good,1-r8-rain,0.12721990013067125,mid,1-r8-price,0.587859106477554,12,1,25,2026-06-08T15:36:22.100Z,2026-06-08T15:36:25.191Z,3090.9000000059605,[]
a5c25d02-9fd1-48d0-83b3-a16ca796943b,1,2,,en,5,0.3.0-v2,9,false,8,true,17,good,1-r9-rain,0.149290370714575,mid,1-r9-price,0.37412963390109694,25.216,1,30.216,2026-06-08T15:36:28.348Z,2026-06-08T15:36:32.306Z,3957.7000000178814,"[{""t"":79874.70000001788,""value"":1},{""t"":80083,""value"":2},{""t"":80265.20000001788,""value"":3},{""t"":80457.90000000596,""value"":4},{""t"":80602,""value"":5},{""t"":80791.60000002384,""value"":6},{""t"":80996.60000002384,""value"":7},{""t"":81935.30000001192,""value"":8}]"
766ddc54-d07f-4b62-a7ee-bdcba7deea46,1,2,,en,5,0.3.0-v2,practice,true,1,true,24,good,1-rpractice-rain,0.5337972924628342,low,1-rpractice-price,0.9612583808420218,14.142,0.6,25.2852,2026-06-08T15:42:11.239Z,2026-06-08T15:42:13.007Z,1768.199999988079,"[{""t"":18345,""value"":1}]"
766ddc54-d07f-4b62-a7ee-bdcba7deea46,1,2,,en,5,0.3.0-v2,0,false,1,true,24,normal,1-r0-rain,0.8379665678707459,mid,1-r0-price,0.24216923365819493,9.53,1,25.53,2026-06-08T15:42:16.049Z,2026-06-08T15:42:17.602Z,1552.800000011921,"[{""t"":22892.09999999404,""value"":1}]"
766ddc54-d07f-4b62-a7ee-bdcba7deea46,1,2,,en,5,0.3.0-v2,1,false,1,true,24,good,1-r1-rain,0.23706354558248954,mid,1-r1-price,0.34295338503104394,14.142,1,26.142,2026-06-08T15:42:20.255Z,2026-06-08T15:42:21.823Z,1567.7999999821186,"[{""t"":27128.69999998808,""value"":1}]"
766ddc54-d07f-4b62-a7ee-bdcba7deea46,1,2,,en,5,0.3.0-v2,2,false,1,true,24,good,1-r2-rain,0.24149382097008812,high,1-r2-price,0.07274077384941989,14.142,1.6,27.4272,2026-06-08T15:42:24.965Z,2026-06-08T15:42:26.865Z,1899.7000000178814,"[{""t"":32133.90000000596,""value"":1}]"
766ddc54-d07f-4b62-a7ee-bdcba7deea46,1,2,,en,5,0.3.0-v2,3,false,1,true,24,good,1-r3-rain,0.3320177380356095,high,1-r3-price,0.09158007471733934,14.142,1.6,27.4272,2026-06-08T15:42:31.149Z,2026-06-08T15:42:32.931Z,1782.2999999821186,"[{""t"":38089.69999998808,""value"":1}]"
766ddc54-d07f-4b62-a7ee-bdcba7deea46,1,2,,en,5,0.3.0-v2,4,false,2,true,23,drought,1-r4-rain,0.9521624049175255,low,1-r4-price,0.9199897495526025,2,0.6,23,2026-06-08T15:42:35.664Z,2026-06-08T15:42:37.561Z,1896.699999988079,"[{""t"":42556,""value"":1},{""t"":42749.09999999404,""value"":2}]"
766ddc54-d07f-4b62-a7ee-bdcba7deea46,1,2,,en,5,0.3.0-v2,5,false,2,true,23,good,1-r5-rain,0.3259724922112453,high,1-r5-price,0.19611408880346964,16.144,1.6,29.630399999999998,2026-06-08T15:42:40.671Z,2026-06-08T15:42:42.828Z,2156.5999999940395,"[{""t"":47726.40000000596,""value"":1},{""t"":47941.80000001192,""value"":2}]"
766ddc54-d07f-4b62-a7ee-bdcba7deea46,1,2,,en,5,0.3.0-v2,6,false,3,true,22,good,1-r6-rain,0.005184981925122793,mid,1-r6-price,0.3669371760520247,18.006,1,28.006,2026-06-08T15:42:45.478Z,2026-06-08T15:42:47.638Z,2160.199999988079,"[{""t"":52354.59999999404,""value"":1},{""t"":52547.80000001192,""value"":2},{""t"":52746.80000001192,""value"":3}]"
766ddc54-d07f-4b62-a7ee-bdcba7deea46,1,2,,en,5,0.3.0-v2,7,false,4,true,21,normal,1-r7-rain,0.36583686676033306,high,1-r7-price,0.18971037663257187,13.52,1.6,29.832,2026-06-08T15:42:50.240Z,2026-06-08T15:42:52.596Z,2356.0999999940395,"[{""t"":57181.59999999404,""value"":1},{""t"":57391.30000001192,""value"":2},{""t"":57587.80000001192,""value"":3},{""t"":57815.5,""value"":4}]"
766ddc54-d07f-4b62-a7ee-bdcba7deea46,1,2,,en,5,0.3.0-v2,8,false,5,true,20,good,1-r8-rain,0.12721990013067125,mid,1-r8-price,0.587859106477554,21.310000000000002,1,29.310000000000002,2026-06-08T15:42:55.203Z,2026-06-08T15:42:57.568Z,2364.199999988079,"[{""t"":62088.30000001192,""value"":1},{""t"":62282.09999999404,""value"":2},{""t"":62450.5,""value"":3},{""t"":62630.69999998808,""value"":4},{""t"":62791.30000001192,""value"":5}]"
766ddc54-d07f-4b62-a7ee-bdcba7deea46,1,2,,en,5,0.3.0-v2,9,false,5,true,20,good,1-r9-rain,0.149290370714575,mid,1-r9-price,0.37412963390109694,21.310000000000002,1,29.310000000000002,2026-06-08T15:43:00.075Z,2026-06-08T15:43:02.328Z,2253.2999999821186,"[{""t"":66930.59999999404,""value"":1},{""t"":67107,""value"":2},{""t"":67304.40000000596,""value"":3},{""t"":67448.90000000596,""value"":4},{""t"":67639.09999999404,""value"":5}]"
c87d0818-a611-4a7e-b321-a12c87fd551a,1,2,,en,5,0.3.0-v2,practice,true,1,true,24,good,1-rpractice-rain,0.5337972924628342,low,1-rpractice-price,0.9612583808420218,14.142,0.6,25.2852,2026-06-08T15:44:08.685Z,2026-06-08T15:44:11.534Z,2849.4000000059605,"[{""t"":49819.19999998808,""value"":1}]"
c87d0818-a611-4a7e-b321-a12c87fd551a,1,2,,en,5,0.3.0-v2,0,false,3,true,22,normal,1-r0-rain,0.8379665678707459,mid,1-r0-price,0.24216923365819493,12.29,1,26.29,2026-06-08T15:44:14.865Z,2026-06-08T15:44:17.123Z,2258.0999999940395,"[{""t"":55281.40000000596,""value"":1},{""t"":55492.90000000596,""value"":2},{""t"":55688,""value"":3}]"
c87d0818-a611-4a7e-b321-a12c87fd551a,1,2,,en,5,0.3.0-v2,1,false,5,true,20,good,1-r1-rain,0.23706354558248954,mid,1-r1-price,0.34295338503104394,21.310000000000002,1,29.310000000000002,2026-06-08T15:44:21.125Z,2026-06-08T15:44:24.143Z,3017.7999999821186,"[{""t"":61486.09999999404,""value"":1},{""t"":61711.40000000596,""value"":2},{""t"":61852.09999999404,""value"":3},{""t"":62022.5,""value"":4},{""t"":62231.19999998808,""value"":5}]"
c87d0818-a611-4a7e-b321-a12c87fd551a,1,2,,en,5,0.3.0-v2,2,false,6,true,19,good,1-r2-rain,0.24149382097008812,high,1-r2-price,0.07274077384941989,22.752,1.6,36.203199999999995,2026-06-08T15:44:27.136Z,2026-06-08T15:44:30.211Z,3074.5,"[{""t"":67649.19999998808,""value"":1},{""t"":67858.59999999404,""value"":2},{""t"":68043.90000000596,""value"":3},{""t"":68250.30000001192,""value"":4},{""t"":68362.40000000596,""value"":5},{""t"":68595.69999998808,""value"":6}]"
c87d0818-a611-4a7e-b321-a12c87fd551a,1,2,,en,5,0.3.0-v2,3,false,0,false,25,good,1-r3-rain,0.3320177380356095,high,1-r3-price,0.09158007471733934,12,1.6,25,2026-06-08T15:44:34.270Z,2026-06-08T15:44:36.182Z,1912.300000011921,[]
c87d0818-a611-4a7e-b321-a12c87fd551a,1,2,,en,5,0.3.0-v2,4,false,0,false,25,drought,1-r4-rain,0.9521624049175255,low,1-r4-price,0.9199897495526025,2,0.6,25,2026-06-08T15:44:39.160Z,2026-06-08T15:44:41.713Z,2553.100000023842,[]
c87d0818-a611-4a7e-b321-a12c87fd551a,1,2,,en,5,0.3.0-v2,5,false,3,true,22,good,1-r5-rain,0.3259724922112453,high,1-r5-price,0.19611408880346964,18.006,1.6,31.6096,2026-06-08T15:44:44.917Z,2026-06-08T15:44:47.994Z,3077,"[{""t"":85546.59999999404,""value"":1},{""t"":85740.69999998808,""value"":2},{""t"":85953.5,""value"":3}]"
c87d0818-a611-4a7e-b321-a12c87fd551a,1,2,,en,5,0.3.0-v2,6,false,0,false,25,good,1-r6-rain,0.005184981925122793,mid,1-r6-price,0.3669371760520247,12,1,25,2026-06-08T15:44:53.881Z,2026-06-08T15:44:57.074Z,3192.5,[]
c87d0818-a611-4a7e-b321-a12c87fd551a,1,2,,en,5,0.3.0-v2,7,false,3,true,22,normal,1-r7-rain,0.36583686676033306,high,1-r7-price,0.18971037663257187,12.29,1.6,28.863999999999997,2026-06-08T15:45:00.198Z,2026-06-08T15:45:02.357Z,2159,"[{""t"":100613.30000001192,""value"":1},{""t"":100822,""value"":2},{""t"":100949.40000000596,""value"":3}]"
c87d0818-a611-4a7e-b321-a12c87fd551a,1,2,,en,5,0.3.0-v2,8,false,0,false,25,good,1-r8-rain,0.12721990013067125,mid,1-r8-price,0.587859106477554,12,1,25,2026-06-08T15:45:06.300Z,2026-06-08T15:45:08.737Z,2437,[]
c87d0818-a611-4a7e-b321-a12c87fd551a,1,2,,en,5,0.3.0-v2,9,false,2,true,23,good,1-r9-rain,0.149290370714575,mid,1-r9-price,0.37412963390109694,16.144,1,27.144,2026-06-08T15:45:12.107Z,2026-06-08T15:45:15.200Z,3092.7000000178814,"[{""t"":112638.40000000596,""value"":1},{""t"":112862.30000001192,""value"":2}]"
59b1ee3a-ab46-440d-87f1-5e8be6199267,1,2,,en,5,0.3.0-v2,practice,true,3,true,22,good,1-rpractice-rain,0.5337972924628342,low,1-rpractice-price,0.9612583808420218,18.006,0.6,25.6036,2026-06-08T20:54:24.971Z,2026-06-08T20:54:43.586Z,18613.80000001192,"[{""t"":310868.2999999821,""value"":1},{""t"":311209,""value"":2},{""t"":311877.89999997616,""value"":3}]"
59b1ee3a-ab46-440d-87f1-5e8be6199267,1,2,,en,5,0.3.0-v2,0,false,3,true,22,normal,1-r0-rain,0.8379665678707459,mid,1-r0-price,0.24216923365819493,12.29,1,26.29,2026-06-08T20:54:56.954Z,2026-06-08T20:55:06.979Z,10025,"[{""t"":345009.09999999404,""value"":1},{""t"":345318.89999997616,""value"":2},{""t"":345692.7999999821,""value"":3}]"
59b1ee3a-ab46-440d-87f1-5e8be6199267,1,2,,en,5,0.3.0-v2,1,false,0,false,25,good,1-r1-rain,0.23706354558248954,mid,1-r1-price,0.34295338503104394,12,1,25,2026-06-08T20:55:32.467Z,2026-06-08T20:55:43.237Z,10770.300000011921,[]
59b1ee3a-ab46-440d-87f1-5e8be6199267,1,2,,en,5,0.3.0-v2,2,false,3,true,22,good,1-r2-rain,0.24149382097008812,high,1-r2-price,0.07274077384941989,18.006,1.6,31.6096,2026-06-08T20:55:55.648Z,2026-06-08T20:55:59.870Z,4222,"[{""t"":400808,""value"":1},{""t"":401135.39999997616,""value"":2},{""t"":401527.5,""value"":3}]"
59b1ee3a-ab46-440d-87f1-5e8be6199267,1,2,,en,5,0.3.0-v2,3,false,0,false,25,good,1-r3-rain,0.3320177380356095,high,1-r3-price,0.09158007471733934,12,1.6,25,2026-06-08T20:56:13.170Z,2026-06-08T20:56:26.454Z,13283.600000023842,[]
59b1ee3a-ab46-440d-87f1-5e8be6199267,1,2,,en,5,0.3.0-v2,4,false,1,true,24,drought,1-r4-rain,0.9521624049175255,low,1-r4-price,0.9199897495526025,2,0.6,24,2026-06-08T20:57:01.822Z,2026-06-08T20:57:06.352Z,4529.800000011921,"[{""t"":468651.2999999821,""value"":1}]"
59b1ee3a-ab46-440d-87f1-5e8be6199267,1,2,,en,5,0.3.0-v2,5,false,5,true,20,good,1-r5-rain,0.3259724922112453,high,1-r5-price,0.19611408880346964,21.310000000000002,1.6,34.896,2026-06-08T20:57:36.848Z,2026-06-08T20:57:42.459Z,5611.300000011921,"[{""t"":502794.09999999404,""value"":1},{""t"":503101.39999997616,""value"":2},{""t"":503378.2999999821,""value"":3},{""t"":503640,""value"":4},{""t"":504148,""value"":5}]"
59b1ee3a-ab46-440d-87f1-5e8be6199267,1,2,,en,5,0.3.0-v2,6,false,3,true,22,good,1-r6-rain,0.005184981925122793,mid,1-r6-price,0.3669371760520247,18.006,1,28.006,2026-06-08T20:59:17.091Z,2026-06-08T20:59:28.394Z,11302.700000017881,"[{""t"":600567,""value"":1},{""t"":600792.1999999881,""value"":2},{""t"":600977.599999994,""value"":3}]"
59b1ee3a-ab46-440d-87f1-5e8be6199267,1,2,,en,5,0.3.0-v2,7,false,0,false,25,normal,1-r7-rain,0.36583686676033306,high,1-r7-price,0.18971037663257187,8,1.6,25,2026-06-08T20:59:41.630Z,2026-06-08T20:59:44.788Z,3158.300000011921,[]
59b1ee3a-ab46-440d-87f1-5e8be6199267,1,2,,en,5,0.3.0-v2,8,false,2,true,23,good,1-r8-rain,0.12721990013067125,mid,1-r8-price,0.587859106477554,16.144,1,27.144,2026-06-08T20:59:58.577Z,2026-06-08T21:00:01.784Z,3207.5,"[{""t"":634006.5,""value"":1},{""t"":634297.599999994,""value"":2}]"
59b1ee3a-ab46-440d-87f1-5e8be6199267,1,2,,en,5,0.3.0-v2,9,false,2,true,23,good,1-r9-rain,0.149290370714575,mid,1-r9-price,0.37412963390109694,16.144,1,27.144,2026-06-08T21:00:06.100Z,2026-06-08T21:00:09.342Z,3241.7000000178814,"[{""t"":641399.1999999881,""value"":1},{""t"":641608.7999999821,""value"":2}]"
cfd7ab50-85d9-45a0-8523-02dbd27afb26,BA020506,ENUM407,,ha,5,0.3.0-v2,practice,true,8,true,17,normal,BA020506-rpractice-rain,0.876317393854472,mid,BA020506-rpractice-price,0.5068917236413687,17.44,1,26.44,2026-06-10T17:45:28.048Z,2026-06-10T17:47:16.640Z,108591.39999997616,"[{""t"":604444.900000006,""value"":1},{""t"":604668.599999994,""value"":2},{""t"":604896.400000006,""value"":3},{""t"":605040.7999999821,""value"":4},{""t"":605256.099999994,""value"":5},{""t"":606717.6999999881,""value"":4},{""t"":606942.1999999881,""value"":3},{""t"":607189.599999994,""value"":2},{""t"":607355.400000006,""value"":1},{""t"":607534.099999994,""value"":0},{""t"":609678.1999999881,""value"":1},{""t"":610822.900000006,""value"":0},{""t"":623043.599999994,""value"":1},{""t"":623301.2999999821,""value"":2},{""t"":623578.900000006,""value"":3},{""t"":624253.5,""value"":2},{""t"":624478.1999999881,""value"":1},{""t"":624676.2999999821,""value"":0},{""t"":632759,""value"":1},{""t"":632985.400000006,""value"":2},{""t"":633172.5,""value"":3},{""t"":633369.1999999881,""value"":4},{""t"":633546,""value"":5},{""t"":634034,""value"":6},{""t"":634426.099999994,""value"":7},{""t"":634703.7999999821,""value"":8}]"
cfd7ab50-85d9-45a0-8523-02dbd27afb26,BA020506,ENUM407,,ha,5,0.3.0-v2,0,false,6,true,19,normal,BA020506-r0-rain,0.7829667511197848,low,BA020506-r0-price,0.7703287668236273,15.68,0.6,23.608,2026-06-10T17:47:41.015Z,2026-06-10T17:48:10.249Z,29234.19999998808,"[{""t"":687385.2999999821,""value"":1},{""t"":687625.900000006,""value"":2},{""t"":687838,""value"":3},{""t"":688005.1999999881,""value"":4},{""t"":688903.400000006,""value"":5},{""t"":689394.5,""value"":6}]"
cfd7ab50-85d9-45a0-8523-02dbd27afb26,BA020506,ENUM407,,ha,5,0.3.0-v2,1,false,2,true,23,good,BA020506-r1-rain,0.2557117358615304,mid,BA020506-r1-price,0.27654038873037123,16.144,1,27.144,2026-06-10T17:48:29.487Z,2026-06-10T17:48:46.485Z,16997.600000023842,"[{""t"":724880,""value"":1},{""t"":725222.2999999821,""value"":2}]"
cfd7ab50-85d9-45a0-8523-02dbd27afb26,BA020506,ENUM407,,ha,5,0.3.0-v2,2,false,0,false,25,normal,BA020506-r2-rain,0.5594841100766458,mid,BA020506-r2-price,0.4229959761372931,8,1,25,2026-06-10T17:48:55.989Z,2026-06-10T17:49:10.894Z,14905.09999999404,[]
cfd7ab50-85d9-45a0-8523-02dbd27afb26,BA020506,ENUM407,,ha,5,0.3.0-v2,3,false,10,true,15,good,BA020506-r3-rain,0.5980692208771589,low,BA020506-r3-price,0.8399903646622505,27.119999999999997,0.6,24.071999999999996,2026-06-10T17:49:17.763Z,2026-06-10T17:49:45.197Z,27433.90000000596,"[{""t"":782872.599999994,""value"":1},{""t"":783104.5,""value"":2},{""t"":783284.6999999881,""value"":3},{""t"":783476.900000006,""value"":4},{""t"":783660.2999999821,""value"":5},{""t"":783856,""value"":6},{""t"":784130.5,""value"":7},{""t"":784374.099999994,""value"":8},{""t"":784635.6999999881,""value"":9},{""t"":785095,""value"":10}]"
cfd7ab50-85d9-45a0-8523-02dbd27afb26,BA020506,ENUM407,,ha,5,0.3.0-v2,4,false,5,true,20,drought,BA020506-r4-rain,0.7097924935342925,low,BA020506-r4-price,0.9692803726690067,2,0.6,20,2026-06-10T17:49:59.676Z,2026-06-10T17:50:08.575Z,8898.800000011921,"[{""t"":806396.6999999881,""value"":1},{""t"":806639.2999999821,""value"":2},{""t"":806917.2999999821,""value"":3},{""t"":807195.5,""value"":4},{""t"":808325.2999999821,""value"":5}]"
cfd7ab50-85d9-45a0-8523-02dbd27afb26,BA020506,ENUM407,,ha,5,0.3.0-v2,5,false,7,true,18,normal,BA020506-r5-rain,0.884383750045941,low,BA020506-r5-price,0.9987230988241482,16.61,0.6,23.166,2026-06-10T17:50:29.745Z,2026-06-10T17:50:44.370Z,14625.199999988079,"[{""t"":841731.7999999821,""value"":1},{""t"":841959.1999999881,""value"":2},{""t"":842187.7999999821,""value"":3},{""t"":842384.5,""value"":4},{""t"":842597.400000006,""value"":5},{""t"":843433.400000006,""value"":6},{""t"":843743.599999994,""value"":7}]"
cfd7ab50-85d9-45a0-8523-02dbd27afb26,BA020506,ENUM407,,ha,5,0.3.0-v2,6,false,5,true,20,good,BA020506-r6-rain,0.13098622279457342,high,BA020506-r6-price,0.07914341781769169,21.310000000000002,1.6,34.896,2026-06-10T17:50:55.674Z,2026-06-10T17:51:21.014Z,25339.59999999404,"[{""t"":879868.2999999821,""value"":1},{""t"":880142.1999999881,""value"":2},{""t"":880404.099999994,""value"":3},{""t"":880681.7999999821,""value"":4},{""t"":880991.900000006,""value"":5}]"
cfd7ab50-85d9-45a0-8523-02dbd27afb26,BA020506,ENUM407,,ha,5,0.3.0-v2,7,false,5,true,20,drought,BA020506-r7-rain,0.7226610032662707,mid,BA020506-r7-price,0.6187550790943334,2,1,20,2026-06-10T17:51:42.577Z,2026-06-10T17:51:58.065Z,15488.199999988079,"[{""t"":915661.1999999881,""value"":1},{""t"":915998.7999999821,""value"":2},{""t"":916295.5,""value"":3},{""t"":916557.599999994,""value"":4},{""t"":916835.1999999881,""value"":5}]"
cfd7ab50-85d9-45a0-8523-02dbd27afb26,BA020506,ENUM407,,ha,5,0.3.0-v2,8,false,5,true,20,normal,BA020506-r8-rain,0.7451312894993644,mid,BA020506-r8-price,0.43631063547682,14.65,1,26.65,2026-06-10T17:52:14.182Z,2026-06-10T17:52:31.375Z,17192.70000001788,"[{""t"":949147.900000006,""value"":1},{""t"":949424.1999999881,""value"":2},{""t"":949759.900000006,""value"":3},{""t"":950115,""value"":4},{""t"":950961.6999999881,""value"":5}]"
cfd7ab50-85d9-45a0-8523-02dbd27afb26,BA020506,ENUM407,,ha,5,0.3.0-v2,9,false,6,true,19,good,BA020506-r9-rain,0.35487314397493314,mid,BA020506-r9-price,0.5778075849844546,22.752,1,29.752,2026-06-10T17:52:54.035Z,2026-06-10T17:53:13.632Z,19596.90000000596,"[{""t"":989212.6999999881,""value"":1},{""t"":989505.5,""value"":2},{""t"":989767.1999999881,""value"":3},{""t"":990027.400000006,""value"":4},{""t"":990470.5,""value"":5},{""t"":990960.7999999821,""value"":6}]"
1ae8c1c7-0598-46ec-a7c0-e8578df70cc1,KD030102,ENUM302,,ha,5,0.3.0-v2,practice,true,6,true,19,good,KD030102-rpractice-rain,0.5734381290927261,low,KD030102-rpractice-price,0.8234554864315293,22.752,0.6,25.4512,2026-06-10T11:28:10.935Z,2026-06-10T11:31:04.776Z,173840.59999999404,"[{""t"":26027535.300000012,""value"":1},{""t"":26030878.400000006,""value"":2},{""t"":26031923.700000003,""value"":3},{""t"":26032826.900000006,""value"":4},{""t"":26033793.10000001,""value"":3},{""t"":26034570.400000006,""value"":2},{""t"":26035260.5,""value"":1},{""t"":26085215,""value"":0},{""t"":26132751.700000003,""value"":1},{""t"":26149612.700000003,""value"":2},{""t"":26151783.5,""value"":3},{""t"":26153067.60000001,""value"":4},{""t"":26154612.10000001,""value"":5},{""t"":26168583.800000012,""value"":6}]"
1ae8c1c7-0598-46ec-a7c0-e8578df70cc1,KD030102,ENUM302,,ha,5,0.3.0-v2,0,false,4,true,21,good,KD030102-r0-rain,0.08515717200637715,mid,KD030102-r0-price,0.6756020921367853,19.728,1,28.728,2026-06-10T11:32:03.144Z,2026-06-10T11:32:14.449Z,11305.20000000298,"[{""t"":26243845.700000003,""value"":1},{""t"":26244642.700000003,""value"":2},{""t"":26245672.10000001,""value"":3},{""t"":26247548.900000006,""value"":4}]"
1ae8c1c7-0598-46ec-a7c0-e8578df70cc1,KD030102,ENUM302,,ha,5,0.3.0-v2,1,false,2,true,23,good,KD030102-r1-rain,0.2412758626997729,low,KD030102-r1-price,0.8039889936891408,16.144,0.6,25.4864,2026-06-10T11:32:57.328Z,2026-06-10T11:33:06.237Z,8909.20000000298,"[{""t"":26300286.300000012,""value"":1},{""t"":26301621.400000006,""value"":2}]"
1ae8c1c7-0598-46ec-a7c0-e8578df70cc1,KD030102,ENUM302,,ha,5,0.3.0-v2,2,false,1,true,24,good,KD030102-r2-rain,0.18597843621837848,low,KD030102-r2-price,0.925282949756149,14.142,0.6,25.2852,2026-06-10T11:33:39.971Z,2026-06-10T11:33:48.734Z,8762.5,"[{""t"":26340283.10000001,""value"":1}]"
1ae8c1c7-0598-46ec-a7c0-e8578df70cc1,KD030102,ENUM302,,ha,5,0.3.0-v2,3,false,6,true,19,good,KD030102-r3-rain,0.25706091060734143,high,KD030102-r3-price,0.062090498430052515,22.752,1.6,36.203199999999995,2026-06-10T11:34:07.242Z,2026-06-10T11:34:21.892Z,14649.90000000596,"[{""t"":26368576.10000001,""value"":1},{""t"":26369474.60000001,""value"":2},{""t"":26370228.800000012,""value"":3},{""t"":26371083.200000003,""value"":4},{""t"":26376711.700000003,""value"":5},{""t"":26377515.200000003,""value"":6}]"
1ae8c1c7-0598-46ec-a7c0-e8578df70cc1,KD030102,ENUM302,,ha,5,0.3.0-v2,4,false,4,true,21,good,KD030102-r4-rain,0.3710455826385724,low,KD030102-r4-price,0.5490097845035465,19.728,0.6,25.6368,2026-06-10T11:34:31.079Z,2026-06-10T11:34:40.087Z,9007.79999999702,"[{""t"":26394102.60000001,""value"":1},{""t"":26394685.300000012,""value"":2},{""t"":26395087.900000006,""value"":3},{""t"":26396484.60000001,""value"":4}]"
1ae8c1c7-0598-46ec-a7c0-e8578df70cc1,KD030102,ENUM302,,ha,5,0.3.0-v2,5,false,7,true,18,good,KD030102-r5-rain,0.3631407362893232,low,KD030102-r5-price,0.8642934715069605,24.054,0.6,25.2324,2026-06-10T11:34:47.887Z,2026-06-10T11:34:56.128Z,8241.10000000894,"[{""t"":26407867,""value"":1},{""t"":26408267.900000006,""value"":2},{""t"":26408714.60000001,""value"":3},{""t"":26409571.300000012,""value"":4},{""t"":26410384.300000012,""value"":5},{""t"":26410936.200000003,""value"":6},{""t"":26411493.10000001,""value"":7}]"
1ae8c1c7-0598-46ec-a7c0-e8578df70cc1,KD030102,ENUM302,,ha,5,0.3.0-v2,6,false,3,true,22,good,KD030102-r6-rain,0.35329377592764744,low,KD030102-r6-price,0.93502371182162,18.006,0.6,25.6036,2026-06-10T11:35:06.472Z,2026-06-10T11:35:20.194Z,13721.800000011921,"[{""t"":26430402.10000001,""value"":1},{""t"":26431055,""value"":2},{""t"":26436208.5,""value"":3}]"
1ae8c1c7-0598-46ec-a7c0-e8578df70cc1,KD030102,ENUM302,,ha,5,0.3.0-v2,7,false,1,true,24,drought,KD030102-r7-rain,0.9610208123776768,mid,KD030102-r7-price,0.5180611035545152,2,1,24,2026-06-10T11:35:34.213Z,2026-06-10T11:35:52.619Z,18405.79999999702,"[{""t"":26456718.200000003,""value"":1},{""t"":26458706.60000001,""value"":2},{""t"":26466894.800000012,""value"":1}]"
1ae8c1c7-0598-46ec-a7c0-e8578df70cc1,KD030102,ENUM302,,ha,5,0.3.0-v2,8,false,3,true,22,normal,KD030102-r8-rain,0.7833219100448046,mid,KD030102-r8-price,0.6770990043188877,12.29,1,26.29,2026-06-10T11:36:05.455Z,2026-06-10T11:36:21.778Z,16322.5,"[{""t"":26487421,""value"":1},{""t"":26487915.700000003,""value"":2},{""t"":26489919.5,""value"":3},{""t"":26491930.700000003,""value"":4},{""t"":26496966.300000012,""value"":3}]"
1ae8c1c7-0598-46ec-a7c0-e8578df70cc1,KD030102,ENUM302,,ha,5,0.3.0-v2,9,false,3,true,22,normal,KD030102-r9-rain,0.5206139220074726,low,KD030102-r9-price,0.6566786305242864,12.29,0.6,24.573999999999998,2026-06-10T11:36:33.063Z,2026-06-10T11:36:46.781Z,13717.79999999702,"[{""t"":26515903.200000003,""value"":1},{""t"":26516457.800000012,""value"":2},{""t"":26520621.200000003,""value"":3}]"
7127f387-2f85-4137-977f-4a604d3a884a,3,4,,en,5,0.3.0-v2,practice,true,5,true,20,good,3-rpractice-rain,0.048054271010791266,mid,3-rpractice-price,0.6363018405520756,21.310000000000002,1,29.310000000000002,2026-06-04T21:45:27.530Z,2026-06-04T21:45:58.273Z,30742.299999999814,"[{""t"":2338410.1,""value"":1},{""t"":2338962.6,""value"":2},{""t"":2339239,""value"":3},{""t"":2339520.7,""value"":4},{""t"":2347868,""value"":5}]"
7127f387-2f85-4137-977f-4a604d3a884a,3,4,,en,5,0.3.0-v2,0,false,6,true,19,good,3-r0-rain,0.32395722217400136,mid,3-r0-price,0.41428180576610857,22.752,1,29.752,2026-06-04T21:46:19.961Z,2026-06-04T21:46:49.885Z,29924.099999999627,"[{""t"":2388387.5,""value"":1},{""t"":2389706.3000000003,""value"":2},{""t"":2392930.7,""value"":3},{""t"":2398008.8000000003,""value"":4},{""t"":2398560.9000000004,""value"":5},{""t"":2400185.3000000003,""value"":6}]"
7127f387-2f85-4137-977f-4a604d3a884a,3,4,,en,5,0.3.0-v2,1,false,2,true,23,normal,3-r1-rain,0.6997171527287194,low,3-r1-price,0.700495337284725,10.96,0.6,24.776,2026-06-04T21:47:05.907Z,2026-06-04T21:47:21.116Z,15209.100000000093,"[{""t"":2421924.1,""value"":1},{""t"":2422592,""value"":2}]"
7127f387-2f85-4137-977f-4a604d3a884a,3,4,,en,5,0.3.0-v2,2,false,0,false,25,drought,3-r2-rain,0.811422953015346,high,3-r2-price,0.2557974006726661,2,1.6,25,2026-06-04T21:47:48.256Z,2026-06-04T21:48:42.996Z,54740.10000000009,"[{""t"":2504704.1,""value"":1},{""t"":2508945.1,""value"":0}]"
7127f387-2f85-4137-977f-4a604d3a884a,3,4,,en,5,0.3.0-v2,3,false,9,true,16,normal,3-r3-rain,0.7161172561844982,high,3-r3-price,0.18043462244680453,18.17,1.6,32.272000000000006,2026-06-04T21:49:00.121Z,2026-06-04T21:49:12.018Z,11897,"[{""t"":2535971.4000000004,""value"":1},{""t"":2537882.1,""value"":2},{""t"":2538289.8000000003,""value"":3},{""t"":2538617.4000000004,""value"":4},{""t"":2538928.4000000004,""value"":5},{""t"":2539239.5,""value"":6},{""t"":2539517.7,""value"":7},{""t"":2540043.8000000003,""value"":8},{""t"":2542367.6,""value"":9}]"
7127f387-2f85-4137-977f-4a604d3a884a,3,4,,en,5,0.3.0-v2,4,false,3,true,22,normal,3-r4-rain,0.5389768653536269,mid,3-r4-price,0.30307897947780066,12.29,1,26.29,2026-06-04T21:49:36.194Z,2026-06-04T21:49:45.084Z,8889.30000000028,"[{""t"":2573845.9000000004,""value"":1},{""t"":2574518.1,""value"":2},{""t"":2574810.4000000004,""value"":3}]"
7127f387-2f85-4137-977f-4a604d3a884a,3,4,,en,5,0.3.0-v2,5,false,8,true,17,good,3-r5-rain,0.37206840585817696,mid,3-r5-price,0.5782699646211104,25.216,1,30.216,2026-06-04T21:49:58.817Z,2026-06-04T21:50:12.371Z,13554.700000000186,"[{""t"":2595784.5,""value"":1},{""t"":2596090.7,""value"":2},{""t"":2597858,""value"":3},{""t"":2598202.1,""value"":4},{""t"":2598695.9000000004,""value"":5},{""t"":2598891.6,""value"":6},{""t"":2599263.7,""value"":7},{""t"":2599755.6,""value"":8}]"
7127f387-2f85-4137-977f-4a604d3a884a,3,4,,en,5,0.3.0-v2,6,false,6,true,19,good,3-r6-rain,0.11539110703422381,mid,3-r6-price,0.4004977456600302,22.752,1,29.752,2026-06-04T21:50:24.092Z,2026-06-04T21:50:40.361Z,16269.19999999972,"[{""t"":2622695.4000000004,""value"":1},{""t"":2624293,""value"":2},{""t"":2624522.2,""value"":3},{""t"":2624816.3000000003,""value"":4},{""t"":2625111.6,""value"":5},{""t"":2625391.6,""value"":6}]"
7127f387-2f85-4137-977f-4a604d3a884a,3,4,,en,5,0.3.0-v2,7,false,0,false,25,drought,3-r7-rain,0.8975962593675767,mid,3-r7-price,0.4698351500740201,2,1,25,2026-06-04T21:50:56.862Z,2026-06-04T21:50:59.827Z,2964.7000000001863,[]
7127f387-2f85-4137-977f-4a604d3a884a,3,4,,en,5,0.3.0-v2,8,false,6,true,19,good,3-r8-rain,0.0689076478007715,mid,3-r8-price,0.7573059690171542,22.752,1,29.752,2026-06-04T21:51:14.065Z,2026-06-04T21:51:21.712Z,7645.899999999907,"[{""t"":2668591.6,""value"":1},{""t"":2669178.9000000004,""value"":2},{""t"":2669671.5,""value"":3},{""t"":2670243.2,""value"":4},{""t"":2670750.5,""value"":5},{""t"":2671685.2,""value"":6}]"
7127f387-2f85-4137-977f-4a604d3a884a,3,4,,en,5,0.3.0-v2,9,false,0,false,25,drought,3-r9-rain,0.9216358772407269,high,3-r9-price,0.1947612995869084,2,1.6,25,2026-06-04T21:51:29.714Z,2026-06-04T21:51:43.026Z,13312,[]
93935071-0027-4d87-980c-21347e32c95d,Dee1,4,,en,5,0.3.0-v2,practice,true,7,true,18,good,Dee1-rpractice-rain,0.2947699171789055,mid,Dee1-rpractice-price,0.20039551872835246,24.054,1,30.054,2026-06-05T09:58:34.836Z,2026-06-05T09:58:40.536Z,5699.799999999814,"[{""t"":94461.89999999944,""value"":1},{""t"":94687.29999999981,""value"":2},{""t"":95081.19999999925,""value"":3},{""t"":95444.29999999981,""value"":4},{""t"":96160.69999999925,""value"":5},{""t"":96520.89999999944,""value"":6},{""t"":97257.29999999981,""value"":7}]"
93935071-0027-4d87-980c-21347e32c95d,Dee1,4,,en,5,0.3.0-v2,0,false,8,true,17,good,Dee1-r0-rain,0.2816426623809796,low,Dee1-r0-price,0.8096225456441201,25.216,0.6,24.9296,2026-06-05T09:58:44.561Z,2026-06-05T09:58:50.619Z,6057.899999999441,"[{""t"":106033.69999999925,""value"":1},{""t"":106216.59999999963,""value"":2},{""t"":106356.09999999963,""value"":3},{""t"":106719.19999999925,""value"":4},{""t"":107012.89999999944,""value"":5},{""t"":107245.89999999944,""value"":6},{""t"":107454.79999999981,""value"":7},{""t"":107566.29999999981,""value"":8}]"
93935071-0027-4d87-980c-21347e32c95d,Dee1,4,,en,5,0.3.0-v2,1,false,5,true,20,good,Dee1-r1-rain,0.4612547671167678,mid,Dee1-r1-price,0.1489012146627079,21.310000000000002,1,29.310000000000002,2026-06-05T09:58:59.724Z,2026-06-05T09:59:05.597Z,5872.700000000186,"[{""t"":121683.09999999963,""value"":1},{""t"":121875.39999999944,""value"":2},{""t"":122062.5,""value"":3},{""t"":122415.19999999925,""value"":4},{""t"":122562.59999999963,""value"":5}]"
93935071-0027-4d87-980c-21347e32c95d,Dee1,4,,en,5,0.3.0-v2,2,false,0,false,25,drought,Dee1-r2-rain,0.8292637129681346,low,Dee1-r2-price,0.9124327223440284,2,0.6,25,2026-06-05T09:59:56.592Z,2026-06-05T09:59:59.732Z,3139.4000000003725,[]
93935071-0027-4d87-980c-21347e32c95d,Dee1,4,,en,5,0.3.0-v2,3,false,10,true,15,good,Dee1-r3-rain,0.5551853517505245,low,Dee1-r3-price,0.964866881981659,27.119999999999997,0.6,24.071999999999996,2026-06-05T10:00:05.965Z,2026-06-05T10:00:11.205Z,5239.800000000745,"[{""t"":20422.89999999944,""value"":1},{""t"":20583.799999999814,""value"":2},{""t"":20779.89999999944,""value"":3},{""t"":20944.599999999627,""value"":4},{""t"":21089.700000000186,""value"":5},{""t"":21731.200000000186,""value"":6},{""t"":22027.700000000186,""value"":7},{""t"":22171.099999999627,""value"":8},{""t"":22317.599999999627,""value"":9},{""t"":22663.599999999627,""value"":10}]"
93935071-0027-4d87-980c-21347e32c95d,Dee1,4,,en,5,0.3.0-v2,4,false,0,false,25,good,Dee1-r4-rain,0.09107470221267512,low,Dee1-r4-price,0.6606347876580477,12,0.6,25,2026-06-05T10:00:17.246Z,2026-06-05T10:00:20.093Z,2846.699999999255,[]
93935071-0027-4d87-980c-21347e32c95d,Dee1,4,,en,5,0.3.0-v2,5,false,10,true,15,good,Dee1-r5-rain,0.2559344322821614,mid,Dee1-r5-price,0.5784691503008134,27.119999999999997,1,30.119999999999997,2026-06-05T10:00:28.458Z,2026-06-05T10:00:35.091Z,6633,"[{""t"":42864.09999999963,""value"":1},{""t"":43221.5,""value"":2},{""t"":43368.09999999963,""value"":3},{""t"":43551.200000000186,""value"":4},{""t"":43713.700000000186,""value"":5},{""t"":43877.59999999963,""value"":6},{""t"":45170.700000000186,""value"":7},{""t"":45645.59999999963,""value"":8},{""t"":46217.89999999944,""value"":9},{""t"":46905.299999999814,""value"":10}]"
93935071-0027-4d87-980c-21347e32c95d,Dee1,4,,en,5,0.3.0-v2,6,false,4,true,21,good,Dee1-r6-rain,0.3795645861403356,low,Dee1-r6-price,0.9879078343930743,19.728,0.6,25.6368,2026-06-05T10:00:39.098Z,2026-06-05T10:00:47.332Z,8234.199999999255,"[{""t"":54226.799999999814,""value"":1},{""t"":56201.89999999944,""value"":2},{""t"":56612.89999999944,""value"":3},{""t"":57005.700000000186,""value"":4}]"
93935071-0027-4d87-980c-21347e32c95d,Dee1,4,,en,5,0.3.0-v2,7,false,0,false,25,drought,Dee1-r7-rain,0.7109012743025177,low,Dee1-r7-price,0.8912038165435967,2,0.6,25,2026-06-05T10:00:51.096Z,2026-06-05T10:00:57.923Z,6827.299999999814,"[{""t"":66731.39999999944,""value"":1},{""t"":68924.89999999944,""value"":0}]"
93935071-0027-4d87-980c-21347e32c95d,Dee1,4,,en,5,0.3.0-v2,8,false,7,true,18,normal,Dee1-r8-rain,0.5346358033669397,high,Dee1-r8-price,0.04351095049131949,16.61,1.6,31.776,2026-06-05T10:01:04.126Z,2026-06-05T10:01:08.268Z,4141.0999999996275,"[{""t"":78760.70000000019,""value"":1},{""t"":78904,""value"":2},{""t"":79119.5,""value"":3},{""t"":79302.39999999944,""value"":4},{""t"":79464.20000000019,""value"":5},{""t"":79628.70000000019,""value"":6},{""t"":79755.39999999944,""value"":7}]"
93935071-0027-4d87-980c-21347e32c95d,Dee1,4,,en,5,0.3.0-v2,9,false,0,false,25,good,Dee1-r9-rain,0.031263115931843194,low,Dee1-r9-price,0.8913774421875894,12,0.6,25,2026-06-05T10:01:12.932Z,2026-06-05T10:01:15.224Z,2292,[]
4fb7541a-5dbb-4806-9cbc-be716cdaae7f,Ade,4,,en,5,0.3.0-v2,practice,true,7,true,18,normal,Ade-rpractice-rain,0.7215553933585444,high,Ade-rpractice-price,0.0711659860916835,16.61,1.6,31.776,2026-06-05T14:38:40.925Z,2026-06-05T14:38:46.523Z,5598,"[{""t"":138309.5,""value"":1},{""t"":140225.5,""value"":2},{""t"":140423.09999999963,""value"":3},{""t"":140631.39999999944,""value"":4},{""t"":140827,""value"":5},{""t"":141007.89999999944,""value"":6},{""t"":141534.2999999998,""value"":7}]"
4fb7541a-5dbb-4806-9cbc-be716cdaae7f,Ade,4,,en,5,0.3.0-v2,0,false,6,true,19,normal,Ade-r0-rain,0.8438166566775701,low,Ade-r0-price,0.9820826223254325,15.68,0.6,23.608,2026-06-05T14:38:51.156Z,2026-06-05T14:38:56.461Z,5304.299999999814,"[{""t"":148407.69999999925,""value"":1},{""t"":150307.19999999925,""value"":2},{""t"":150519.89999999944,""value"":3},{""t"":150814.59999999963,""value"":4},{""t"":151043.09999999963,""value"":5},{""t"":151471.09999999963,""value"":6}]"
4fb7541a-5dbb-4806-9cbc-be716cdaae7f,Ade,4,,en,5,0.3.0-v2,1,false,2,true,23,good,Ade-r1-rain,0.24579579632182386,low,Ade-r1-price,0.6397406439472267,16.144,0.6,25.4864,2026-06-05T14:39:00.551Z,2026-06-05T14:39:04.333Z,3781.7999999998137,"[{""t"":158295.7999999998,""value"":1},{""t"":158589.69999999925,""value"":2}]"
4fb7541a-5dbb-4806-9cbc-be716cdaae7f,Ade,4,,en,5,0.3.0-v2,2,false,0,false,25,good,Ade-r2-rain,0.23355141551069747,mid,Ade-r2-price,0.6227910868077837,12,1,25,2026-06-05T14:39:10.226Z,2026-06-05T14:39:12.124Z,1898,[]
4fb7541a-5dbb-4806-9cbc-be716cdaae7f,Ade,4,,en,5,0.3.0-v2,3,false,0,false,25,good,Ade-r3-rain,0.16322464338466836,mid,Ade-r3-price,0.6287532882470951,12,1,25,2026-06-05T14:39:32.523Z,2026-06-05T14:39:35.647Z,3124.100000000559,[]
4fb7541a-5dbb-4806-9cbc-be716cdaae7f,Ade,4,,en,5,0.3.0-v2,4,false,1,true,24,drought,Ade-r4-rain,0.9851444306165017,low,Ade-r4-price,0.6790264467823126,2,0.6,24,2026-06-05T14:39:40.722Z,2026-06-05T14:39:43.143Z,2421.5,"[{""t"":197714.69999999925,""value"":1}]"
4fb7541a-5dbb-4806-9cbc-be716cdaae7f,Ade,4,,en,5,0.3.0-v2,5,false,9,true,16,good,Ade-r5-rain,0.4364368703555143,high,Ade-r5-price,0.04334544701375635,26.238,1.6,38.7808,2026-06-05T14:39:47.792Z,2026-06-05T14:39:54.423Z,6630.5,"[{""t"":205048.59999999963,""value"":1},{""t"":205489.89999999944,""value"":2},{""t"":205832.09999999963,""value"":3},{""t"":207456.19999999925,""value"":4},{""t"":207745.5,""value"":5},{""t"":208023.69999999925,""value"":6},{""t"":208334.19999999925,""value"":7},{""t"":208973.5,""value"":8},{""t"":209482.39999999944,""value"":9}]"
4fb7541a-5dbb-4806-9cbc-be716cdaae7f,Ade,4,,en,5,0.3.0-v2,6,false,5,true,20,normal,Ade-r6-rain,0.7569616065399165,low,Ade-r6-price,0.9831113981940933,14.65,0.6,23.990000000000002,2026-06-05T14:39:58.316Z,2026-06-05T14:40:02.460Z,4143.5,"[{""t"":216065.39999999944,""value"":1},{""t"":216274.19999999925,""value"":2},{""t"":216502.2999999998,""value"":3},{""t"":216716.19999999925,""value"":4},{""t"":216911.7999999998,""value"":5}]"
4fb7541a-5dbb-4806-9cbc-be716cdaae7f,Ade,4,,en,5,0.3.0-v2,7,false,0,false,25,drought,Ade-r7-rain,0.9695566455155803,mid,Ade-r7-price,0.49706893652538464,2,1,25,2026-06-05T14:40:06.700Z,2026-06-05T14:40:08.241Z,1541.2999999998137,[]
4fb7541a-5dbb-4806-9cbc-be716cdaae7f,Ade,4,,en,5,0.3.0-v2,8,false,5,true,20,good,Ade-r8-rain,0.2921195048821614,mid,Ade-r8-price,0.4591039636999651,21.310000000000002,1,29.310000000000002,2026-06-05T14:40:12.594Z,2026-06-05T14:40:16.179Z,3584.699999999255,"[{""t"":230258.19999999925,""value"":1},{""t"":230482.19999999925,""value"":2},{""t"":230727.69999999925,""value"":3},{""t"":230973.19999999925,""value"":4},{""t"":231235.69999999925,""value"":5}]"
4fb7541a-5dbb-4806-9cbc-be716cdaae7f,Ade,4,,en,5,0.3.0-v2,9,false,0,false,25,good,Ade-r9-rain,0.027014792605089048,high,Ade-r9-price,0.13697412471908502,12,1.6,25,2026-06-05T14:40:19.961Z,2026-06-05T14:40:23.036Z,3075.2000000001863,[]
a12c4dbb-4e68-4f0b-b9c8-d51271336090,1234,Enum306,,ha,5,0.3.0-v2,practice,true,8,true,17,good,1234-rpractice-rain,0.20370129101351223,mid,1234-rpractice-price,0.3996607734513878,25.216,1,30.216,2026-06-08T20:59:21.625Z,2026-06-08T20:59:34.402Z,12776,"[{""t"":307628.5,""value"":1},{""t"":307855.7999999998,""value"":2},{""t"":311702.19999999925,""value"":3},{""t"":311924.89999999944,""value"":4},{""t"":312167.5999999996,""value"":5},{""t"":312414.69999999925,""value"":6},{""t"":312645.0999999996,""value"":7},{""t"":313061.69999999925,""value"":8}]"
a12c4dbb-4e68-4f0b-b9c8-d51271336090,1234,Enum306,,ha,5,0.3.0-v2,0,false,5,true,20,drought,1234-r0-rain,0.9654808568899975,high,1234-r0-price,0.1547541009634783,2,1.6,20,2026-06-08T21:00:19.898Z,2026-06-08T21:00:25.818Z,5919.9000000003725,"[{""t"":363079.5,""value"":1},{""t"":363657.0999999996,""value"":2},{""t"":363905.5999999996,""value"":3},{""t"":364170.7999999998,""value"":4},{""t"":364635.39999999944,""value"":5}]"
a12c4dbb-4e68-4f0b-b9c8-d51271336090,1234,Enum306,,ha,5,0.3.0-v2,1,false,2,true,23,good,1234-r1-rain,0.0340175416127454,mid,1234-r1-price,0.5162112721541035,16.144,1,27.144,2026-06-08T21:00:35.496Z,2026-06-08T21:00:42.953Z,7456.299999999814,"[{""t"":382321.39999999944,""value"":1},{""t"":382516.5,""value"":2}]"
a12c4dbb-4e68-4f0b-b9c8-d51271336090,1234,Enum306,,ha,5,0.3.0-v2,2,false,0,false,25,normal,1234-r2-rain,0.30084066392938685,high,1234-r2-price,0.1209022294712458,8,1.6,25,2026-06-08T21:00:48.964Z,2026-06-08T21:00:50.945Z,1980.8999999994412,[]
a12c4dbb-4e68-4f0b-b9c8-d51271336090,1234,Enum306,,ha,5,0.3.0-v2,3,false,8,true,17,normal,1234-r3-rain,0.781095275940072,low,1234-r3-price,0.9909744942846412,17.44,0.6,22.664,2026-06-08T21:01:01.260Z,2026-06-08T21:01:08.080Z,6820.0999999996275,"[{""t"":405690.2999999998,""value"":1},{""t"":406167.39999999944,""value"":2},{""t"":406401.5999999996,""value"":3},{""t"":406664.19999999925,""value"":4},{""t"":407115,""value"":5},{""t"":407321.0999999996,""value"":6},{""t"":407565.89999999944,""value"":7},{""t"":407775.19999999925,""value"":8}]"
a12c4dbb-4e68-4f0b-b9c8-d51271336090,1234,Enum306,,ha,5,0.3.0-v2,4,false,0,false,25,drought,1234-r4-rain,0.9468190955857714,low,1234-r4-price,0.9529553935390481,2,0.6,25,2026-06-08T21:01:15.587Z,2026-06-08T21:01:17.663Z,2076,[]
a12c4dbb-4e68-4f0b-b9c8-d51271336090,1234,Enum306,,ha,5,0.3.0-v2,5,false,10,true,15,good,1234-r5-rain,0.7775859498647659,high,1234-r5-price,0.2586766807319105,27.119999999999997,1.6,39.19199999999999,2026-06-08T21:01:24.384Z,2026-06-08T21:01:33.390Z,9006.100000000559,"[{""t"":426909.69999999925,""value"":1},{""t"":427178.5999999996,""value"":2},{""t"":427467.89999999944,""value"":3},{""t"":427730.7999999998,""value"":4},{""t"":427991,""value"":5},{""t"":428253.2999999998,""value"":6},{""t"":428513.5,""value"":7},{""t"":428816.7999999998,""value"":8},{""t"":429089,""value"":9},{""t"":429318.7999999998,""value"":10}]"
a12c4dbb-4e68-4f0b-b9c8-d51271336090,1234,Enum306,,ha,5,0.3.0-v2,6,false,5,true,20,good,1234-r6-rain,0.4319293162607387,mid,1234-r6-price,0.383816873681228,21.310000000000002,1,29.310000000000002,2026-06-08T21:01:46.767Z,2026-06-08T21:01:50.791Z,4023.5999999996275,"[{""t"":449494.7999999998,""value"":1},{""t"":449682.39999999944,""value"":2},{""t"":449909.39999999944,""value"":3},{""t"":450171.7999999998,""value"":4},{""t"":450367,""value"":5}]"
a12c4dbb-4e68-4f0b-b9c8-d51271336090,1234,Enum306,,ha,5,0.3.0-v2,7,false,0,false,25,normal,1234-r7-rain,0.34209462840031096,mid,1234-r7-price,0.23933936627332145,8,1,25,2026-06-08T21:01:56.978Z,2026-06-08T21:01:59.841Z,2862.2000000001863,[]
a12c4dbb-4e68-4f0b-b9c8-d51271336090,1234,Enum306,,ha,5,0.3.0-v2,8,false,8,true,17,normal,1234-r8-rain,0.4618774072437918,high,1234-r8-price,0.2785581496317475,17.44,1.6,32.104,2026-06-08T21:02:07.021Z,2026-06-08T21:02:12.747Z,5725.199999999255,"[{""t"":470726.39999999944,""value"":1},{""t"":470982.0999999996,""value"":2},{""t"":471257.2999999998,""value"":3},{""t"":471484.19999999925,""value"":4},{""t"":471765.5,""value"":5},{""t"":471982.39999999944,""value"":6},{""t"":472224.89999999944,""value"":7},{""t"":472584,""value"":8}]"
a12c4dbb-4e68-4f0b-b9c8-d51271336090,1234,Enum306,,ha,5,0.3.0-v2,9,false,0,false,25,drought,1234-r9-rain,0.9670151317788602,low,1234-r9-price,0.6217456981243553,2,0.6,25,2026-06-08T21:02:17.388Z,2026-06-08T21:02:19.840Z,2452.5,[]
41ec4a33-b99e-4198-be9b-c78bb74e4c9c,IBRAHIM Anas BA020504,Enum306,,ha,5,0.3.0-v2,practice,true,2,true,23,normal,IBRAHIM Anas BA020504-rpractice-rain,0.8983456204972993,high,IBRAHIM Anas BA020504-rpractice-price,0.04588596431955576,10.96,1.6,27.736,2026-06-10T17:44:50.884Z,2026-06-10T17:47:36.239Z,165352.5,"[{""t"":773521,""value"":1},{""t"":773736.3000000007,""value"":2},{""t"":774140.8000000007,""value"":3},{""t"":774339.1999999993,""value"":4},{""t"":774499.6999999993,""value"":5},{""t"":774644.1999999993,""value"":6},{""t"":784653.6999999993,""value"":5},{""t"":785010.3000000007,""value"":4},{""t"":785270.3000000007,""value"":3},{""t"":785811.8000000007,""value"":2},{""t"":786221.6999999993,""value"":1},{""t"":787039.3999999985,""value"":0},{""t"":843172.0999999978,""value"":1},{""t"":843709.5999999978,""value"":2}]"
41ec4a33-b99e-4198-be9b-c78bb74e4c9c,IBRAHIM Anas BA020504,Enum306,,ha,5,0.3.0-v2,0,false,2,true,23,good,IBRAHIM Anas BA020504-r0-rain,0.357173696580967,mid,IBRAHIM Anas BA020504-r0-price,0.4852926255875845,16.144,1,27.144,2026-06-10T17:48:45.529Z,2026-06-10T17:48:54.860Z,9331.10000000149,"[{""t"":923119.0999999978,""value"":1},{""t"":923692.5999999978,""value"":2}]"
41ec4a33-b99e-4198-be9b-c78bb74e4c9c,IBRAHIM Anas BA020504,Enum306,,ha,5,0.3.0-v2,1,false,1,true,24,good,IBRAHIM Anas BA020504-r1-rain,0.03986809489374564,low,IBRAHIM Anas BA020504-r1-price,0.9007274736411378,14.142,0.6,25.2852,2026-06-10T17:49:27.417Z,2026-06-10T17:49:32.689Z,5271.89999999851,"[{""t"":963829.5999999978,""value"":1}]"
41ec4a33-b99e-4198-be9b-c78bb74e4c9c,IBRAHIM Anas BA020504,Enum306,,ha,5,0.3.0-v2,2,false,0,false,25,drought,IBRAHIM Anas BA020504-r2-rain,0.8960561637100056,low,IBRAHIM Anas BA020504-r2-price,0.7619423915118773,2,0.6,25,2026-06-10T17:49:46.209Z,2026-06-10T17:49:54.018Z,7808.39999999851,[]
41ec4a33-b99e-4198-be9b-c78bb74e4c9c,IBRAHIM Anas BA020504,Enum306,,ha,5,0.3.0-v2,3,false,2,true,23,normal,IBRAHIM Anas BA020504-r3-rain,0.8144682353288827,mid,IBRAHIM Anas BA020504-r3-price,0.46437515292917514,10.96,1,25.96,2026-06-10T17:50:17.476Z,2026-06-10T17:50:21.797Z,4320.900000002235,"[{""t"":1013608.5999999978,""value"":1},{""t"":1013952.6999999993,""value"":2}]"
41ec4a33-b99e-4198-be9b-c78bb74e4c9c,IBRAHIM Anas BA020504,Enum306,,ha,5,0.3.0-v2,4,false,1,true,24,normal,IBRAHIM Anas BA020504-r4-rain,0.46930790243325626,mid,IBRAHIM Anas BA020504-r4-price,0.4023170072788607,9.53,1,25.53,2026-06-10T17:50:48.298Z,2026-06-10T17:50:50.982Z,2684.800000000745,"[{""t"":1043269.1999999993,""value"":1}]"
41ec4a33-b99e-4198-be9b-c78bb74e4c9c,IBRAHIM Anas BA020504,Enum306,,ha,5,0.3.0-v2,5,false,3,true,22,good,IBRAHIM Anas BA020504-r5-rain,0.35588475966428373,high,IBRAHIM Anas BA020504-r5-price,0.17229627033739797,18.006,1.6,31.6096,2026-06-10T17:51:13.176Z,2026-06-10T17:51:18.217Z,5040.89999999851,"[{""t"":1068150.1999999993,""value"":1},{""t"":1068704.5,""value"":2},{""t"":1069523.1999999993,""value"":3}]"
41ec4a33-b99e-4198-be9b-c78bb74e4c9c,IBRAHIM Anas BA020504,Enum306,,ha,5,0.3.0-v2,6,false,1,true,24,good,IBRAHIM Anas BA020504-r6-rain,0.4625111578165982,high,IBRAHIM Anas BA020504-r6-price,0.13304812521182227,14.142,1.6,27.4272,2026-06-10T17:51:34.245Z,2026-06-10T17:51:36.849Z,2604,"[{""t"":1089282.3999999985,""value"":1}]"
41ec4a33-b99e-4198-be9b-c78bb74e4c9c,IBRAHIM Anas BA020504,Enum306,,ha,5,0.3.0-v2,7,false,0,false,25,drought,IBRAHIM Anas BA020504-r7-rain,0.7441789794546273,mid,IBRAHIM Anas BA020504-r7-price,0.22175379358120845,2,1,25,2026-06-10T17:51:48.275Z,2026-06-10T17:51:52.958Z,4683.400000002235,"[{""t"":1103426.5999999978,""value"":1},{""t"":1105146,""value"":0}]"
41ec4a33-b99e-4198-be9b-c78bb74e4c9c,IBRAHIM Anas BA020504,Enum306,,ha,5,0.3.0-v2,8,false,1,true,24,good,IBRAHIM Anas BA020504-r8-rain,0.2172853107727157,mid,IBRAHIM Anas BA020504-r8-price,0.685026070737871,14.142,1,26.142,2026-06-10T17:52:01.532Z,2026-06-10T17:52:04.104Z,2571.2999999970198,"[{""t"":1116505.3000000007,""value"":1}]"
41ec4a33-b99e-4198-be9b-c78bb74e4c9c,IBRAHIM Anas BA020504,Enum306,,ha,5,0.3.0-v2,9,false,1,true,24,drought,IBRAHIM Anas BA020504-r9-rain,0.8455843337571772,low,IBRAHIM Anas BA020504-r9-price,0.768909652764663,2,0.6,24,2026-06-10T17:52:21.488Z,2026-06-10T17:52:26.300Z,4812.300000000745,"[{""t"":1136447.3000000007,""value"":1}]"
c3e2bc4c-49e9-4323-9854-bd28576ef557,Enu1,Kn12,,ha,5,0.3.0-v2,practice,true,2,true,23,good,Enu1-rpractice-rain,0.050872400834865154,low,Enu1-rpractice-price,0.9943518672324768,16.144,0.6,25.4864,2026-06-05T05:52:27.790Z,2026-06-05T05:52:34.058Z,6268,"[{""t"":391031.9000000004,""value"":1},{""t"":391521.4000000004,""value"":2}]"
c3e2bc4c-49e9-4323-9854-bd28576ef557,Enu1,Kn12,,ha,5,0.3.0-v2,0,false,5,true,20,good,Enu1-r0-rain,0.4432030456144945,low,Enu1-r0-price,0.8252800736851019,21.310000000000002,0.6,25.586000000000002,2026-06-05T05:52:46.514Z,2026-06-05T05:52:54.029Z,7514.5999999996275,"[{""t"":408985.80000000075,""value"":1},{""t"":409541.80000000075,""value"":2},{""t"":409883.7000000011,""value"":3},{""t"":410211.30000000075,""value"":4},{""t"":410587.5,""value"":5}]"
c3e2bc4c-49e9-4323-9854-bd28576ef557,Enu1,Kn12,,ha,5,0.3.0-v2,1,false,10,true,15,normal,Enu1-r1-rain,0.6058510188327694,low,Enu1-r1-price,0.6536249171396242,18.8,0.6,21.48,2026-06-05T05:53:14.131Z,2026-06-05T05:53:30.714Z,16582.400000000373,"[{""t"":436730.80000000075,""value"":1},{""t"":437826.7000000011,""value"":2},{""t"":441181.9000000004,""value"":3},{""t"":442997.30000000075,""value"":4},{""t"":445439.80000000075,""value"":5},{""t"":445748.80000000075,""value"":6},{""t"":445993.1000000015,""value"":7},{""t"":446271.30000000075,""value"":8},{""t"":447695.7000000011,""value"":9},{""t"":448400.80000000075,""value"":10}]"
c3e2bc4c-49e9-4323-9854-bd28576ef557,Enu1,Kn12,,ha,5,0.3.0-v2,2,false,4,true,21,drought,Enu1-r2-rain,0.9279812366895479,high,Enu1-r2-price,0.26860974710862073,2,1.6,21,2026-06-05T05:53:43.002Z,2026-06-05T05:53:51.402Z,8399.699999999255,"[{""t"":465771.30000000075,""value"":1},{""t"":466865.6000000015,""value"":2},{""t"":469242,""value"":3},{""t"":469943.9000000004,""value"":4}]"
c3e2bc4c-49e9-4323-9854-bd28576ef557,Enu1,Kn12,,ha,5,0.3.0-v2,3,false,4,true,21,good,Enu1-r3-rain,0.5189718098942582,mid,Enu1-r3-price,0.4312682049209269,19.728,1,28.728,2026-06-05T05:54:01.172Z,2026-06-05T05:54:07.381Z,6208.0999999996275,"[{""t"":483416.1000000015,""value"":1},{""t"":483677.4000000004,""value"":2},{""t"":483873.1000000015,""value"":3},{""t"":485724.1000000015,""value"":4}]"
c3e2bc4c-49e9-4323-9854-bd28576ef557,Enu1,Kn12,,ha,5,0.3.0-v2,4,false,4,true,21,drought,Enu1-r4-rain,0.7844735122291494,low,Enu1-r4-price,0.8213845559468917,2,0.6,21,2026-06-05T05:54:14.006Z,2026-06-05T05:54:20.997Z,6990.9000000003725,"[{""t"":496396.5,""value"":1},{""t"":497263.80000000075,""value"":2},{""t"":497933.80000000075,""value"":3},{""t"":498801.6000000015,""value"":4}]"
c3e2bc4c-49e9-4323-9854-bd28576ef557,Enu1,Kn12,,ha,5,0.3.0-v2,5,false,3,true,22,good,Enu1-r5-rain,0.10325881332347446,mid,Enu1-r5-price,0.5536210740501266,18.006,1,28.006,2026-06-05T05:54:40.235Z,2026-06-05T05:54:44.718Z,4482.39999999851,"[{""t"":523327.7000000011,""value"":1},{""t"":523651.4000000004,""value"":2},{""t"":523879.6000000015,""value"":3}]"
c3e2bc4c-49e9-4323-9854-bd28576ef557,Enu1,Kn12,,ha,5,0.3.0-v2,6,false,5,true,20,good,Enu1-r6-rain,0.33837029394463825,mid,Enu1-r6-price,0.46860897173030397,21.310000000000002,1,29.310000000000002,2026-06-05T05:54:50.248Z,2026-06-05T05:54:56.567Z,6319.0999999996275,"[{""t"":532608.1000000015,""value"":1},{""t"":532951.1000000015,""value"":2},{""t"":533241.3000000007,""value"":3},{""t"":534652.9000000004,""value"":4},{""t"":535255.4000000004,""value"":5}]"
c3e2bc4c-49e9-4323-9854-bd28576ef557,Enu1,Kn12,,ha,5,0.3.0-v2,7,false,1,true,24,good,Enu1-r7-rain,0.1597139328928319,low,Enu1-r7-price,0.790942152858821,14.142,0.6,25.2852,2026-06-05T05:55:14.265Z,2026-06-05T05:55:21.152Z,6887.199999999255,"[{""t"":558749.6000000015,""value"":1}]"
c3e2bc4c-49e9-4323-9854-bd28576ef557,Enu1,Kn12,,ha,5,0.3.0-v2,8,false,7,true,18,normal,Enu1-r8-rain,0.6479918714962039,mid,Enu1-r8-price,0.4217912413887352,16.61,1,26.61,2026-06-05T05:55:28.603Z,2026-06-05T05:55:38.604Z,10001.299999998882,"[{""t"":570958.6000000015,""value"":1},{""t"":573154.2000000011,""value"":2},{""t"":574445.3000000007,""value"":3},{""t"":574934.5,""value"":4},{""t"":575411.8000000007,""value"":5},{""t"":575868.7000000011,""value"":6},{""t"":576930.5,""value"":7}]"
c3e2bc4c-49e9-4323-9854-bd28576ef557,Enu1,Kn12,,ha,5,0.3.0-v2,9,false,9,true,16,drought,Enu1-r9-rain,0.9374321929441306,mid,Enu1-r9-price,0.21130444385231684,2,1,16,2026-06-05T05:55:44.350Z,2026-06-05T05:55:50.178Z,5828.700000001118,"[{""t"":586901,""value"":1},{""t"":587261.5,""value"":2},{""t"":587522,""value"":3},{""t"":587753,""value"":4},{""t"":587998.2000000011,""value"":5},{""t"":588194.2000000011,""value"":6},{""t"":588570.2000000011,""value"":7},{""t"":588799.9000000004,""value"":8},{""t"":589029,""value"":9}]"
70bf2556-b293-4e99-be53-39a8780550e5,1,2,,en,5,0.3.0-v2,practice,true,3,true,22,good,1-rpractice-rain,0.5337972924628342,low,1-rpractice-price,0.9612583808420218,18.006,0.6,25.6036,2026-06-05T10:08:44.152Z,2026-06-05T10:08:51.554Z,7402,"[{""t"":53687.5,""value"":1},{""t"":54897.09999999963,""value"":2},{""t"":56418.699999999255,""value"":3}]"
70bf2556-b293-4e99-be53-39a8780550e5,1,2,,en,5,0.3.0-v2,0,false,4,true,21,normal,1-r0-rain,0.8379665678707459,mid,1-r0-price,0.24216923365819493,13.52,1,26.52,2026-06-05T10:08:56.670Z,2026-06-05T10:09:01.159Z,4488.199999999255,"[{""t"":65586.09999999963,""value"":1},{""t"":65878.69999999925,""value"":2},{""t"":66106.40000000037,""value"":3},{""t"":66336.09999999963,""value"":4}]"
70bf2556-b293-4e99-be53-39a8780550e5,1,2,,en,5,0.3.0-v2,1,false,7,true,18,good,1-r1-rain,0.23706354558248954,mid,1-r1-price,0.34295338503104394,24.054,1,30.054,2026-06-05T10:09:15.859Z,2026-06-05T10:09:23.094Z,7235.5999999996275,"[{""t"":84641.40000000037,""value"":1},{""t"":84914.79999999888,""value"":2},{""t"":85112.29999999888,""value"":3},{""t"":85373.29999999888,""value"":4},{""t"":85897.69999999925,""value"":5},{""t"":86308.69999999925,""value"":6},{""t"":87650.79999999888,""value"":7}]"
70bf2556-b293-4e99-be53-39a8780550e5,1,2,,en,5,0.3.0-v2,2,false,10,true,15,good,1-r2-rain,0.24149382097008812,high,1-r2-price,0.07274077384941989,27.119999999999997,1.6,39.19199999999999,2026-06-05T10:09:35.908Z,2026-06-05T10:09:41.655Z,5746.9000000003725,"[{""t"":104528.29999999888,""value"":1},{""t"":104803.19999999925,""value"":2},{""t"":105065.59999999963,""value"":3},{""t"":105278.59999999963,""value"":4},{""t"":105524.79999999888,""value"":5},{""t"":105786.69999999925,""value"":6},{""t"":106097.90000000037,""value"":7},{""t"":106343.5,""value"":8},{""t"":106572.19999999925,""value"":9},{""t"":106801.29999999888,""value"":10}]"
70bf2556-b293-4e99-be53-39a8780550e5,1,2,,en,5,0.3.0-v2,3,false,10,true,15,good,1-r3-rain,0.3320177380356095,high,1-r3-price,0.09158007471733934,27.119999999999997,1.6,39.19199999999999,2026-06-05T10:09:59.743Z,2026-06-05T10:10:07.339Z,7596.0999999996275,"[{""t"":129279.5,""value"":1},{""t"":129570.29999999888,""value"":2},{""t"":129930.09999999963,""value"":3},{""t"":130144.29999999888,""value"":4},{""t"":130388.59999999963,""value"":5},{""t"":130587.19999999925,""value"":6},{""t"":130815.5,""value"":7},{""t"":131536.90000000037,""value"":8},{""t"":131798.09999999963,""value"":9},{""t"":131963.29999999888,""value"":10}]"
70bf2556-b293-4e99-be53-39a8780550e5,1,2,,en,5,0.3.0-v2,4,false,9,true,16,drought,1-r4-rain,0.9521624049175255,low,1-r4-price,0.9199897495526025,2,0.6,16,2026-06-05T10:10:30.156Z,2026-06-05T10:10:35.511Z,5354.4000000003725,"[{""t"":158824.5,""value"":1},{""t"":159083.79999999888,""value"":2},{""t"":159314.19999999925,""value"":3},{""t"":159527.69999999925,""value"":4},{""t"":159738.59999999963,""value"":5},{""t"":159984.40000000037,""value"":6},{""t"":160263.59999999963,""value"":7},{""t"":160508.5,""value"":8},{""t"":161015.59999999963,""value"":9}]"
70bf2556-b293-4e99-be53-39a8780550e5,1,2,,en,5,0.3.0-v2,5,false,9,true,16,good,1-r5-rain,0.3259724922112453,high,1-r5-price,0.19611408880346964,26.238,1.6,38.7808,2026-06-05T10:10:45.986Z,2026-06-05T10:10:51.928Z,5941.300000000745,"[{""t"":174489.09999999963,""value"":1},{""t"":174717.69999999925,""value"":2},{""t"":174929.90000000037,""value"":3},{""t"":175323.5,""value"":4},{""t"":175601.19999999925,""value"":5},{""t"":175862.79999999888,""value"":6},{""t"":176075.40000000037,""value"":7},{""t"":177484.90000000037,""value"":8},{""t"":177729.5,""value"":9}]"
70bf2556-b293-4e99-be53-39a8780550e5,1,2,,en,5,0.3.0-v2,6,false,6,true,19,good,1-r6-rain,0.005184981925122793,mid,1-r6-price,0.3669371760520247,22.752,1,29.752,2026-06-05T10:10:56.086Z,2026-06-05T10:11:00.424Z,4337.5,"[{""t"":184804.79999999888,""value"":1},{""t"":185112,""value"":2},{""t"":185339.90000000037,""value"":3},{""t"":185585.5,""value"":4},{""t"":185816.19999999925,""value"":5},{""t"":186045.29999999888,""value"":6}]"
70bf2556-b293-4e99-be53-39a8780550e5,1,2,,en,5,0.3.0-v2,7,false,7,true,18,normal,1-r7-rain,0.36583686676033306,high,1-r7-price,0.18971037663257187,16.61,1.6,31.776,2026-06-05T10:11:04.778Z,2026-06-05T10:11:12.161Z,7383.5,"[{""t"":193428.40000000037,""value"":1},{""t"":194099.40000000037,""value"":2},{""t"":194343.09999999963,""value"":3},{""t"":194572,""value"":4},{""t"":194784.40000000037,""value"":5},{""t"":195440.29999999888,""value"":6},{""t"":196389.40000000037,""value"":7}]"
70bf2556-b293-4e99-be53-39a8780550e5,1,2,,en,5,0.3.0-v2,8,false,7,true,18,good,1-r8-rain,0.12721990013067125,mid,1-r8-price,0.587859106477554,24.054,1,30.054,2026-06-05T10:11:20.999Z,2026-06-05T10:11:26.762Z,5762.5999999996275,"[{""t"":209947.40000000037,""value"":1},{""t"":210437.19999999925,""value"":2},{""t"":210662.90000000037,""value"":3},{""t"":210876.40000000037,""value"":4},{""t"":211090.59999999963,""value"":5},{""t"":211319,""value"":6},{""t"":211562.59999999963,""value"":7}]"
70bf2556-b293-4e99-be53-39a8780550e5,1,2,,en,5,0.3.0-v2,9,false,8,true,17,good,1-r9-rain,0.149290370714575,mid,1-r9-price,0.37412963390109694,25.216,1,30.216,2026-06-05T10:11:34.601Z,2026-06-05T10:11:40.627Z,6025,"[{""t"":223369.59999999963,""value"":1},{""t"":223661.69999999925,""value"":2},{""t"":223922.79999999888,""value"":3},{""t"":224154.90000000037,""value"":4},{""t"":224384,""value"":5},{""t"":224626,""value"":6},{""t"":224824.19999999925,""value"":7},{""t"":225907.69999999925,""value"":8}]"
133e6194-7927-4254-94a0-4e986c95db2a,5,1,,ha,5,0.3.0-v2,practice,true,5,true,20,good,5-rpractice-rain,0.32162598228867667,low,5-rpractice-price,0.9467979791031103,21.310000000000002,0.6,25.586000000000002,2026-06-06T04:30:20.593Z,2026-06-06T04:30:36.914Z,16320.300000000745,"[{""t"":243717.6000000015,""value"":1},{""t"":244205,""value"":2},{""t"":244728.30000000075,""value"":3},{""t"":245350.40000000224,""value"":4},{""t"":246973.1000000015,""value"":5}]"
133e6194-7927-4254-94a0-4e986c95db2a,5,1,,ha,5,0.3.0-v2,0,false,3,true,22,good,5-r0-rain,0.6703089682901195,high,5-r0-price,0.051774071372070275,18.006,1.6,31.6096,2026-06-06T04:30:58.879Z,2026-06-06T04:31:39.658Z,40778.5,"[{""t"":309534.6000000015,""value"":1},{""t"":310373.40000000224,""value"":2},{""t"":310863.19999999925,""value"":3}]"
133e6194-7927-4254-94a0-4e986c95db2a,5,1,,ha,5,0.3.0-v2,1,false,2,true,23,good,5-r1-rain,0.38978109998096827,mid,5-r1-price,0.275423338587917,16.144,1,27.144,2026-06-06T04:32:16.492Z,2026-06-06T04:32:34.296Z,17803.199999999255,"[{""t"":367370.6000000015,""value"":1},{""t"":368742.6000000015,""value"":2}]"
133e6194-7927-4254-94a0-4e986c95db2a,5,1,,ha,5,0.3.0-v2,2,false,5,true,20,normal,5-r2-rain,0.40067163639221526,mid,5-r2-price,0.5506305436379033,14.65,1,26.65,2026-06-06T04:32:50.534Z,2026-06-06T04:32:58.260Z,7725.89999999851,"[{""t"":391334.1000000015,""value"":1},{""t"":392052.40000000224,""value"":2},{""t"":392987.19999999925,""value"":3},{""t"":393394.80000000075,""value"":4},{""t"":395949.69999999925,""value"":5}]"
133e6194-7927-4254-94a0-4e986c95db2a,5,1,,ha,5,0.3.0-v2,3,false,10,true,15,normal,5-r3-rain,0.8642007116388746,low,5-r3-price,0.7744563489513063,18.8,0.6,21.48,2026-06-06T04:33:15.938Z,2026-06-06T04:33:24.960Z,9022.300000000745,"[{""t"":416361.40000000224,""value"":1},{""t"":418421.90000000224,""value"":2},{""t"":418931,""value"":3},{""t"":419388.80000000075,""value"":4},{""t"":419765.1000000015,""value"":5},{""t"":420206.40000000224,""value"":6},{""t"":420568.30000000075,""value"":7},{""t"":421254.30000000075,""value"":8},{""t"":421747.80000000075,""value"":9},{""t"":422452.19999999925,""value"":10}]"
133e6194-7927-4254-94a0-4e986c95db2a,5,1,,ha,5,0.3.0-v2,4,false,0,false,25,good,5-r4-rain,0.37931222492357103,low,5-r4-price,0.8086940080057615,12,0.6,25,2026-06-06T04:33:45.244Z,2026-06-06T04:33:49.399Z,4154.39999999851,[]
133e6194-7927-4254-94a0-4e986c95db2a,5,1,,ha,5,0.3.0-v2,5,false,10,true,15,good,5-r5-rain,0.30143193830902854,low,5-r5-price,0.9533498364466835,27.119999999999997,0.6,24.071999999999996,2026-06-06T04:34:02.902Z,2026-06-06T04:34:11.860Z,8958.199999999255,"[{""t"":463654.5,""value"":1},{""t"":465841.69999999925,""value"":2},{""t"":466288.30000000075,""value"":3},{""t"":466697.1000000015,""value"":4},{""t"":467138.80000000075,""value"":5},{""t"":467612.19999999925,""value"":6},{""t"":468103.1000000015,""value"":7},{""t"":468564.5,""value"":8},{""t"":469021.40000000224,""value"":9},{""t"":469658,""value"":10}]"
133e6194-7927-4254-94a0-4e986c95db2a,5,1,,ha,5,0.3.0-v2,6,false,2,true,23,drought,5-r6-rain,0.9660761013643777,high,5-r6-price,0.13361411872392912,2,1.6,23,2026-06-06T04:34:24.687Z,2026-06-06T04:34:27.767Z,3079.900000002235,"[{""t"":485376,""value"":1},{""t"":485946,""value"":2}]"
133e6194-7927-4254-94a0-4e986c95db2a,5,1,,ha,5,0.3.0-v2,7,false,1,true,24,normal,5-r7-rain,0.283849365120917,high,5-r7-price,0.09147053987608209,9.53,1.6,26.448,2026-06-06T04:34:37.704Z,2026-06-06T04:34:41.402Z,3697.89999999851,"[{""t"":498206.80000000075,""value"":1}]"
133e6194-7927-4254-94a0-4e986c95db2a,5,1,,ha,5,0.3.0-v2,8,false,6,true,19,drought,5-r8-rain,0.8988836424545115,high,5-r8-price,0.09360123222623228,2,1.6,19,2026-06-06T04:34:50.508Z,2026-06-06T04:34:54.632Z,4123.89999999851,"[{""t"":510878.90000000224,""value"":1},{""t"":511368.1000000015,""value"":2},{""t"":511547.69999999925,""value"":3},{""t"":511841.19999999925,""value"":4},{""t"":512055.1000000015,""value"":5},{""t"":512365.80000000075,""value"":6}]"
133e6194-7927-4254-94a0-4e986c95db2a,5,1,,ha,5,0.3.0-v2,9,false,3,true,22,good,5-r9-rain,0.39043722740171277,mid,5-r9-price,0.3070808182999029,18.006,1,28.006,2026-06-06T04:35:04.948Z,2026-06-06T04:35:14.518Z,9569.699999999255,"[{""t"":531242.9000000022,""value"":1},{""t"":531927.1999999993,""value"":2},{""t"":532613.6999999993,""value"":3}]"
f9485010-db1c-4c9c-a9d3-71c4700b8cdb,2,5,,ha,5,0.3.0-v2,practice,true,2,true,23,good,2-rpractice-rain,0.28465667075262824,mid,2-rpractice-price,0.6294311629844843,16.144,1,27.144,2026-06-08T20:54:55.719Z,2026-06-08T20:55:08.131Z,12411.5,"[{""t"":138377.19999999553,""value"":1},{""t"":138949.09999999404,""value"":2},{""t"":139699.69999999553,""value"":3},{""t"":142028.3999999985,""value"":2}]"
f9485010-db1c-4c9c-a9d3-71c4700b8cdb,2,5,,ha,5,0.3.0-v2,0,false,1,true,24,good,2-r0-rain,0.1697633019377156,mid,2-r0-price,0.28390705160251317,14.142,1,26.142,2026-06-08T20:55:40.440Z,2026-06-08T20:55:45.907Z,5467.20000000298,"[{""t"":182017.69999999553,""value"":1}]"
f9485010-db1c-4c9c-a9d3-71c4700b8cdb,2,5,,ha,5,0.3.0-v2,1,false,0,false,25,normal,2-r1-rain,0.6264214831209145,mid,2-r1-price,0.1967699770324429,8,1,25,2026-06-08T20:55:53.551Z,2026-06-08T20:55:59.264Z,5712.39999999851,[]
f9485010-db1c-4c9c-a9d3-71c4700b8cdb,2,5,,ha,5,0.3.0-v2,2,false,5,true,20,good,2-r2-rain,0.23789922327917573,low,2-r2-price,0.8778771995756699,21.310000000000002,0.6,25.586000000000002,2026-06-08T20:56:06.811Z,2026-06-08T20:56:11.052Z,4240.60000000149,"[{""t"":205652.69999999553,""value"":1},{""t"":206213.59999999404,""value"":2},{""t"":206715.29999999702,""value"":3},{""t"":207043,""value"":4},{""t"":207288.79999999702,""value"":5}]"
f9485010-db1c-4c9c-a9d3-71c4700b8cdb,2,5,,ha,5,0.3.0-v2,3,false,5,true,20,normal,2-r3-rain,0.6482953145693964,low,2-r3-price,0.8823160446132449,14.65,0.6,23.990000000000002,2026-06-08T20:56:21.467Z,2026-06-08T20:56:25.999Z,4532,"[{""t"":220862,""value"":1},{""t"":221087.59999999404,""value"":2},{""t"":221481.69999999553,""value"":3},{""t"":222036.79999999702,""value"":4},{""t"":222266.59999999404,""value"":5}]"
f9485010-db1c-4c9c-a9d3-71c4700b8cdb,2,5,,ha,5,0.3.0-v2,4,false,1,true,24,good,2-r4-rain,0.14906981491493973,mid,2-r4-price,0.2887288136077382,14.142,1,26.142,2026-06-08T20:56:33.511Z,2026-06-08T20:56:37.126Z,3615.4000000059605,"[{""t"":233302.59999999404,""value"":1}]"
f9485010-db1c-4c9c-a9d3-71c4700b8cdb,2,5,,ha,5,0.3.0-v2,5,false,8,true,17,good,2-r5-rain,0.6293526125644215,mid,2-r5-price,0.6586312644891502,25.216,1,30.216,2026-06-08T20:56:43.068Z,2026-06-08T20:56:48.372Z,5303.89999999851,"[{""t"":242042.09999999404,""value"":1},{""t"":242238,""value"":2},{""t"":242449.69999999553,""value"":3},{""t"":242614.59999999404,""value"":4},{""t"":242798.69999999553,""value"":5},{""t"":244201.19999999553,""value"":6},{""t"":244413.59999999404,""value"":7},{""t"":244660.29999999702,""value"":8}]"
f9485010-db1c-4c9c-a9d3-71c4700b8cdb,2,5,,ha,5,0.3.0-v2,6,false,2,true,23,drought,2-r6-rain,0.9732183932942823,low,2-r6-price,0.9956437084437086,2,0.6,23,2026-06-08T20:56:53.530Z,2026-06-08T20:56:56.873Z,3342.6999999955297,"[{""t"":252862.59999999404,""value"":1},{""t"":253237.59999999404,""value"":2}]"
f9485010-db1c-4c9c-a9d3-71c4700b8cdb,2,5,,ha,5,0.3.0-v2,7,false,0,false,25,good,2-r7-rain,0.03852359817917051,mid,2-r7-price,0.33628275230102855,12,1,25,2026-06-08T20:57:02.958Z,2026-06-08T20:57:05.819Z,2861.8000000044703,[]
f9485010-db1c-4c9c-a9d3-71c4700b8cdb,2,5,,ha,5,0.3.0-v2,8,false,4,true,21,good,2-r8-rain,0.3195229438969949,high,2-r8-price,0.243481955685877,19.728,1.6,33.3648,2026-06-08T20:57:11.632Z,2026-06-08T20:57:15.332Z,3699.60000000149,"[{""t"":270279.19999999553,""value"":1},{""t"":270571.8999999985,""value"":2},{""t"":270818.3999999985,""value"":3},{""t"":271505.8999999985,""value"":4}]"
f9485010-db1c-4c9c-a9d3-71c4700b8cdb,2,5,,ha,5,0.3.0-v2,9,false,1,true,24,good,2-r9-rain,0.3484180862980674,low,2-r9-price,0.7792710530665375,14.142,0.6,25.2852,2026-06-08T20:57:22.784Z,2026-06-08T20:57:27.757Z,4973.70000000298,"[{""t"":283736,""value"":1}]"
65f1dd25-17d2-4bb3-83d5-0ae1561fabeb,4,5,,ha,5,0.3.0-v2,practice,true,1,true,24,good,4-rpractice-rain,0.16999639962761015,low,4-rpractice-price,0.9996374612300261,14.142,0.6,25.2852,2026-06-08T22:26:32.790Z,2026-06-08T22:26:36.828Z,4038,"[{""t"":695484.099999994,""value"":1}]"
65f1dd25-17d2-4bb3-83d5-0ae1561fabeb,4,5,,ha,5,0.3.0-v2,0,false,2,true,23,normal,4-r0-rain,0.7548140669068474,mid,4-r0-price,0.34876174419881467,10.96,1,25.96,2026-06-08T22:26:41.672Z,2026-06-08T22:26:47.745Z,6072.39999999851,"[{""t"":703210.1999999955,""value"":1},{""t"":706923.6999999955,""value"":2}]"
65f1dd25-17d2-4bb3-83d5-0ae1561fabeb,4,5,,ha,5,0.3.0-v2,1,false,1,true,24,normal,4-r1-rain,0.6718290637437815,mid,4-r1-price,0.15690733183821826,9.53,1,25.53,2026-06-08T22:26:54.392Z,2026-06-08T22:27:09.631Z,15238.80000000447,"[{""t"":716288.799999997,""value"":1},{""t"":721281.6999999955,""value"":0},{""t"":728894.6999999955,""value"":1}]"
65f1dd25-17d2-4bb3-83d5-0ae1561fabeb,4,5,,ha,5,0.3.0-v2,2,false,1,true,24,normal,4-r2-rain,0.5518640440933615,mid,4-r2-price,0.5209577692358689,9.53,1,25.53,2026-06-08T22:27:14.117Z,2026-06-08T22:27:16.375Z,2258.8000000044703,"[{""t"":735603.599999994,""value"":1}]"
65f1dd25-17d2-4bb3-83d5-0ae1561fabeb,4,5,,ha,5,0.3.0-v2,3,false,4,true,21,normal,4-r3-rain,0.6772378827705885,mid,4-r3-price,0.3009875010652847,13.52,1,26.52,2026-06-08T22:27:20.828Z,2026-06-08T22:27:28.456Z,7627.39999999851,"[{""t"":744885.3999999985,""value"":1},{""t"":745080.799999997,""value"":2},{""t"":745340.599999994,""value"":3},{""t"":745585.599999994,""value"":4}]"
65f1dd25-17d2-4bb3-83d5-0ae1561fabeb,4,5,,ha,5,0.3.0-v2,4,false,1,true,24,normal,4-r4-rain,0.4690155632544271,low,4-r4-price,0.6243220224015197,9.53,0.6,24.918,2026-06-08T22:27:33.776Z,2026-06-08T22:27:36.114Z,2338.0999999940395,"[{""t"":755197.799999997,""value"":1}]"
65f1dd25-17d2-4bb3-83d5-0ae1561fabeb,4,5,,ha,5,0.3.0-v2,5,false,7,true,18,good,4-r5-rain,0.6625315688222246,high,4-r5-price,0.12416912423867828,24.054,1.6,37.2864,2026-06-08T22:27:39.587Z,2026-06-08T22:27:45.070Z,5483.4000000059605,"[{""t"":762483.299999997,""value"":1},{""t"":762710.299999997,""value"":2},{""t"":762893.6999999955,""value"":3},{""t"":763054.799999997,""value"":4},{""t"":763609.799999997,""value"":5},{""t"":763823.3999999985,""value"":6},{""t"":764083.3999999985,""value"":7}]"
65f1dd25-17d2-4bb3-83d5-0ae1561fabeb,4,5,,ha,5,0.3.0-v2,6,false,5,true,20,drought,4-r6-rain,0.9918181214904661,mid,4-r6-price,0.514681183208113,2,1,20,2026-06-08T22:29:03.265Z,2026-06-08T22:29:07.356Z,4090.8000000044703,"[{""t"":806842.6999999955,""value"":1},{""t"":807284.1999999955,""value"":2},{""t"":807777.099999994,""value"":3},{""t"":808124.099999994,""value"":4},{""t"":808545.6999999955,""value"":5}]"
65f1dd25-17d2-4bb3-83d5-0ae1561fabeb,4,5,,ha,5,0.3.0-v2,7,false,0,false,25,drought,4-r7-rain,0.8190399332803745,low,4-r7-price,0.971525179227068,2,0.6,25,2026-06-08T22:29:15.001Z,2026-06-08T22:29:19.862Z,4861,[]
65f1dd25-17d2-4bb3-83d5-0ae1561fabeb,4,5,,ha,5,0.3.0-v2,8,false,9,true,16,good,4-r8-rain,0.26635746999937104,mid,4-r8-price,0.7503311836561488,26.238,1,30.238,2026-06-08T22:29:30.517Z,2026-06-08T22:29:36.657Z,6139.80000000447,"[{""t"":834081.5,""value"":1},{""t"":834327.599999994,""value"":2},{""t"":834522.099999994,""value"":3},{""t"":834703.1999999955,""value"":4},{""t"":834913.5,""value"":5},{""t"":835082,""value"":6},{""t"":835522.5,""value"":7},{""t"":835964.099999994,""value"":8},{""t"":837010.5,""value"":9}]"
65f1dd25-17d2-4bb3-83d5-0ae1561fabeb,4,5,,ha,5,0.3.0-v2,9,false,1,true,24,good,4-r9-rain,0.01843383369619392,high,4-r9-price,0.06727545847810203,14.142,1.6,27.4272,2026-06-08T22:29:46.185Z,2026-06-08T22:29:50.898Z,4712.89999999851,"[{""t"":851975.1999999955,""value"":1}]"
da6b9636-0cdf-483b-940a-edb4ee1744b7,4,5,,ha,5,0.3.0-v2,practice,true,5,true,20,good,4-rpractice-rain,0.16999639962761015,low,4-rpractice-price,0.9996374612300261,21.310000000000002,0.6,25.586000000000002,2026-06-08T22:30:57.996Z,2026-06-08T22:31:10.764Z,12768.40000000596,"[{""t"":921952.799999997,""value"":1},{""t"":922475.099999994,""value"":2},{""t"":927434.099999994,""value"":3},{""t"":930986.799999997,""value"":4},{""t"":931541.099999994,""value"":5}]"
da6b9636-0cdf-483b-940a-edb4ee1744b7,4,5,,ha,5,0.3.0-v2,0,false,6,true,19,normal,4-r0-rain,0.7548140669068474,mid,4-r0-price,0.34876174419881467,15.68,1,26.68,2026-06-08T22:31:17.411Z,2026-06-08T22:31:21.583Z,4172.5,"[{""t"":941220.799999997,""value"":1},{""t"":941412.8999999985,""value"":2},{""t"":941595,""value"":3},{""t"":941821.299999997,""value"":4},{""t"":941991.1999999955,""value"":5},{""t"":942757.599999994,""value"":6}]"
da6b9636-0cdf-483b-940a-edb4ee1744b7,4,5,,ha,5,0.3.0-v2,1,false,0,false,25,normal,4-r1-rain,0.6718290637437815,mid,4-r1-price,0.15690733183821826,8,1,25,2026-06-08T22:31:26.854Z,2026-06-08T22:31:35.694Z,8839.79999999702,"[{""t"":952301.299999997,""value"":1},{""t"":955724.6999999955,""value"":0}]"
da6b9636-0cdf-483b-940a-edb4ee1744b7,4,5,,ha,5,0.3.0-v2,2,false,2,true,23,normal,4-r2-rain,0.5518640440933615,mid,4-r2-price,0.5209577692358689,10.96,1,25.96,2026-06-08T22:31:40.556Z,2026-06-08T22:31:45.237Z,4681,"[{""t"":965627.099999994,""value"":1},{""t"":966345.599999994,""value"":2}]"
da6b9636-0cdf-483b-940a-edb4ee1744b7,4,5,,ha,5,0.3.0-v2,3,false,5,true,20,normal,4-r3-rain,0.6772378827705885,mid,4-r3-price,0.3009875010652847,14.65,1,26.65,2026-06-08T22:31:51.245Z,2026-06-08T22:31:54.830Z,3584.60000000149,"[{""t"":974774.3999999985,""value"":1},{""t"":975362.799999997,""value"":2},{""t"":975557.299999997,""value"":3},{""t"":975756.599999994,""value"":4},{""t"":976149.6999999955,""value"":5}]"
da6b9636-0cdf-483b-940a-edb4ee1744b7,4,5,,ha,5,0.3.0-v2,4,false,1,true,24,normal,4-r4-rain,0.4690155632544271,low,4-r4-price,0.6243220224015197,9.53,0.6,24.918,2026-06-08T22:31:59.597Z,2026-06-08T22:32:05.732Z,6135.19999999553,"[{""t"":985025.1999999955,""value"":1}]"
da6b9636-0cdf-483b-940a-edb4ee1744b7,4,5,,ha,5,0.3.0-v2,5,false,6,true,19,good,4-r5-rain,0.6625315688222246,high,4-r5-price,0.12416912423867828,22.752,1.6,36.203199999999995,2026-06-08T22:32:10.004Z,2026-06-08T22:32:13.261Z,3257,"[{""t"":993372.799999997,""value"":1},{""t"":993584.6999999955,""value"":2},{""t"":993960,""value"":3},{""t"":994173.1999999955,""value"":4},{""t"":994352.6999999955,""value"":5},{""t"":994517,""value"":6}]"
da6b9636-0cdf-483b-940a-edb4ee1744b7,4,5,,ha,5,0.3.0-v2,6,false,3,true,22,drought,4-r6-rain,0.9918181214904661,mid,4-r6-price,0.514681183208113,2,1,22,2026-06-08T22:32:18.794Z,2026-06-08T22:32:21.561Z,2766.4000000059605,"[{""t"":1002359.8999999985,""value"":1},{""t"":1002585.8999999985,""value"":2},{""t"":1002771.299999997,""value"":3}]"
da6b9636-0cdf-483b-940a-edb4ee1744b7,4,5,,ha,5,0.3.0-v2,7,false,0,false,25,drought,4-r7-rain,0.8190399332803745,low,4-r7-price,0.971525179227068,2,0.6,25,2026-06-08T22:32:25.686Z,2026-06-08T22:32:27.846Z,2160.0999999940395,[]
da6b9636-0cdf-483b-940a-edb4ee1744b7,4,5,,ha,5,0.3.0-v2,8,false,10,true,15,good,4-r8-rain,0.26635746999937104,mid,4-r8-price,0.7503311836561488,27.119999999999997,1,30.119999999999997,2026-06-08T22:32:31.841Z,2026-06-08T22:32:41.416Z,9575.70000000298,"[{""t"":1018975.299999997,""value"":1},{""t"":1019199,""value"":2},{""t"":1019562.299999997,""value"":3},{""t"":1019746.5,""value"":4},{""t"":1019922.3999999985,""value"":5},{""t"":1020107,""value"":6},{""t"":1020300.599999994,""value"":7},{""t"":1020904.299999997,""value"":8},{""t"":1021115,""value"":9},{""t"":1021329.299999997,""value"":10}]"
da6b9636-0cdf-483b-940a-edb4ee1744b7,4,5,,ha,5,0.3.0-v2,9,false,1,true,24,good,4-r9-rain,0.01843383369619392,high,4-r9-price,0.06727545847810203,14.142,1.6,27.4272,2026-06-08T22:32:46.543Z,2026-06-08T22:32:50.125Z,3582.2000000029802,"[{""t"":1030023.3999999985,""value"":1}]"
88875002-9380-43a9-98d9-2b23b06c7e4a,2,5,,ha,5,0.3.0-v2,practice,true,5,true,20,good,2-rpractice-rain,0.28465667075262824,mid,2-rpractice-price,0.6294311629844843,21.310000000000002,1,29.310000000000002,2026-06-08T22:33:39.495Z,2026-06-08T22:34:10.318Z,30823.5,"[{""t"":1108251.3999999985,""value"":1},{""t"":1108854.299999997,""value"":2},{""t"":1109248.6999999955,""value"":3},{""t"":1109494.6999999955,""value"":4},{""t"":1111083.5,""value"":5}]"
88875002-9380-43a9-98d9-2b23b06c7e4a,2,5,,ha,5,0.3.0-v2,0,false,2,true,23,good,2-r0-rain,0.1697633019377156,mid,2-r0-price,0.28390705160251317,16.144,1,27.144,2026-06-08T22:34:15.737Z,2026-06-08T22:34:18.928Z,3191.10000000149,"[{""t"":1119215.8999999985,""value"":1},{""t"":1119561.8999999985,""value"":2}]"
88875002-9380-43a9-98d9-2b23b06c7e4a,2,5,,ha,5,0.3.0-v2,1,false,0,false,25,normal,2-r1-rain,0.6264214831209145,mid,2-r1-price,0.1967699770324429,8,1,25,2026-06-08T22:34:23.239Z,2026-06-08T22:34:27.738Z,4498.60000000149,[]
88875002-9380-43a9-98d9-2b23b06c7e4a,2,5,,ha,5,0.3.0-v2,2,false,1,true,24,good,2-r2-rain,0.23789922327917573,low,2-r2-price,0.8778771995756699,14.142,0.6,25.2852,2026-06-08T22:34:31.268Z,2026-06-08T22:34:37.832Z,6563.70000000298,"[{""t"":1139043.8999999985,""value"":1}]"
88875002-9380-43a9-98d9-2b23b06c7e4a,2,5,,ha,5,0.3.0-v2,3,false,3,true,22,normal,2-r3-rain,0.6482953145693964,low,2-r3-price,0.8823160446132449,12.29,0.6,24.573999999999998,2026-06-08T22:34:43.187Z,2026-06-08T22:34:46.510Z,3322.5,"[{""t"":1147015,""value"":1},{""t"":1147346.599999994,""value"":2},{""t"":1147895.8999999985,""value"":3}]"
88875002-9380-43a9-98d9-2b23b06c7e4a,2,5,,ha,5,0.3.0-v2,4,false,0,false,25,good,2-r4-rain,0.14906981491493973,mid,2-r4-price,0.2887288136077382,12,1,25,2026-06-08T22:34:51.470Z,2026-06-08T22:34:54.760Z,3290.2000000029802,[]
88875002-9380-43a9-98d9-2b23b06c7e4a,2,5,,ha,5,0.3.0-v2,5,false,10,true,15,good,2-r5-rain,0.6293526125644215,mid,2-r5-price,0.6586312644891502,27.119999999999997,1,30.119999999999997,2026-06-08T22:34:59.670Z,2026-06-08T22:35:04.287Z,4617.19999999553,"[{""t"":1163334.8999999985,""value"":1},{""t"":1163511.099999994,""value"":2},{""t"":1163740.599999994,""value"":3},{""t"":1163889.6999999955,""value"":4},{""t"":1164084.299999997,""value"":5},{""t"":1164268.3999999985,""value"":6},{""t"":1164476.3999999985,""value"":7},{""t"":1164642.799999997,""value"":8},{""t"":1165001.599999994,""value"":9},{""t"":1165575.8999999985,""value"":10}]"
88875002-9380-43a9-98d9-2b23b06c7e4a,2,5,,ha,5,0.3.0-v2,6,false,1,true,24,drought,2-r6-rain,0.9732183932942823,low,2-r6-price,0.9956437084437086,2,0.6,24,2026-06-08T22:35:08.593Z,2026-06-08T22:35:13.142Z,4549.69999999553,"[{""t"":1174368.099999994,""value"":1}]"
88875002-9380-43a9-98d9-2b23b06c7e4a,2,5,,ha,5,0.3.0-v2,7,false,1,true,24,good,2-r7-rain,0.03852359817917051,mid,2-r7-price,0.33628275230102855,14.142,1,26.142,2026-06-08T22:35:17.370Z,2026-06-08T22:35:19.723Z,2352.89999999851,"[{""t"":1180748.099999994,""value"":1}]"
88875002-9380-43a9-98d9-2b23b06c7e4a,2,5,,ha,5,0.3.0-v2,8,false,7,true,18,good,2-r8-rain,0.3195229438969949,high,2-r8-price,0.243481955685877,24.054,1.6,37.2864,2026-06-08T22:35:24.193Z,2026-06-08T22:35:27.679Z,3486.39999999851,"[{""t"":1187544.3999999985,""value"":1},{""t"":1187787.5,""value"":2},{""t"":1188148.3999999985,""value"":3},{""t"":1188333.5,""value"":4},{""t"":1188508.8999999985,""value"":5},{""t"":1188668.799999997,""value"":6},{""t"":1188838,""value"":7}]"
88875002-9380-43a9-98d9-2b23b06c7e4a,2,5,,ha,5,0.3.0-v2,9,false,0,false,25,good,2-r9-rain,0.3484180862980674,low,2-r9-price,0.7792710530665375,12,0.6,25,2026-06-08T22:35:31.999Z,2026-06-08T22:35:34.193Z,2193.5,[]
3f9cc004-0a78-411f-a99d-7e54c7fa9fa3,6,5,,ha,5,0.3.0-v2,practice,true,2,true,23,drought,6-rpractice-rain,0.9950989970959125,high,6-rpractice-price,0.0022638228089572605,2,1.6,23,2026-06-08T22:36:13.529Z,2026-06-08T22:36:17.817Z,4287.39999999851,"[{""t"":1238404.799999997,""value"":1},{""t"":1239024.299999997,""value"":2}]"
3f9cc004-0a78-411f-a99d-7e54c7fa9fa3,6,5,,ha,5,0.3.0-v2,0,false,1,true,24,good,6-r0-rain,0.5638727955556758,mid,6-r0-price,0.5479351138906116,14.142,1,26.142,2026-06-08T22:36:21.946Z,2026-06-08T22:36:24.692Z,2746.6999999955297,"[{""t"":1245263.099999994,""value"":1}]"
3f9cc004-0a78-411f-a99d-7e54c7fa9fa3,6,5,,ha,5,0.3.0-v2,1,false,0,false,25,drought,6-r1-rain,0.8510290671428508,high,6-r1-price,0.047169639281364965,2,1.6,25,2026-06-08T22:36:29.981Z,2026-06-08T22:36:32.436Z,2454.39999999851,[]
3f9cc004-0a78-411f-a99d-7e54c7fa9fa3,6,5,,ha,5,0.3.0-v2,2,false,1,true,24,good,6-r2-rain,0.2133028397629763,mid,6-r2-price,0.36086068526586573,14.142,1,26.142,2026-06-08T22:36:35.988Z,2026-06-08T22:36:39.703Z,3715.10000000149,"[{""t"":1260927.8999999985,""value"":1}]"
3f9cc004-0a78-411f-a99d-7e54c7fa9fa3,6,5,,ha,5,0.3.0-v2,3,false,1,true,24,normal,6-r3-rain,0.760466730707086,mid,6-r3-price,0.33060535953081455,9.53,1,25.53,2026-06-08T22:36:45.436Z,2026-06-08T22:36:58.069Z,12633.39999999851,"[{""t"":1277428.099999994,""value"":1}]"
3f9cc004-0a78-411f-a99d-7e54c7fa9fa3,6,5,,ha,5,0.3.0-v2,4,false,0,false,25,normal,6-r4-rain,0.5080184501974403,low,6-r4-price,0.5198402113469448,8,0.6,25,2026-06-08T22:37:02.162Z,2026-06-08T22:37:06.205Z,4043.10000000149,"[{""t"":1286511.599999994,""value"":1},{""t"":1287512.1999999955,""value"":0}]"
3f9cc004-0a78-411f-a99d-7e54c7fa9fa3,6,5,,ha,5,0.3.0-v2,5,false,10,true,15,good,6-r5-rain,0.26321867674578364,mid,6-r5-price,0.4338871699056139,27.119999999999997,1,30.119999999999997,2026-06-08T22:37:10.576Z,2026-06-08T22:37:14.749Z,4173.39999999851,"[{""t"":1293991,""value"":1},{""t"":1294204.599999994,""value"":2},{""t"":1294452,""value"":3},{""t"":1294827.599999994,""value"":4},{""t"":1294988.8999999985,""value"":5},{""t"":1295169.799999997,""value"":6},{""t"":1295338.6999999955,""value"":7},{""t"":1295519.299999997,""value"":8},{""t"":1295657.599999994,""value"":9},{""t"":1295856.3999999985,""value"":10}]"
3f9cc004-0a78-411f-a99d-7e54c7fa9fa3,6,5,,ha,5,0.3.0-v2,6,false,0,false,25,good,6-r6-rain,0.28287958860812,mid,6-r6-price,0.548126752583627,12,1,25,2026-06-08T22:37:18.597Z,2026-06-08T22:37:27.256Z,8659.10000000149,"[{""t"":1302817.5,""value"":1},{""t"":1303717,""value"":0}]"
3f9cc004-0a78-411f-a99d-7e54c7fa9fa3,6,5,,ha,5,0.3.0-v2,7,false,0,false,25,normal,6-r7-rain,0.246590102754428,mid,6-r7-price,0.6674481420762012,8,1,25,2026-06-08T22:37:31.447Z,2026-06-08T22:37:34.460Z,3012.7999999970198,[]
3f9cc004-0a78-411f-a99d-7e54c7fa9fa3,6,5,,ha,5,0.3.0-v2,8,false,5,true,20,normal,6-r8-rain,0.5133900633218926,mid,6-r8-price,0.4030501494678726,14.65,1,26.65,2026-06-08T22:37:41.367Z,2026-06-08T22:37:45.098Z,3730.5,"[{""t"":1324748.599999994,""value"":1},{""t"":1325175.599999994,""value"":2},{""t"":1325450.799999997,""value"":3},{""t"":1325664.799999997,""value"":4},{""t"":1326467.799999997,""value"":5}]"
3f9cc004-0a78-411f-a99d-7e54c7fa9fa3,6,5,,ha,5,0.3.0-v2,9,false,0,false,25,drought,6-r9-rain,0.604672820826473,mid,6-r9-price,0.29474755493435717,2,1,25,2026-06-08T22:37:49.664Z,2026-06-08T22:37:52.876Z,3211.7000000029802,[]
ac2f3ddd-b4cf-4260-b6eb-97ad8ba406bc,4,5,,ha,5,0.3.0-v2,practice,true,0,false,25,good,4-rpractice-rain,0.16999639962761015,low,4-rpractice-price,0.9996374612300261,12,0.6,25,2026-06-08T22:38:19.605Z,2026-06-08T22:38:22.584Z,2978.7000000029802,[]
ac2f3ddd-b4cf-4260-b6eb-97ad8ba406bc,4,5,,ha,5,0.3.0-v2,0,false,1,true,24,normal,4-r0-rain,0.7548140669068474,mid,4-r0-price,0.34876174419881467,9.53,1,25.53,2026-06-08T22:38:27.495Z,2026-06-08T22:38:31.963Z,4468.19999999553,"[{""t"":1373253.8999999985,""value"":1}]"
ac2f3ddd-b4cf-4260-b6eb-97ad8ba406bc,4,5,,ha,5,0.3.0-v2,1,false,1,true,24,normal,4-r1-rain,0.6718290637437815,mid,4-r1-price,0.15690733183821826,9.53,1,25.53,2026-06-08T22:38:36.333Z,2026-06-08T22:38:39.019Z,2685.3000000044703,"[{""t"":1379848.1999999955,""value"":1}]"
ac2f3ddd-b4cf-4260-b6eb-97ad8ba406bc,4,5,,ha,5,0.3.0-v2,2,false,0,false,25,normal,4-r2-rain,0.5518640440933615,mid,4-r2-price,0.5209577692358689,8,1,25,2026-06-08T22:38:43.798Z,2026-06-08T22:38:46.303Z,2504.7999999970198,[]
ac2f3ddd-b4cf-4260-b6eb-97ad8ba406bc,4,5,,ha,5,0.3.0-v2,3,false,2,true,23,normal,4-r3-rain,0.6772378827705885,mid,4-r3-price,0.3009875010652847,10.96,1,25.96,2026-06-08T22:38:51.296Z,2026-06-08T22:38:53.767Z,2471.60000000149,"[{""t"":1394693.8999999985,""value"":1},{""t"":1395087.599999994,""value"":2}]"
ac2f3ddd-b4cf-4260-b6eb-97ad8ba406bc,4,5,,ha,5,0.3.0-v2,4,false,0,false,25,normal,4-r4-rain,0.4690155632544271,low,4-r4-price,0.6243220224015197,8,0.6,25,2026-06-08T22:38:58.171Z,2026-06-08T22:39:00.380Z,2209.3000000044703,[]
ac2f3ddd-b4cf-4260-b6eb-97ad8ba406bc,4,5,,ha,5,0.3.0-v2,5,false,7,true,18,good,4-r5-rain,0.6625315688222246,high,4-r5-price,0.12416912423867828,24.054,1.6,37.2864,2026-06-08T22:39:07.683Z,2026-06-08T22:39:11.495Z,3812.10000000149,"[{""t"":1411146.3999999985,""value"":1},{""t"":1411373.599999994,""value"":2},{""t"":1411571.299999997,""value"":3},{""t"":1411751.299999997,""value"":4},{""t"":1411934.6999999955,""value"":5},{""t"":1412223.799999997,""value"":6},{""t"":1412766.799999997,""value"":7}]"
ac2f3ddd-b4cf-4260-b6eb-97ad8ba406bc,4,5,,ha,5,0.3.0-v2,6,false,1,true,24,drought,4-r6-rain,0.9918181214904661,mid,4-r6-price,0.514681183208113,2,1,24,2026-06-08T22:39:15.716Z,2026-06-08T22:39:20.564Z,4847.89999999851,"[{""t"":1419169.299999997,""value"":1}]"
ac2f3ddd-b4cf-4260-b6eb-97ad8ba406bc,4,5,,ha,5,0.3.0-v2,7,false,0,false,25,drought,4-r7-rain,0.8190399332803745,low,4-r7-price,0.971525179227068,2,0.6,25,2026-06-08T22:39:25.130Z,2026-06-08T22:39:27.635Z,2504.89999999851,[]
ac2f3ddd-b4cf-4260-b6eb-97ad8ba406bc,4,5,,ha,5,0.3.0-v2,8,false,6,true,19,good,4-r8-rain,0.26635746999937104,mid,4-r8-price,0.7503311836561488,22.752,1,29.752,2026-06-08T22:39:35.313Z,2026-06-08T22:39:38.782Z,3469.1999999955297,"[{""t"":1438646.099999994,""value"":1},{""t"":1438941.099999994,""value"":2},{""t"":1439183.8999999985,""value"":3},{""t"":1439396.299999997,""value"":4},{""t"":1439594.799999997,""value"":5},{""t"":1439791,""value"":6}]"
ac2f3ddd-b4cf-4260-b6eb-97ad8ba406bc,4,5,,ha,5,0.3.0-v2,9,false,1,true,24,good,4-r9-rain,0.01843383369619392,high,4-r9-price,0.06727545847810203,14.142,1.6,27.4272,2026-06-08T22:39:43.988Z,2026-06-08T22:39:47.245Z,3257.2999999970198,"[{""t"":1448305.5,""value"":1}]"
60ef61c2-a8f5-4f08-9d7f-ed8f1df72e88,7,5,,ha,5,0.3.0-v2,practice,true,2,true,23,drought,7-rpractice-rain,0.9330238725554272,high,7-rpractice-price,0.17523928332113003,2,1.6,23,2026-06-08T22:40:18.148Z,2026-06-08T22:40:21.523Z,3374.7999999970198,"[{""t"":1482371.8999999985,""value"":1},{""t"":1482876.3999999985,""value"":2}]"
60ef61c2-a8f5-4f08-9d7f-ed8f1df72e88,7,5,,ha,5,0.3.0-v2,0,false,1,true,24,good,7-r0-rain,0.009204677629872645,mid,7-r0-price,0.6575254852752398,14.142,1,26.142,2026-06-08T22:40:25.941Z,2026-06-08T22:40:28.107Z,2165.4000000059605,"[{""t"":1489344,""value"":1}]"
60ef61c2-a8f5-4f08-9d7f-ed8f1df72e88,7,5,,ha,5,0.3.0-v2,1,false,0,false,25,normal,7-r1-rain,0.5908456895450107,low,7-r1-price,0.7381618061910779,8,0.6,25,2026-06-08T22:40:32.689Z,2026-06-08T22:40:34.733Z,2043.7000000029802,[]
60ef61c2-a8f5-4f08-9d7f-ed8f1df72e88,7,5,,ha,5,0.3.0-v2,2,false,0,false,25,normal,7-r2-rain,0.36230391324795125,mid,7-r2-price,0.3546546599861711,8,1,25,2026-06-08T22:40:40.741Z,2026-06-08T22:40:43.196Z,2454.39999999851,[]
60ef61c2-a8f5-4f08-9d7f-ed8f1df72e88,7,5,,ha,5,0.3.0-v2,3,false,1,true,24,good,7-r3-rain,0.27053448223069665,high,7-r3-price,0.01927367714033901,14.142,1.6,27.4272,2026-06-08T22:40:47.762Z,2026-06-08T22:40:50.381Z,2619.60000000149,"[{""t"":1511131.599999994,""value"":1}]"
60ef61c2-a8f5-4f08-9d7f-ed8f1df72e88,7,5,,ha,5,0.3.0-v2,4,false,0,false,25,drought,7-r4-rain,0.9964249321501298,high,7-r4-price,0.07561622701947683,2,1.6,25,2026-06-08T22:40:54.554Z,2026-06-08T22:40:57.029Z,2474.5,[]
60ef61c2-a8f5-4f08-9d7f-ed8f1df72e88,7,5,,ha,5,0.3.0-v2,5,false,8,true,17,good,7-r5-rain,0.49569201959738723,mid,7-r5-price,0.7153573100355498,25.216,1,30.216,2026-06-08T22:41:03.429Z,2026-06-08T22:41:07.996Z,4567.39999999851,"[{""t"":1527023.799999997,""value"":1},{""t"":1527283.3999999985,""value"":2},{""t"":1527646.1999999955,""value"":3},{""t"":1527846.599999994,""value"":4},{""t"":1528038.599999994,""value"":5},{""t"":1528481.5,""value"":6},{""t"":1528873.1999999955,""value"":7},{""t"":1529233.6999999955,""value"":8}]"
60ef61c2-a8f5-4f08-9d7f-ed8f1df72e88,7,5,,ha,5,0.3.0-v2,6,false,1,true,24,normal,7-r6-rain,0.7382604413449899,mid,7-r6-price,0.4614593780609048,9.53,1,25.53,2026-06-08T22:41:12.431Z,2026-06-08T22:41:14.804Z,2373,"[{""t"":1535930.599999994,""value"":1}]"
60ef61c2-a8f5-4f08-9d7f-ed8f1df72e88,7,5,,ha,5,0.3.0-v2,7,false,0,false,25,drought,7-r7-rain,0.6816653514303714,mid,7-r7-price,0.6574701320909961,2,1,25,2026-06-08T22:41:19.255Z,2026-06-08T22:41:21.237Z,1981.8999999985099,[]
60ef61c2-a8f5-4f08-9d7f-ed8f1df72e88,7,5,,ha,5,0.3.0-v2,8,false,5,true,20,drought,7-r8-rain,0.8664282221830565,high,7-r8-price,0.2864337285051152,2,1.6,20,2026-06-08T22:41:26.687Z,2026-06-08T22:41:30.601Z,3913.2999999970198,"[{""t"":1550041,""value"":1},{""t"":1550466.1999999955,""value"":2},{""t"":1550710.1999999955,""value"":3},{""t"":1551166.099999994,""value"":4},{""t"":1551889.099999994,""value"":5}]"
60ef61c2-a8f5-4f08-9d7f-ed8f1df72e88,7,5,,ha,5,0.3.0-v2,9,false,0,false,25,drought,7-r9-rain,0.6394060959649641,low,7-r9-price,0.6008730110236329,2,0.6,25,2026-06-08T22:41:35.299Z,2026-06-08T22:41:37.833Z,2533.7000000029802,[]
23fce95c-7022-44af-9b32-3683518f7ade,7,5,,ha,5,0.3.0-v2,practice,true,0,false,25,drought,7-rpractice-rain,0.9330238725554272,high,7-rpractice-price,0.17523928332113003,2,1.6,25,2026-06-08T22:41:59.376Z,2026-06-08T22:42:01.965Z,2588.89999999851,[]
23fce95c-7022-44af-9b32-3683518f7ade,7,5,,ha,5,0.3.0-v2,0,false,0,false,25,good,7-r0-rain,0.009204677629872645,mid,7-r0-price,0.6575254852752398,12,1,25,2026-06-08T22:42:05.468Z,2026-06-08T22:42:07.367Z,1899.5,[]
23fce95c-7022-44af-9b32-3683518f7ade,7,5,,ha,5,0.3.0-v2,1,false,0,false,25,normal,7-r1-rain,0.5908456895450107,low,7-r1-price,0.7381618061910779,8,0.6,25,2026-06-08T22:42:10.621Z,2026-06-08T22:42:12.718Z,2097.0999999940395,[]
23fce95c-7022-44af-9b32-3683518f7ade,7,5,,ha,5,0.3.0-v2,2,false,0,false,25,normal,7-r2-rain,0.36230391324795125,mid,7-r2-price,0.3546546599861711,8,1,25,2026-06-08T22:42:16.206Z,2026-06-08T22:42:18.628Z,2422.5,[]
23fce95c-7022-44af-9b32-3683518f7ade,7,5,,ha,5,0.3.0-v2,3,false,0,false,25,good,7-r3-rain,0.27053448223069665,high,7-r3-price,0.01927367714033901,12,1.6,25,2026-06-08T22:42:21.800Z,2026-06-08T22:42:23.799Z,1999.3999999985099,[]
23fce95c-7022-44af-9b32-3683518f7ade,7,5,,ha,5,0.3.0-v2,4,false,0,false,25,drought,7-r4-rain,0.9964249321501298,high,7-r4-price,0.07561622701947683,2,1.6,25,2026-06-08T22:42:27.615Z,2026-06-08T22:42:29.792Z,2177.3000000044703,[]
23fce95c-7022-44af-9b32-3683518f7ade,7,5,,ha,5,0.3.0-v2,5,false,0,false,25,good,7-r5-rain,0.49569201959738723,mid,7-r5-price,0.7153573100355498,12,1,25,2026-06-08T22:42:34.588Z,2026-06-08T22:42:36.602Z,2013.8000000044703,[]
23fce95c-7022-44af-9b32-3683518f7ade,7,5,,ha,5,0.3.0-v2,6,false,0,false,25,normal,7-r6-rain,0.7382604413449899,mid,7-r6-price,0.4614593780609048,8,1,25,2026-06-08T22:42:40.170Z,2026-06-08T22:42:42.265Z,2095.4000000059605,[]
23fce95c-7022-44af-9b32-3683518f7ade,7,5,,ha,5,0.3.0-v2,7,false,0,false,25,drought,7-r7-rain,0.6816653514303714,mid,7-r7-price,0.6574701320909961,2,1,25,2026-06-08T22:42:45.801Z,2026-06-08T22:42:48.060Z,2258.89999999851,[]
23fce95c-7022-44af-9b32-3683518f7ade,7,5,,ha,5,0.3.0-v2,8,false,0,false,25,drought,7-r8-rain,0.8664282221830565,high,7-r8-price,0.2864337285051152,2,1.6,25,2026-06-08T22:42:51.450Z,2026-06-08T22:42:53.396Z,1946.1000000014901,[]
23fce95c-7022-44af-9b32-3683518f7ade,7,5,,ha,5,0.3.0-v2,9,false,0,false,25,drought,7-r9-rain,0.6394060959649641,low,7-r9-price,0.6008730110236329,2,0.6,25,2026-06-08T22:42:57.210Z,2026-06-08T22:42:59.126Z,1915.8999999985099,[]
ab0eb58e-9e06-4dd1-958b-ab9de4d3b1b6,BA020501,ENUM201,,en,5,0.3.0-v2,practice,true,1,true,24,good,BA020501-rpractice-rain,0.25507014906526343,high,BA020501-rpractice-price,0.0450100314304092,14.142,1.6,27.4272,2026-06-10T17:43:28.801Z,2026-06-10T17:43:28.801Z,0.10000000894069672,"[{""t"":36535.5,""value"":1}]"
ab0eb58e-9e06-4dd1-958b-ab9de4d3b1b6,BA020501,ENUM201,,en,5,0.3.0-v2,0,false,3,true,22,good,BA020501-r0-rain,0.4086821820509015,low,BA020501-r0-price,0.725743816453226,18.006,0.6,25.6036,2026-06-10T17:43:44.187Z,2026-06-10T17:44:36.880Z,52692.5,"[{""t"":105628.10000000894,""value"":1},{""t"":106264,""value"":2},{""t"":106918.10000000894,""value"":3}]"
ab0eb58e-9e06-4dd1-958b-ab9de4d3b1b6,BA020501,ENUM201,,en,5,0.3.0-v2,1,false,0,false,25,normal,BA020501-r1-rain,0.5304113527967025,mid,BA020501-r1-price,0.543153527644925,8,1,25,2026-06-10T17:44:46.521Z,2026-06-10T17:45:01.282Z,14761.29999999702,[]
ab0eb58e-9e06-4dd1-958b-ab9de4d3b1b6,BA020501,ENUM201,,en,5,0.3.0-v2,2,false,0,false,25,drought,BA020501-r2-rain,0.9559756648391299,mid,BA020501-r2-price,0.6984005535941168,2,1,25,2026-06-10T17:45:07.981Z,2026-06-10T17:45:30.751Z,22769.59999999404,[]
ab0eb58e-9e06-4dd1-958b-ab9de4d3b1b6,BA020501,ENUM201,,en,5,0.3.0-v2,3,false,1,true,24,drought,BA020501-r3-rain,0.9821780578289926,mid,BA020501-r3-price,0.436680197286978,2,1,24,2026-06-10T17:45:54.976Z,2026-06-10T17:46:05.845Z,10869,"[{""t"":195068,""value"":1}]"
ab0eb58e-9e06-4dd1-958b-ab9de4d3b1b6,BA020501,ENUM201,,en,5,0.3.0-v2,4,false,0,false,25,normal,BA020501-r4-rain,0.694122691920103,low,BA020501-r4-price,0.7589585701932821,8,0.6,25,2026-06-10T17:46:22.657Z,2026-06-10T17:46:41.301Z,18643.29999999702,[]
ab0eb58e-9e06-4dd1-958b-ab9de4d3b1b6,BA020501,ENUM201,,en,5,0.3.0-v2,5,false,2,true,23,good,BA020501-r5-rain,0.2977297109022783,mid,BA020501-r5-price,0.531482994219397,16.144,1,27.144,2026-06-10T17:46:51.319Z,2026-06-10T17:47:11.356Z,20036.59999999404,"[{""t"":258056.70000000298,""value"":1},{""t"":260593.10000000894,""value"":2}]"
ab0eb58e-9e06-4dd1-958b-ab9de4d3b1b6,BA020501,ENUM201,,en,5,0.3.0-v2,6,false,2,true,23,drought,BA020501-r6-rain,0.9818329097404683,high,BA020501-r6-price,0.037394529088178315,2,1.6,23,2026-06-10T17:47:18.018Z,2026-06-10T17:47:34.369Z,16351.29999999702,"[{""t"":281563,""value"":1},{""t"":282921.200000003,""value"":2}]"
ab0eb58e-9e06-4dd1-958b-ab9de4d3b1b6,BA020501,ENUM201,,en,5,0.3.0-v2,7,false,3,true,22,normal,BA020501-r7-rain,0.40129714603374944,low,BA020501-r7-price,0.9766429137073847,12.29,0.6,24.573999999999998,2026-06-10T17:47:44.830Z,2026-06-10T17:48:06.683Z,21852.20000000298,"[{""t"":313762.10000000894,""value"":1},{""t"":315035.200000003,""value"":2},{""t"":315819.90000000596,""value"":3}]"
ab0eb58e-9e06-4dd1-958b-ab9de4d3b1b6,BA020501,ENUM201,,en,5,0.3.0-v2,8,false,1,true,24,good,BA020501-r8-rain,0.17983725682425614,low,BA020501-r8-price,0.8043814313544707,14.142,0.6,25.2852,2026-06-10T17:48:20.352Z,2026-06-10T17:48:43.299Z,22946.79999999702,"[{""t"":334387,""value"":1}]"
ab0eb58e-9e06-4dd1-958b-ab9de4d3b1b6,BA020501,ENUM201,,en,5,0.3.0-v2,9,false,2,true,23,normal,BA020501-r9-rain,0.4217458383185648,mid,BA020501-r9-price,0.28695887570254086,10.96,1,25.96,2026-06-10T17:48:55.231Z,2026-06-10T17:49:07.444Z,12213.09999999404,"[{""t"":375143.8000000119,""value"":1},{""t"":376272.40000000596,""value"":2}]"
226e27ae-4e01-4940-92f8-14abeb0ddd85,1,2,,en,5,0.3.0-v2,practice,true,0,false,25,good,1-rpractice-rain,0.5337972924628342,low,1-rpractice-price,0.9612583808420218,12,0.6,25,2026-06-04T21:29:33.220Z,2026-06-04T21:29:50.383Z,17162.099999999627,[]
226e27ae-4e01-4940-92f8-14abeb0ddd85,1,2,,en,5,0.3.0-v2,0,false,7,true,18,normal,1-r0-rain,0.8379665678707459,mid,1-r0-price,0.24216923365819493,16.61,1,26.61,2026-06-04T21:30:09.117Z,2026-06-04T21:30:46.409Z,37292.5,"[{""t"":254208.2000000002,""value"":1},{""t"":254969.40000000037,""value"":2},{""t"":255395.90000000037,""value"":3},{""t"":255772.2999999998,""value"":4},{""t"":256658.40000000037,""value"":5},{""t"":257097.5,""value"":6},{""t"":257703.2000000002,""value"":7}]"
226e27ae-4e01-4940-92f8-14abeb0ddd85,1,2,,en,5,0.3.0-v2,1,false,6,true,19,good,1-r1-rain,0.23706354558248954,mid,1-r1-price,0.34295338503104394,22.752,1,29.752,2026-06-04T21:31:08.440Z,2026-06-04T21:32:01.934Z,53494.40000000037,"[{""t"":317373.60000000056,""value"":1},{""t"":318565.9000000004,""value"":2},{""t"":318957.2999999998,""value"":3},{""t"":319562.4000000004,""value"":4},{""t"":320986.9000000004,""value"":5},{""t"":336426.2000000002,""value"":6},{""t"":337110.4000000004,""value"":7},{""t"":339374.2000000002,""value"":6},{""t"":340565.9000000004,""value"":5},{""t"":342207.60000000056,""value"":6}]"
226e27ae-4e01-4940-92f8-14abeb0ddd85,1,2,,en,5,0.3.0-v2,2,false,7,true,18,good,1-r2-rain,0.24149382097008812,high,1-r2-price,0.07274077384941989,24.054,1.6,37.2864,2026-06-04T21:32:58.130Z,2026-06-04T21:33:15.614Z,17483.900000000373,"[{""t"":415818.2999999998,""value"":1},{""t"":416338,""value"":2},{""t"":416828.9000000004,""value"":3},{""t"":417748.5,""value"":4},{""t"":418170.7999999998,""value"":5},{""t"":418678.2999999998,""value"":6},{""t"":419202,""value"":7},{""t"":419693.7999999998,""value"":8},{""t"":420479.60000000056,""value"":9},{""t"":421710.2999999998,""value"":10},{""t"":424673.9000000004,""value"":9},{""t"":425995.2000000002,""value"":8},{""t"":427893.2999999998,""value"":7}]"
226e27ae-4e01-4940-92f8-14abeb0ddd85,1,2,,en,5,0.3.0-v2,3,false,10,true,15,good,1-r3-rain,0.3320177380356095,high,1-r3-price,0.09158007471733934,27.119999999999997,1.6,39.19199999999999,2026-06-04T21:33:35.731Z,2026-06-04T21:34:10.793Z,35062.299999999814,"[{""t"":466941.60000000056,""value"":1},{""t"":467965.4000000004,""value"":2},{""t"":468228,""value"":3},{""t"":470097.10000000056,""value"":4},{""t"":480489.2000000002,""value"":5},{""t"":480997.4000000004,""value"":6},{""t"":481243.60000000056,""value"":7},{""t"":481519.60000000056,""value"":8},{""t"":483043.4000000004,""value"":9},{""t"":483371.7000000002,""value"":10}]"
226e27ae-4e01-4940-92f8-14abeb0ddd85,1,2,,en,5,0.3.0-v2,4,false,5,true,20,drought,1-r4-rain,0.9521624049175255,low,1-r4-price,0.9199897495526025,2,0.6,20,2026-06-04T21:34:32.433Z,2026-06-04T21:34:43.105Z,10671.599999999627,"[{""t"":509432.5,""value"":1},{""t"":509821.60000000056,""value"":2},{""t"":511660.60000000056,""value"":3},{""t"":512491.2000000002,""value"":4},{""t"":512981.5,""value"":5}]"
226e27ae-4e01-4940-92f8-14abeb0ddd85,1,2,,en,5,0.3.0-v2,5,false,10,true,15,good,1-r5-rain,0.3259724922112453,high,1-r5-price,0.19611408880346964,27.119999999999997,1.6,39.19199999999999,2026-06-04T21:34:58.706Z,2026-06-04T21:35:13.518Z,14811.799999999814,"[{""t"":541308.6000000006,""value"":1},{""t"":542055.4000000004,""value"":2},{""t"":543231.5,""value"":3},{""t"":543558.2999999998,""value"":4},{""t"":544247.9000000004,""value"":5},{""t"":544985.5,""value"":6},{""t"":545375.9000000004,""value"":7},{""t"":545636.7999999998,""value"":8},{""t"":545946.7000000002,""value"":9},{""t"":546718.2999999998,""value"":10}]"
226e27ae-4e01-4940-92f8-14abeb0ddd85,1,2,,en,5,0.3.0-v2,6,false,7,true,18,good,1-r6-rain,0.005184981925122793,mid,1-r6-price,0.3669371760520247,24.054,1,30.054,2026-06-04T21:35:24.878Z,2026-06-04T21:35:35.126Z,10248.400000000373,"[{""t"":565287.5,""value"":1},{""t"":565869.9000000004,""value"":2},{""t"":566430,""value"":3},{""t"":567605.1000000006,""value"":4},{""t"":567785.7999999998,""value"":5},{""t"":568030.2999999998,""value"":6},{""t"":568275.7000000002,""value"":7}]"
226e27ae-4e01-4940-92f8-14abeb0ddd85,1,2,,en,5,0.3.0-v2,7,false,3,true,22,normal,1-r7-rain,0.36583686676033306,high,1-r7-price,0.18971037663257187,12.29,1.6,28.863999999999997,2026-06-04T21:35:46.783Z,2026-06-04T21:35:55.638Z,8854.700000000186,"[{""t"":587055.1000000006,""value"":1},{""t"":588019.7999999998,""value"":2},{""t"":588360.5,""value"":3}]"
226e27ae-4e01-4940-92f8-14abeb0ddd85,1,2,,en,5,0.3.0-v2,8,false,8,true,17,good,1-r8-rain,0.12721990013067125,mid,1-r8-price,0.587859106477554,25.216,1,30.216,2026-06-04T21:36:03.836Z,2026-06-04T21:36:18.636Z,14800.099999999627,"[{""t"":601052.1000000006,""value"":1},{""t"":601461.2000000002,""value"":2},{""t"":601766.1000000006,""value"":3},{""t"":602323.6000000006,""value"":4},{""t"":609870.5,""value"":5},{""t"":610132.7999999998,""value"":6},{""t"":610411,""value"":7},{""t"":611428.1000000006,""value"":8}]"
226e27ae-4e01-4940-92f8-14abeb0ddd85,1,2,,en,5,0.3.0-v2,9,false,0,false,25,good,1-r9-rain,0.149290370714575,mid,1-r9-price,0.37412963390109694,12,1,25,2026-06-04T21:36:32.699Z,2026-06-04T21:36:59.935Z,27236.199999999255,"[{""t"":641890.6000000006,""value"":1},{""t"":653318.7999999998,""value"":0}]"
e470e334-74b5-4ecd-9166-819b3302018a,1,2,,en,5,0.3.0-v2,practice,true,9,true,16,good,1-rpractice-rain,0.5337972924628342,low,1-rpractice-price,0.9612583808420218,26.238,0.6,24.5428,2026-06-05T13:19:13.654Z,2026-06-05T13:19:29.807Z,16152.799999999814,"[{""t"":109383.40000000037,""value"":1},{""t"":109672.20000000019,""value"":2},{""t"":109935.70000000019,""value"":3},{""t"":110395.90000000037,""value"":4},{""t"":116273.40000000037,""value"":5},{""t"":116664.40000000037,""value"":6},{""t"":117221.60000000056,""value"":7},{""t"":117778.10000000056,""value"":8},{""t"":118137.20000000019,""value"":9}]"
e470e334-74b5-4ecd-9166-819b3302018a,1,2,,en,5,0.3.0-v2,0,false,8,true,17,normal,1-r0-rain,0.8379665678707459,mid,1-r0-price,0.24216923365819493,17.44,1,26.44,2026-06-05T13:19:46.096Z,2026-06-05T13:19:53.934Z,7838.299999998882,"[{""t"":140600.90000000037,""value"":1},{""t"":140889,""value"":2},{""t"":141083.5,""value"":3},{""t"":141363.80000000075,""value"":4},{""t"":141808.90000000037,""value"":5},{""t"":142005,""value"":6},{""t"":142431.30000000075,""value"":7},{""t"":142920.59999999963,""value"":8}]"
e470e334-74b5-4ecd-9166-819b3302018a,1,2,,en,5,0.3.0-v2,1,false,0,false,25,good,1-r1-rain,0.23706354558248954,mid,1-r1-price,0.34295338503104394,12,1,25,2026-06-05T13:20:15.724Z,2026-06-05T13:20:28.770Z,13045.099999999627,"[{""t"":174645.59999999963,""value"":1},{""t"":175184.20000000112,""value"":2},{""t"":178232.59999999963,""value"":1},{""t"":178766.30000000075,""value"":0}]"
e470e334-74b5-4ecd-9166-819b3302018a,1,2,,en,5,0.3.0-v2,2,false,8,true,17,good,1-r2-rain,0.24149382097008812,high,1-r2-price,0.07274077384941989,25.216,1.6,38.1456,2026-06-05T13:21:14.419Z,2026-06-05T13:21:22.195Z,7775.4000000003725,"[{""t"":226967.80000000075,""value"":1},{""t"":227266.20000000112,""value"":2},{""t"":227496.40000000037,""value"":3},{""t"":228711.40000000037,""value"":4},{""t"":229873.40000000037,""value"":5},{""t"":230231.80000000075,""value"":6},{""t"":230590.70000000112,""value"":7},{""t"":230918,""value"":8}]"
e470e334-74b5-4ecd-9166-819b3302018a,1,2,,en,5,0.3.0-v2,3,false,9,true,16,good,1-r3-rain,0.3320177380356095,high,1-r3-price,0.09158007471733934,26.238,1.6,38.7808,2026-06-05T13:21:36.159Z,2026-06-05T13:22:12.119Z,35959.300000000745,"[{""t"":255399.40000000037,""value"":1},{""t"":255931.59999999963,""value"":2},{""t"":257043.40000000037,""value"":3},{""t"":257254.59999999963,""value"":4},{""t"":257486,""value"":5},{""t"":257698.5,""value"":6},{""t"":257912.70000000112,""value"":7},{""t"":258140.30000000075,""value"":8},{""t"":258385.59999999963,""value"":9}]"
e470e334-74b5-4ecd-9166-819b3302018a,1,2,,en,5,0.3.0-v2,4,false,6,true,19,drought,1-r4-rain,0.9521624049175255,low,1-r4-price,0.9199897495526025,2,0.6,19,2026-06-05T13:22:20.144Z,2026-06-05T13:22:56.415Z,36270.5,"[{""t"":322259.5,""value"":1},{""t"":322570.2000000011,""value"":2},{""t"":322814,""value"":3},{""t"":323043.30000000075,""value"":4},{""t"":323306.5,""value"":5},{""t"":324520.80000000075,""value"":6}]"
e470e334-74b5-4ecd-9166-819b3302018a,1,2,,en,5,0.3.0-v2,5,false,10,true,15,good,1-r5-rain,0.3259724922112453,high,1-r5-price,0.19611408880346964,27.119999999999997,1.6,39.19199999999999,2026-06-05T13:23:07.382Z,2026-06-05T13:23:24.997Z,17614.900000000373,"[{""t"":346458.5,""value"":1},{""t"":347518.30000000075,""value"":2},{""t"":348124.4000000004,""value"":3},{""t"":348286.7000000011,""value"":4},{""t"":348564.4000000004,""value"":5},{""t"":349254,""value"":6},{""t"":349497,""value"":7},{""t"":349727,""value"":8},{""t"":349955.9000000004,""value"":9},{""t"":350216.5,""value"":10}]"
e470e334-74b5-4ecd-9166-819b3302018a,1,2,,en,5,0.3.0-v2,6,false,8,true,17,good,1-r6-rain,0.005184981925122793,mid,1-r6-price,0.3669371760520247,25.216,1,30.216,2026-06-05T13:23:49.207Z,2026-06-05T13:23:54.362Z,5155.0999999996275,"[{""t"":381095,""value"":1},{""t"":381616.9000000004,""value"":2},{""t"":381858.80000000075,""value"":3},{""t"":382136.30000000075,""value"":4},{""t"":382368.30000000075,""value"":5},{""t"":382596.2000000011,""value"":6},{""t"":382824.9000000004,""value"":7},{""t"":383416.4000000004,""value"":8}]"
e470e334-74b5-4ecd-9166-819b3302018a,1,2,,en,5,0.3.0-v2,7,false,6,true,19,normal,1-r7-rain,0.36583686676033306,high,1-r7-price,0.18971037663257187,15.68,1.6,31.288,2026-06-05T13:24:01.436Z,2026-06-05T13:25:43.822Z,86339.30000000075,"[{""t"":474195.5999999996,""value"":1},{""t"":475045.30000000075,""value"":2},{""t"":475321.5,""value"":3},{""t"":475550.30000000075,""value"":4},{""t"":475779.9000000004,""value"":5},{""t"":476272.4000000004,""value"":6}]"
e470e334-74b5-4ecd-9166-819b3302018a,1,2,,en,5,0.3.0-v2,8,false,10,true,15,good,1-r8-rain,0.12721990013067125,mid,1-r8-price,0.587859106477554,27.119999999999997,1,30.119999999999997,2026-06-05T13:25:53.331Z,2026-06-05T13:26:13.481Z,20149.900000000373,"[{""t"":503464.9000000004,""value"":1},{""t"":503852.30000000075,""value"":2},{""t"":504476.9000000004,""value"":3},{""t"":504688.0999999996,""value"":4},{""t"":504884.2000000011,""value"":5},{""t"":505081.0999999996,""value"":6},{""t"":505278.30000000075,""value"":7},{""t"":505475.0999999996,""value"":8},{""t"":505687.5999999996,""value"":9},{""t"":506060.30000000075,""value"":10}]"
e470e334-74b5-4ecd-9166-819b3302018a,1,2,,en,5,0.3.0-v2,9,false,5,true,20,good,1-r9-rain,0.149290370714575,mid,1-r9-price,0.37412963390109694,21.310000000000002,1,29.310000000000002,2026-06-05T13:26:35.088Z,2026-06-05T13:54:48.646Z,363558.4000000004,"[{""t"":885522.7000000011,""value"":1},{""t"":885806.9000000004,""value"":2},{""t"":886069,""value"":3},{""t"":886346.7000000011,""value"":4},{""t"":886609.0999999996,""value"":5}]"
ead5c7fb-a853-4f03-bc56-4d01ad77198e,2,2,,en,5,0.3.0-v2,practice,true,10,true,15,good,2-rpractice-rain,0.28465667075262824,mid,2-rpractice-price,0.6294311629844843,27.119999999999997,1,30.119999999999997,2026-06-08T12:27:12.073Z,2026-06-08T12:27:12.073Z,0,"[{""t"":11602.60000000149,""value"":1},{""t"":11908.800000000745,""value"":2},{""t"":12203.400000002235,""value"":3},{""t"":12431.20000000298,""value"":4},{""t"":12662.20000000298,""value"":5},{""t"":12878.900000002235,""value"":6},{""t"":13070.900000002235,""value"":7},{""t"":13251.70000000298,""value"":8},{""t"":13397,""value"":9},{""t"":13579,""value"":10}]"
ead5c7fb-a853-4f03-bc56-4d01ad77198e,2,2,,en,5,0.3.0-v2,0,false,1,true,24,good,2-r0-rain,0.1697633019377156,mid,2-r0-price,0.28390705160251317,14.142,1,26.142,2026-06-08T12:29:39.757Z,2026-06-08T12:29:43.471Z,3713.7000000029802,"[{""t"":9826.599999997765,""value"":1}]"
ead5c7fb-a853-4f03-bc56-4d01ad77198e,2,2,,en,5,0.3.0-v2,1,false,0,false,25,normal,2-r1-rain,0.6264214831209145,mid,2-r1-price,0.1967699770324429,8,1,25,2026-06-08T12:29:47.629Z,2026-06-08T12:29:50.919Z,3289.699999999255,[]
ead5c7fb-a853-4f03-bc56-4d01ad77198e,2,2,,en,5,0.3.0-v2,2,false,0,false,25,good,2-r2-rain,0.23789922327917573,low,2-r2-price,0.8778771995756699,12,0.6,25,2026-06-08T12:29:55.617Z,2026-06-08T12:30:00.870Z,5253.300000000745,[]
ead5c7fb-a853-4f03-bc56-4d01ad77198e,2,2,,en,5,0.3.0-v2,3,false,0,false,25,normal,2-r3-rain,0.6482953145693964,low,2-r3-price,0.8823160446132449,8,0.6,25,2026-06-08T12:30:07.383Z,2026-06-08T12:30:09.382Z,1998.6000000014901,[]
ead5c7fb-a853-4f03-bc56-4d01ad77198e,2,2,,en,5,0.3.0-v2,4,false,0,false,25,good,2-r4-rain,0.14906981491493973,mid,2-r4-price,0.2887288136077382,12,1,25,2026-06-08T12:30:15.110Z,2026-06-08T12:30:23.525Z,8414.60000000149,[]
ead5c7fb-a853-4f03-bc56-4d01ad77198e,2,2,,en,5,0.3.0-v2,5,false,0,false,25,good,2-r5-rain,0.6293526125644215,mid,2-r5-price,0.6586312644891502,12,1,25,2026-06-08T12:30:31.874Z,2026-06-08T12:30:34.771Z,2896.900000002235,[]
ead5c7fb-a853-4f03-bc56-4d01ad77198e,2,2,,en,5,0.3.0-v2,6,false,0,false,25,drought,2-r6-rain,0.9732183932942823,low,2-r6-price,0.9956437084437086,2,0.6,25,2026-06-08T12:30:40.027Z,2026-06-08T12:30:42.284Z,2256.89999999851,[]
ead5c7fb-a853-4f03-bc56-4d01ad77198e,2,2,,en,5,0.3.0-v2,7,false,0,false,25,good,2-r7-rain,0.03852359817917051,mid,2-r7-price,0.33628275230102855,12,1,25,2026-06-08T12:30:46.261Z,2026-06-08T12:30:48.504Z,2243.5,[]
ead5c7fb-a853-4f03-bc56-4d01ad77198e,2,2,,en,5,0.3.0-v2,8,false,0,false,25,good,2-r8-rain,0.3195229438969949,high,2-r8-price,0.243481955685877,12,1.6,25,2026-06-08T12:30:52.287Z,2026-06-08T12:30:54.266Z,1978.699999999255,[]
ead5c7fb-a853-4f03-bc56-4d01ad77198e,2,2,,en,5,0.3.0-v2,9,false,0,false,25,good,2-r9-rain,0.3484180862980674,low,2-r9-price,0.7792710530665375,12,0.6,25,2026-06-08T12:30:58.262Z,2026-06-08T12:31:00.076Z,1813.8999999985099,[]
45a1a1c8-08a1-4f4a-b9e7-c25dfd00b98b,101,Enum207,,ha,5,0.3.0-v2,practice,true,5,true,20,normal,101-rpractice-rain,0.7588697413405602,low,101-rpractice-price,0.7928717711883074,14.65,0.6,23.990000000000002,2026-06-08T20:55:42.147Z,2026-06-08T20:55:50.237Z,8089,"[{""t"":52490.300000000745,""value"":1},{""t"":53289.60000000149,""value"":2},{""t"":54160.300000000745,""value"":3},{""t"":54419.800000000745,""value"":4},{""t"":54894.60000000149,""value"":5}]"
45a1a1c8-08a1-4f4a-b9e7-c25dfd00b98b,101,Enum207,,ha,5,0.3.0-v2,0,false,10,true,15,normal,101-r0-rain,0.7600519445582543,high,101-r0-price,0.1047124485927891,18.8,1.6,32.28,2026-06-08T20:56:10.467Z,2026-06-08T20:56:24.365Z,13897.5,"[{""t"":81774.70000000298,""value"":1},{""t"":82133.20000000298,""value"":2},{""t"":82626.70000000298,""value"":3},{""t"":83297.30000000075,""value"":4},{""t"":83556.40000000224,""value"":5},{""t"":83949.30000000075,""value"":6},{""t"":84260.40000000224,""value"":7},{""t"":84539.20000000298,""value"":8},{""t"":84849.60000000149,""value"":9},{""t"":86256.40000000224,""value"":10}]"
45a1a1c8-08a1-4f4a-b9e7-c25dfd00b98b,101,Enum207,,ha,5,0.3.0-v2,1,false,5,true,20,good,101-r1-rain,0.02486645249761393,mid,101-r1-price,0.563735837794239,21.310000000000002,1,29.310000000000002,2026-06-08T20:56:35.102Z,2026-06-08T20:56:50.261Z,15159.300000000745,"[{""t"":105248,""value"":1},{""t"":105655.30000000075,""value"":2},{""t"":105917.5,""value"":3},{""t"":106294.60000000149,""value"":4},{""t"":106784.70000000298,""value"":5}]"
45a1a1c8-08a1-4f4a-b9e7-c25dfd00b98b,101,Enum207,,ha,5,0.3.0-v2,2,false,7,true,18,good,101-r2-rain,0.08576601890828217,mid,101-r2-price,0.3440912958665206,24.054,1,30.054,2026-06-08T20:56:58.692Z,2026-06-08T20:57:05.583Z,6891.10000000149,"[{""t"":128525.70000000298,""value"":1},{""t"":128916.60000000149,""value"":2},{""t"":129556.80000000075,""value"":3},{""t"":130440.40000000224,""value"":4},{""t"":130668,""value"":5},{""t"":131028,""value"":6},{""t"":131584.40000000224,""value"":7}]"
45a1a1c8-08a1-4f4a-b9e7-c25dfd00b98b,101,Enum207,,ha,5,0.3.0-v2,3,false,8,true,17,normal,101-r3-rain,0.6172975160959251,high,101-r3-price,0.11922879431662801,17.44,1.6,32.104,2026-06-08T20:57:13.276Z,2026-06-08T20:57:20.118Z,6842.300000000745,"[{""t"":143668.90000000224,""value"":1},{""t"":143999.30000000075,""value"":2},{""t"":144269.30000000075,""value"":3},{""t"":144548.6000000015,""value"":4},{""t"":144827.6000000015,""value"":5},{""t"":145088.5,""value"":6},{""t"":145678.40000000224,""value"":7},{""t"":146272.1000000015,""value"":8}]"
45a1a1c8-08a1-4f4a-b9e7-c25dfd00b98b,101,Enum207,,ha,5,0.3.0-v2,4,false,3,true,22,normal,101-r4-rain,0.5251051937779383,low,101-r4-price,0.780195434083888,12.29,0.6,24.573999999999998,2026-06-08T20:57:32.608Z,2026-06-08T20:57:40.469Z,7861.199999999255,"[{""t"":164947.40000000224,""value"":1},{""t"":165467.70000000298,""value"":2},{""t"":166761.80000000075,""value"":3}]"
45a1a1c8-08a1-4f4a-b9e7-c25dfd00b98b,101,Enum207,,ha,5,0.3.0-v2,5,false,10,true,15,drought,101-r5-rain,0.9922936130804636,high,101-r5-price,0.08038569468457657,2,1.6,15,2026-06-08T20:57:48.930Z,2026-06-08T20:57:55.428Z,6497.39999999851,"[{""t"":178877,""value"":1},{""t"":179234.70000000298,""value"":2},{""t"":179497.30000000075,""value"":3},{""t"":179774.80000000075,""value"":4},{""t"":180020.30000000075,""value"":5},{""t"":180249.80000000075,""value"":6},{""t"":180528.6000000015,""value"":7},{""t"":180790.30000000075,""value"":8},{""t"":181333.1000000015,""value"":9},{""t"":181870.40000000224,""value"":10}]"
45a1a1c8-08a1-4f4a-b9e7-c25dfd00b98b,101,Enum207,,ha,5,0.3.0-v2,6,false,4,true,21,drought,101-r6-rain,0.9925278761839031,high,101-r6-price,0.05003783186112624,2,1.6,21,2026-06-08T20:58:10.502Z,2026-06-08T20:58:15.315Z,4812,"[{""t"":200533.1000000015,""value"":1},{""t"":200859.40000000224,""value"":2},{""t"":201120.20000000298,""value"":3},{""t"":201841.40000000224,""value"":4}]"
45a1a1c8-08a1-4f4a-b9e7-c25dfd00b98b,101,Enum207,,ha,5,0.3.0-v2,7,false,3,true,22,normal,101-r7-rain,0.5466198464061436,low,101-r7-price,0.9075453559331627,12.29,0.6,24.573999999999998,2026-06-08T20:58:28.231Z,2026-06-08T20:58:32.081Z,3849.2000000029802,"[{""t"":218292.80000000075,""value"":1},{""t"":218585.20000000298,""value"":2},{""t"":218864.1000000015,""value"":3}]"
45a1a1c8-08a1-4f4a-b9e7-c25dfd00b98b,101,Enum207,,ha,5,0.3.0-v2,8,false,8,true,17,normal,101-r8-rain,0.5102276836052206,mid,101-r8-price,0.4538899130493132,17.44,1,26.44,2026-06-08T20:58:41.259Z,2026-06-08T20:58:48.217Z,6957.699999999255,"[{""t"":230963.40000000224,""value"":1},{""t"":231287.20000000298,""value"":2},{""t"":231783.6000000015,""value"":3},{""t"":232075.70000000298,""value"":4},{""t"":232322,""value"":5},{""t"":232647.70000000298,""value"":6},{""t"":233906.90000000224,""value"":7},{""t"":234367,""value"":8}]"
45a1a1c8-08a1-4f4a-b9e7-c25dfd00b98b,101,Enum207,,ha,5,0.3.0-v2,9,false,1,true,24,good,101-r9-rain,0.1872611342650122,mid,101-r9-price,0.5930547784003533,14.142,1,26.142,2026-06-08T20:59:09.481Z,2026-06-08T20:59:33.920Z,24438.900000002235,"[{""t"":260054,""value"":1},{""t"":260327.1000000015,""value"":2},{""t"":260583.40000000224,""value"":3},{""t"":260834.30000000075,""value"":4},{""t"":261080.1000000015,""value"":5},{""t"":261325.5,""value"":6},{""t"":261571.80000000075,""value"":7},{""t"":261867,""value"":8},{""t"":262161.30000000075,""value"":9},{""t"":267744.200000003,""value"":8},{""t"":268038,""value"":7},{""t"":268333.200000003,""value"":6},{""t"":268842.1000000015,""value"":5},{""t"":269183.80000000075,""value"":4},{""t"":271260.90000000224,""value"":3},{""t"":271621.700000003,""value"":2},{""t"":272508,""value"":1}]"
a0d6bf5c-3d92-4af7-ba22-6252e4587ba3,3,Enum207,,en,5,0.3.0-v2,practice,true,10,true,15,good,3-rpractice-rain,0.048054271010791266,mid,3-rpractice-price,0.6363018405520756,27.119999999999997,1,30.119999999999997,2026-06-08T21:01:17.967Z,2026-06-08T21:01:26.249Z,8282,"[{""t"":388043.80000000075,""value"":1},{""t"":388467.1000000015,""value"":2},{""t"":388696.700000003,""value"":3},{""t"":389156.80000000075,""value"":4},{""t"":390332.6000000015,""value"":5},{""t"":390660.200000003,""value"":6},{""t"":390954.6000000015,""value"":7},{""t"":391233,""value"":8},{""t"":391658.90000000224,""value"":9},{""t"":391969.6000000015,""value"":10}]"
a0d6bf5c-3d92-4af7-ba22-6252e4587ba3,3,Enum207,,en,5,0.3.0-v2,0,false,9,true,16,good,3-r0-rain,0.32395722217400136,mid,3-r0-price,0.41428180576610857,26.238,1,30.238,2026-06-08T21:01:54.056Z,2026-06-08T21:02:01.522Z,7465.89999999851,"[{""t"":424235.5,""value"":1},{""t"":424609.30000000075,""value"":2},{""t"":424888.1000000015,""value"":3},{""t"":425166,""value"":4},{""t"":425710.6000000015,""value"":5},{""t"":426315.6000000015,""value"":6},{""t"":426736.6000000015,""value"":7},{""t"":427326.40000000224,""value"":8},{""t"":427834.80000000075,""value"":9}]"
a0d6bf5c-3d92-4af7-ba22-6252e4587ba3,3,Enum207,,en,5,0.3.0-v2,1,false,6,true,19,normal,3-r1-rain,0.6997171527287194,low,3-r1-price,0.700495337284725,15.68,0.6,23.608,2026-06-08T21:02:17.910Z,2026-06-08T21:02:23.916Z,6006,"[{""t"":447724.80000000075,""value"":1},{""t"":448066.80000000075,""value"":2},{""t"":448377.700000003,""value"":3},{""t"":448607.30000000075,""value"":4},{""t"":448950.80000000075,""value"":5},{""t"":449507.700000003,""value"":6}]"
a0d6bf5c-3d92-4af7-ba22-6252e4587ba3,3,Enum207,,en,5,0.3.0-v2,2,false,10,true,15,drought,3-r2-rain,0.811422953015346,high,3-r2-price,0.2557974006726661,2,1.6,15,2026-06-08T21:02:42.461Z,2026-06-08T21:02:56.114Z,13652.199999999255,"[{""t"":472229.80000000075,""value"":1},{""t"":472521.40000000224,""value"":2},{""t"":474176.1000000015,""value"":3},{""t"":474372.80000000075,""value"":4},{""t"":474538.30000000075,""value"":5},{""t"":474912.6000000015,""value"":6},{""t"":475157.1000000015,""value"":7},{""t"":475698,""value"":8},{""t"":476221.90000000224,""value"":9},{""t"":476828.30000000075,""value"":10}]"
a0d6bf5c-3d92-4af7-ba22-6252e4587ba3,3,Enum207,,en,5,0.3.0-v2,3,false,10,true,15,normal,3-r3-rain,0.7161172561844982,high,3-r3-price,0.18043462244680453,18.8,1.6,32.28,2026-06-08T21:03:26.576Z,2026-06-08T21:03:34.074Z,7498.199999999255,"[{""t"":516394.80000000075,""value"":1},{""t"":516685.5,""value"":2},{""t"":516930.700000003,""value"":3},{""t"":517965.1000000015,""value"":4},{""t"":518225.5,""value"":5},{""t"":519191.40000000224,""value"":6},{""t"":519486.200000003,""value"":7},{""t"":519829.5,""value"":8},{""t"":520075.200000003,""value"":9},{""t"":520369.90000000224,""value"":10}]"
a0d6bf5c-3d92-4af7-ba22-6252e4587ba3,3,Enum207,,en,5,0.3.0-v2,4,false,1,true,24,normal,3-r4-rain,0.5389768653536269,mid,3-r4-price,0.30307897947780066,9.53,1,25.53,2026-06-08T21:03:42.815Z,2026-06-08T21:03:46.890Z,4074.89999999851,"[{""t"":532501.9000000022,""value"":1}]"
a0d6bf5c-3d92-4af7-ba22-6252e4587ba3,3,Enum207,,en,5,0.3.0-v2,5,false,10,true,15,good,3-r5-rain,0.37206840585817696,mid,3-r5-price,0.5782699646211104,27.119999999999997,1,30.119999999999997,2026-06-08T21:03:59.010Z,2026-06-08T21:04:06.355Z,7345.300000000745,"[{""t"":548724.3000000007,""value"":1},{""t"":549133.1000000015,""value"":2},{""t"":549342.4000000022,""value"":3},{""t"":549559,""value"":4},{""t"":549783.9000000022,""value"":5},{""t"":550491.6000000015,""value"":6},{""t"":550685.4000000022,""value"":7},{""t"":550947.9000000022,""value"":8},{""t"":551506.5,""value"":9},{""t"":552013.4000000022,""value"":10}]"
a0d6bf5c-3d92-4af7-ba22-6252e4587ba3,3,Enum207,,en,5,0.3.0-v2,6,false,4,true,21,good,3-r6-rain,0.11539110703422381,mid,3-r6-price,0.4004977456600302,19.728,1,28.728,2026-06-08T21:04:40.734Z,2026-06-08T21:04:46.377Z,5642.20000000298,"[{""t"":590467.8000000007,""value"":1},{""t"":590854,""value"":2},{""t"":591365,""value"":3},{""t"":592869,""value"":4}]"
a0d6bf5c-3d92-4af7-ba22-6252e4587ba3,3,Enum207,,en,5,0.3.0-v2,7,false,6,true,19,drought,3-r7-rain,0.8975962593675767,mid,3-r7-price,0.4698351500740201,2,1,19,2026-06-08T21:05:04.316Z,2026-06-08T21:05:16.331Z,12015.800000000745,"[{""t"":621109.1000000015,""value"":1},{""t"":621420.1000000015,""value"":2},{""t"":621661.3000000007,""value"":3},{""t"":621873.700000003,""value"":4},{""t"":622089.4000000022,""value"":5},{""t"":622253.8000000007,""value"":6}]"
a0d6bf5c-3d92-4af7-ba22-6252e4587ba3,3,Enum207,,en,5,0.3.0-v2,8,false,9,true,16,good,3-r8-rain,0.0689076478007715,mid,3-r8-price,0.7573059690171542,26.238,1,30.238,2026-06-08T21:05:42.998Z,2026-06-08T21:05:49.202Z,6204,"[{""t"":652569.9000000022,""value"":1},{""t"":652861,""value"":2},{""t"":653156.700000003,""value"":3},{""t"":653666.6000000015,""value"":4},{""t"":653893,""value"":5},{""t"":654253.1000000015,""value"":6},{""t"":655381.6000000015,""value"":7},{""t"":655710.4000000022,""value"":8},{""t"":655938.4000000022,""value"":9}]"
a0d6bf5c-3d92-4af7-ba22-6252e4587ba3,3,Enum207,,en,5,0.3.0-v2,9,false,0,false,25,drought,3-r9-rain,0.9216358772407269,high,3-r9-price,0.1947612995869084,2,1.6,25,2026-06-08T21:06:10.094Z,2026-06-08T21:06:14.474Z,4380.5,[]
ee4fdef2-8aed-48c4-96d1-b89a8b052837,1010,Enum207,,en,5,0.3.0-v2,practice,true,10,true,15,good,1010-rpractice-rain,0.2977560011905877,mid,1010-rpractice-price,0.36187394372262016,27.119999999999997,1,30.119999999999997,2026-06-08T21:07:44.373Z,2026-06-08T21:10:05.753Z,95859.5,"[{""t"":862310.9000000022,""value"":1},{""t"":862601.8000000007,""value"":2},{""t"":862878.9000000022,""value"":3},{""t"":863124.8000000007,""value"":4},{""t"":863385.9000000022,""value"":5},{""t"":863648.8000000007,""value"":6},{""t"":863959.200000003,""value"":7},{""t"":864812.200000003,""value"":8},{""t"":865172.4000000022,""value"":9},{""t"":865925.9000000022,""value"":10}]"
ee4fdef2-8aed-48c4-96d1-b89a8b052837,1010,Enum207,,en,5,0.3.0-v2,0,false,8,true,17,drought,1010-r0-rain,0.9597148021172894,high,1010-r0-price,0.03323565320817719,2,1.6,17,2026-06-08T21:10:17.393Z,2026-06-08T21:10:46.938Z,29544.800000000745,"[{""t"":904211.9000000022,""value"":1},{""t"":904505,""value"":2},{""t"":904765.700000003,""value"":3},{""t"":905029.6000000015,""value"":4},{""t"":905306.3000000007,""value"":5},{""t"":905554.1000000015,""value"":6},{""t"":905799.1000000015,""value"":7},{""t"":906423.200000003,""value"":8}]"
ee4fdef2-8aed-48c4-96d1-b89a8b052837,1010,Enum207,,en,5,0.3.0-v2,1,false,0,false,25,good,1010-r1-rain,0.3253943946721224,low,1010-r1-price,0.8716569120151941,12,0.6,25,2026-06-08T21:10:56.925Z,2026-06-08T21:11:03.291Z,6365.800000000745,[]
ee4fdef2-8aed-48c4-96d1-b89a8b052837,1010,Enum207,,en,5,0.3.0-v2,2,false,1,true,24,drought,1010-r2-rain,0.7419079315758402,low,1010-r2-price,0.7262157528963372,2,0.6,24,2026-06-08T21:15:26.600Z,2026-06-08T21:15:31.443Z,4843.5,"[{""t"":1076879.5,""value"":1}]"
ee4fdef2-8aed-48c4-96d1-b89a8b052837,1010,Enum207,,en,5,0.3.0-v2,3,false,8,true,17,good,1010-r3-rain,0.5590913800569492,mid,1010-r3-price,0.5929249843257942,25.216,1,30.216,2026-06-08T21:15:44.261Z,2026-06-08T21:15:51.282Z,7021.10000000149,"[{""t"":1094181.3000000007,""value"":1},{""t"":1094507.6000000015,""value"":2},{""t"":1094817.700000003,""value"":3},{""t"":1095095.5,""value"":4},{""t"":1095406.200000003,""value"":5},{""t"":1095916.1000000015,""value"":6},{""t"":1096619.8000000007,""value"":7},{""t"":1097734.6000000015,""value"":8}]"
ee4fdef2-8aed-48c4-96d1-b89a8b052837,1010,Enum207,,en,5,0.3.0-v2,4,false,3,true,22,good,1010-r4-rain,0.28277424728600925,mid,1010-r4-price,0.19551543230092597,18.006,1,28.006,2026-06-08T21:16:41.428Z,2026-06-08T21:16:46.766Z,5337.60000000149,"[{""t"":1151166.8000000007,""value"":1},{""t"":1151755.6000000015,""value"":2},{""t"":1152393.3000000007,""value"":3}]"
ee4fdef2-8aed-48c4-96d1-b89a8b052837,1010,Enum207,,en,5,0.3.0-v2,5,false,10,true,15,good,1010-r5-rain,0.35865881360750645,high,1010-r5-price,0.3634053868930744,27.119999999999997,1.6,39.19199999999999,2026-06-08T21:17:07.176Z,2026-06-08T21:17:24.744Z,17567.699999999255,"[{""t"":1177391.9000000022,""value"":1},{""t"":1185834.5,""value"":2},{""t"":1186213,""value"":3},{""t"":1186506.4000000022,""value"":4},{""t"":1186834.200000003,""value"":5},{""t"":1187161.5,""value"":6},{""t"":1187439.6000000015,""value"":7},{""t"":1187849.5,""value"":8},{""t"":1188176.5,""value"":9},{""t"":1188504.6000000015,""value"":10}]"
ee4fdef2-8aed-48c4-96d1-b89a8b052837,1010,Enum207,,en,5,0.3.0-v2,6,false,3,true,22,drought,1010-r6-rain,0.8433546368878848,low,1010-r6-price,0.7519106713588998,2,0.6,22,2026-06-08T21:23:38.934Z,2026-06-08T21:23:43.254Z,4320.39999999851,"[{""t"":1273411.9000000022,""value"":1},{""t"":1273737.1000000015,""value"":2},{""t"":1274246.700000003,""value"":3}]"
ee4fdef2-8aed-48c4-96d1-b89a8b052837,1010,Enum207,,en,5,0.3.0-v2,7,false,1,true,24,drought,1010-r7-rain,0.653373972547287,mid,1010-r7-price,0.310610289245321,2,1,24,2026-06-08T21:24:03.700Z,2026-06-08T21:24:13.713Z,10012.800000000745,"[{""t"":1303954.6000000015,""value"":1}]"
ee4fdef2-8aed-48c4-96d1-b89a8b052837,1010,Enum207,,en,5,0.3.0-v2,8,false,7,true,18,good,1010-r8-rain,0.36927056297845884,mid,1010-r8-price,0.44418877015178687,24.054,1,30.054,2026-06-08T21:24:56.208Z,2026-06-08T21:25:02.182Z,5973.900000002235,"[{""t"":1348075.5,""value"":1},{""t"":1348351.4000000022,""value"":2},{""t"":1348578.700000003,""value"":3},{""t"":1348859,""value"":4},{""t"":1349120,""value"":5},{""t"":1349315.1000000015,""value"":6},{""t"":1350400.200000003,""value"":7}]"
ee4fdef2-8aed-48c4-96d1-b89a8b052837,1010,Enum207,,en,5,0.3.0-v2,9,false,0,false,25,normal,1010-r9-rain,0.474721540420372,high,1010-r9-price,0.014494852567624289,8,1.6,25,2026-06-08T21:25:13.313Z,2026-06-08T21:25:15.685Z,2371,[]
3dbdfb3d-48f2-4ee0-841e-03cb16ccd52c,67,Enum207,,ha,5,0.3.0-v2,practice,true,10,true,15,good,67-rpractice-rain,0.3207228347463497,low,67-rpractice-price,0.7272132957988214,27.119999999999997,0.6,24.071999999999996,2026-06-10T17:39:38.689Z,2026-06-10T17:42:06.010Z,147320.89999999106,"[{""t"":659101.799999997,""value"":1},{""t"":661531.6000000089,""value"":2},{""t"":665464.6000000089,""value"":3},{""t"":665724,""value"":4},{""t"":666348.299999997,""value"":5},{""t"":666756.400000006,""value"":6},{""t"":667312.299999997,""value"":7},{""t"":667983.6000000089,""value"":8},{""t"":668639.700000003,""value"":9},{""t"":669408.5,""value"":10}]"
3dbdfb3d-48f2-4ee0-841e-03cb16ccd52c,67,Enum207,,ha,5,0.3.0-v2,0,false,10,true,15,normal,67-r0-rain,0.8264051925737113,mid,67-r0-price,0.2618046630212608,18.8,1,25.8,2026-06-10T17:42:54.054Z,2026-06-10T17:43:42.310Z,48256.10000000894,"[{""t"":766902.6000000089,""value"":1},{""t"":768442.1000000089,""value"":2},{""t"":768948.5,""value"":3},{""t"":769179.900000006,""value"":4},{""t"":769552.799999997,""value"":5},{""t"":770144.799999997,""value"":6},{""t"":770849,""value"":7},{""t"":772714.200000003,""value"":8},{""t"":773451.900000006,""value"":9},{""t"":774106.400000006,""value"":10}]"
3dbdfb3d-48f2-4ee0-841e-03cb16ccd52c,67,Enum207,,ha,5,0.3.0-v2,1,false,3,true,22,drought,67-r1-rain,0.8124018701720107,mid,67-r1-price,0.31236868544765484,2,1,22,2026-06-10T17:45:08.954Z,2026-06-10T17:45:19.379Z,10424.800000011921,"[{""t"":871618,""value"":1},{""t"":872370.299999997,""value"":2},{""t"":873566.1000000089,""value"":3}]"
3dbdfb3d-48f2-4ee0-841e-03cb16ccd52c,67,Enum207,,ha,5,0.3.0-v2,2,false,2,true,23,normal,67-r2-rain,0.425677219210371,mid,67-r2-price,0.4744437880477969,10.96,1,25.96,2026-06-10T17:46:27.609Z,2026-06-10T17:46:40.243Z,12633.90000000596,"[{""t"":953530.299999997,""value"":1},{""t"":954608.6000000089,""value"":2}]"
3dbdfb3d-48f2-4ee0-841e-03cb16ccd52c,67,Enum207,,ha,5,0.3.0-v2,3,false,5,true,20,good,67-r3-rain,0.49575549172407263,high,67-r3-price,0.0753927609429321,21.310000000000002,1.6,34.896,2026-06-10T17:47:32.252Z,2026-06-10T17:47:38.893Z,6640.600000008941,"[{""t"":1011528.6000000089,""value"":1},{""t"":1011737.299999997,""value"":2},{""t"":1012081.299999997,""value"":3},{""t"":1012687.299999997,""value"":4},{""t"":1013669.900000006,""value"":5}]"
3dbdfb3d-48f2-4ee0-841e-03cb16ccd52c,67,Enum207,,ha,5,0.3.0-v2,4,false,1,true,24,normal,67-r4-rain,0.5697404581421034,low,67-r4-price,0.749040542230028,9.53,0.6,24.918,2026-06-10T17:48:44.553Z,2026-06-10T17:48:54.797Z,10244.20000000298,"[{""t"":1086057.5,""value"":1}]"
3dbdfb3d-48f2-4ee0-841e-03cb16ccd52c,67,Enum207,,ha,5,0.3.0-v2,5,false,7,true,18,good,67-r5-rain,0.10449636422484702,mid,67-r5-price,0.5623434286434046,24.054,1,30.054,2026-06-10T17:49:55.206Z,2026-06-10T17:50:05.059Z,9852.70000000298,"[{""t"":1155974.400000006,""value"":1},{""t"":1156332.100000009,""value"":2},{""t"":1156954.5,""value"":3},{""t"":1157215.700000003,""value"":4},{""t"":1157608.900000006,""value"":5},{""t"":1158016.400000006,""value"":6},{""t"":1158361.700000003,""value"":7}]"
3dbdfb3d-48f2-4ee0-841e-03cb16ccd52c,67,Enum207,,ha,5,0.3.0-v2,6,false,5,true,20,normal,67-r6-rain,0.6822647753614903,mid,67-r6-price,0.3288611155628587,14.65,1,26.65,2026-06-10T17:51:10.589Z,2026-06-10T17:51:26.381Z,15791.79999999702,"[{""t"":1235382.600000009,""value"":1},{""t"":1236017,""value"":2},{""t"":1239062.700000003,""value"":3},{""t"":1239749.600000009,""value"":4},{""t"":1240355.700000003,""value"":5}]"
3dbdfb3d-48f2-4ee0-841e-03cb16ccd52c,67,Enum207,,ha,5,0.3.0-v2,7,false,1,true,24,drought,67-r7-rain,0.9543111337381812,mid,67-r7-price,0.2732022758947674,2,1,24,2026-06-10T17:52:20.270Z,2026-06-10T17:52:27.455Z,7184.5999999940395,"[{""t"":1299630.799999997,""value"":1}]"
3dbdfb3d-48f2-4ee0-841e-03cb16ccd52c,67,Enum207,,ha,5,0.3.0-v2,8,false,3,true,22,good,67-r8-rain,0.07892318141941072,high,67-r8-price,0.17840821562564557,18.006,1.6,31.6096,2026-06-10T17:53:14.044Z,2026-06-10T17:53:20.818Z,6773.9000000059605,"[{""t"":1354367.400000006,""value"":1},{""t"":1354690.799999997,""value"":2},{""t"":1355250.400000006,""value"":3}]"
3dbdfb3d-48f2-4ee0-841e-03cb16ccd52c,67,Enum207,,ha,5,0.3.0-v2,9,false,1,true,24,drought,67-r9-rain,0.6362533537590741,mid,67-r9-price,0.4022455693679574,2,1,24,2026-06-10T17:54:18.734Z,2026-06-10T17:54:23.694Z,4959.899999991059,"[{""t"":1417521.900000006,""value"":1}]"
7f098775-3df1-4337-9db8-05d6047ae223,BA020507,Enum207,,en,5,0.3.0-v2,practice,true,9,true,16,good,BA020507-rpractice-rain,0.15737020299893592,mid,BA020507-rpractice-price,0.3307136364181626,26.238,1,30.238,2026-06-10T19:12:27.579Z,2026-06-10T19:12:49.041Z,21461.5,"[{""t"":157273.90000000596,""value"":1},{""t"":158526.29999999702,""value"":2},{""t"":158820.70000000298,""value"":3},{""t"":159197.70000000298,""value"":4},{""t"":159755.20000000298,""value"":5},{""t"":160885.70000000298,""value"":6},{""t"":161557.5,""value"":7},{""t"":170672.70000000298,""value"":8},{""t"":172128,""value"":9}]"
7f098775-3df1-4337-9db8-05d6047ae223,BA020507,Enum207,,en,5,0.3.0-v2,0,false,0,false,25,good,BA020507-r0-rain,0.514169547697576,mid,BA020507-r0-price,0.470170597856115,12,1,25,2026-06-10T19:13:26.072Z,2026-06-10T19:13:30.700Z,4627.29999999702,[]
7f098775-3df1-4337-9db8-05d6047ae223,BA020507,Enum207,,en,5,0.3.0-v2,1,false,3,true,22,normal,BA020507-r1-rain,0.6848671655844313,low,BA020507-r1-price,0.9051595490135561,12.29,0.6,24.573999999999998,2026-06-10T19:13:38.572Z,2026-06-10T19:14:31.264Z,52692,"[{""t"":264733.200000003,""value"":1},{""t"":265206.5,""value"":2},{""t"":265580.40000000596,""value"":3}]"
7f098775-3df1-4337-9db8-05d6047ae223,BA020507,Enum207,,en,5,0.3.0-v2,2,false,0,false,25,good,BA020507-r2-rain,0.2729109288725968,low,BA020507-r2-price,0.9958532549113072,12,0.6,25,2026-06-10T19:14:42.431Z,2026-06-10T19:15:07.143Z,24711.90000000596,[]
7f098775-3df1-4337-9db8-05d6047ae223,BA020507,Enum207,,en,5,0.3.0-v2,3,false,8,true,17,normal,BA020507-r3-rain,0.6044813780865018,high,BA020507-r3-price,0.2742642819455099,17.44,1.6,32.104,2026-06-10T19:15:13.284Z,2026-06-10T19:15:25.857Z,12572.40000000596,"[{""t"":319441.5,""value"":1},{""t"":319745.299999997,""value"":2},{""t"":320039.5,""value"":3},{""t"":320333.299999997,""value"":4},{""t"":322890.299999997,""value"":5},{""t"":323314.5,""value"":6},{""t"":325117.700000003,""value"":7},{""t"":325457.700000003,""value"":8}]"
7f098775-3df1-4337-9db8-05d6047ae223,BA020507,Enum207,,en,5,0.3.0-v2,4,false,0,false,25,drought,BA020507-r4-rain,0.7792665585450532,mid,BA020507-r4-price,0.41772269499193254,2,1,25,2026-06-10T19:15:44.603Z,2026-06-10T19:15:47.122Z,2519.4000000059605,[]
7f098775-3df1-4337-9db8-05d6047ae223,BA020507,Enum207,,en,5,0.3.0-v2,5,false,8,true,17,good,BA020507-r5-rain,0.5796640173088872,low,BA020507-r5-price,0.9033989338202509,25.216,0.6,24.9296,2026-06-10T19:15:53.919Z,2026-06-10T19:16:00.461Z,6542,"[{""t"":359953.5,""value"":1},{""t"":360687.10000000894,""value"":2},{""t"":360915.10000000894,""value"":3},{""t"":361112.299999997,""value"":4},{""t"":361278.10000000894,""value"":5},{""t"":361457.299999997,""value"":6},{""t"":361899.700000003,""value"":7},{""t"":362390.10000000894,""value"":8}]"
7f098775-3df1-4337-9db8-05d6047ae223,BA020507,Enum207,,en,5,0.3.0-v2,6,false,4,true,21,good,BA020507-r6-rain,0.5355987325476862,mid,BA020507-r6-price,0.2766887753600986,19.728,1,28.728,2026-06-10T19:16:08.889Z,2026-06-10T19:16:24.866Z,15976.79999999702,"[{""t"":387273.799999997,""value"":1},{""t"":387942.60000000894,""value"":2},{""t"":388265.90000000596,""value"":3},{""t"":388513.299999997,""value"":4}]"
7f098775-3df1-4337-9db8-05d6047ae223,BA020507,Enum207,,en,5,0.3.0-v2,7,false,2,true,23,drought,BA020507-r7-rain,0.8373135437135593,low,BA020507-r7-price,0.9670038619732159,2,0.6,23,2026-06-10T19:16:30.285Z,2026-06-10T19:16:40.515Z,10230,"[{""t"":403381.200000003,""value"":1},{""t"":403916.40000000596,""value"":2}]"
7f098775-3df1-4337-9db8-05d6047ae223,BA020507,Enum207,,en,5,0.3.0-v2,8,false,8,true,17,drought,BA020507-r8-rain,0.8743740952786337,low,BA020507-r8-price,0.857924712398239,2,0.6,17,2026-06-10T19:16:47.493Z,2026-06-10T19:16:54.035Z,6541.4000000059605,"[{""t"":413757.799999997,""value"":1},{""t"":414081.5,""value"":2},{""t"":414490.799999997,""value"":3},{""t"":414900.5,""value"":4},{""t"":415260.10000000894,""value"":5},{""t"":415995.40000000596,""value"":6},{""t"":416735.60000000894,""value"":7},{""t"":417390.40000000596,""value"":8}]"
7f098775-3df1-4337-9db8-05d6047ae223,BA020507,Enum207,,en,5,0.3.0-v2,9,false,2,true,23,normal,BA020507-r9-rain,0.5034824172289516,mid,BA020507-r9-price,0.558180453691916,10.96,1,25.96,2026-06-10T19:17:21.224Z,2026-06-10T19:17:58.871Z,36850.20000000298,"[{""t"":480610.700000003,""value"":1},{""t"":481213.799999997,""value"":2}]"
51fd7ea8-f738-4f03-aac4-77f54546c9fc,CIMMYT12345,ENUM106,,en,5,0.3.0-v2,practice,true,5,true,20,good,CIMMYT12345-rpractice-rain,0.19187049660035715,mid,CIMMYT12345-rpractice-price,0.2559433013580732,21.310000000000002,1,29.310000000000002,2026-06-08T13:24:44.626Z,2026-06-08T13:24:44.627Z,0,"[{""t"":25402.699999999255,""value"":1},{""t"":26324.599999999627,""value"":2},{""t"":26929.599999999627,""value"":3},{""t"":27125.199999999255,""value"":4},{""t"":27290.599999999627,""value"":5}]"
51fd7ea8-f738-4f03-aac4-77f54546c9fc,CIMMYT12345,ENUM106,,en,5,0.3.0-v2,0,false,4,true,21,normal,CIMMYT12345-r0-rain,0.8138818578442215,mid,CIMMYT12345-r0-price,0.39038007730617963,13.52,1,26.52,2026-06-08T13:24:49.878Z,2026-06-08T13:24:53.149Z,3270.2000000011176,"[{""t"":36011.40000000037,""value"":1},{""t"":36137.40000000037,""value"":2},{""t"":36450.199999999255,""value"":3},{""t"":36597.40000000037,""value"":4}]"
51fd7ea8-f738-4f03-aac4-77f54546c9fc,CIMMYT12345,ENUM106,,en,5,0.3.0-v2,1,false,2,true,23,good,CIMMYT12345-r1-rain,0.2902946525244927,low,CIMMYT12345-r1-price,0.6595264037519228,16.144,0.6,25.4864,2026-06-08T13:24:57.501Z,2026-06-08T13:25:01.571Z,4070.2000000011176,"[{""t"":43487.79999999888,""value"":1},{""t"":44057.40000000037,""value"":2}]"
51fd7ea8-f738-4f03-aac4-77f54546c9fc,CIMMYT12345,ENUM106,,en,5,0.3.0-v2,2,false,4,true,21,normal,CIMMYT12345-r2-rain,0.4431829741280676,low,CIMMYT12345-r2-price,0.9116238833173506,13.52,0.6,24.312,2026-06-08T13:25:06.891Z,2026-06-08T13:25:11.815Z,4924.199999999255,"[{""t"":52730.09999999963,""value"":1},{""t"":52908.09999999963,""value"":2},{""t"":53102.40000000037,""value"":3},{""t"":53198.40000000037,""value"":4}]"
51fd7ea8-f738-4f03-aac4-77f54546c9fc,CIMMYT12345,ENUM106,,en,5,0.3.0-v2,3,false,0,false,25,good,CIMMYT12345-r3-rain,0.19372916708993007,mid,CIMMYT12345-r3-price,0.6639738530893273,12,1,25,2026-06-08T13:25:22.876Z,2026-06-08T13:25:25.063Z,2186.5999999996275,[]
51fd7ea8-f738-4f03-aac4-77f54546c9fc,CIMMYT12345,ENUM106,,en,5,0.3.0-v2,4,false,2,true,23,good,CIMMYT12345-r4-rain,0.1864334169184959,low,CIMMYT12345-r4-price,0.5221324803314639,16.144,0.6,25.4864,2026-06-08T13:25:29.712Z,2026-06-08T13:25:32.379Z,2667.0999999996275,"[{""t"":75600.59999999963,""value"":1},{""t"":75874.69999999925,""value"":2}]"
51fd7ea8-f738-4f03-aac4-77f54546c9fc,CIMMYT12345,ENUM106,,en,5,0.3.0-v2,5,false,1,true,24,good,CIMMYT12345-r5-rain,0.032008229371206946,low,CIMMYT12345-r5-price,0.8629009271558318,14.142,0.6,25.2852,2026-06-08T13:25:36.665Z,2026-06-08T13:25:39.053Z,2388.2000000011176,"[{""t"":82716.29999999888,""value"":1}]"
51fd7ea8-f738-4f03-aac4-77f54546c9fc,CIMMYT12345,ENUM106,,en,5,0.3.0-v2,6,false,1,true,24,drought,CIMMYT12345-r6-rain,0.8727140840661197,high,CIMMYT12345-r6-price,0.010415979196990582,2,1.6,24,2026-06-08T13:25:42.621Z,2026-06-08T13:25:44.909Z,2288.4000000003725,"[{""t"":88380.5,""value"":1}]"
51fd7ea8-f738-4f03-aac4-77f54546c9fc,CIMMYT12345,ENUM106,,en,5,0.3.0-v2,7,false,1,true,24,normal,CIMMYT12345-r7-rain,0.28372562780049393,high,CIMMYT12345-r7-price,0.13750304536324764,9.53,1.6,26.448,2026-06-08T13:25:48.967Z,2026-06-08T13:25:51.587Z,2619.5999999996275,"[{""t"":94987.40000000037,""value"":1}]"
51fd7ea8-f738-4f03-aac4-77f54546c9fc,CIMMYT12345,ENUM106,,en,5,0.3.0-v2,8,false,1,true,24,drought,CIMMYT12345-r8-rain,0.9134803331328687,mid,CIMMYT12345-r8-price,0.7517727718188045,2,1,24,2026-06-08T13:25:56.051Z,2026-06-08T13:26:00.407Z,4356.199999999255,"[{""t"":101970.09999999963,""value"":1}]"
51fd7ea8-f738-4f03-aac4-77f54546c9fc,CIMMYT12345,ENUM106,,en,5,0.3.0-v2,9,false,1,true,24,normal,CIMMYT12345-r9-rain,0.43486643068797387,low,CIMMYT12345-r9-price,0.8898948971987125,9.53,0.6,24.918,2026-06-08T13:26:06.242Z,2026-06-08T13:26:08.663Z,2420.9000000003725,"[{""t"":112064.69999999925,""value"":1}]"
8bda6fdc-923c-4ee8-8d9b-d156c028918b,BA020505,ENUM106,,ha,5,0.3.0-v2,practice,true,3,true,22,good,BA020505-rpractice-rain,0.08855365422241707,mid,BA020505-rpractice-price,0.2130859165826935,18.006,1,28.006,2026-06-10T17:57:54.561Z,2026-06-10T18:00:07.462Z,132900.29999999702,"[{""t"":182344.90000000596,""value"":1},{""t"":184205.5,""value"":2},{""t"":184956.59999999404,""value"":3},{""t"":186824.59999999404,""value"":2},{""t"":187690.90000000596,""value"":1},{""t"":188376.70000000298,""value"":0},{""t"":211575.09999999404,""value"":1},{""t"":212391.70000000298,""value"":2},{""t"":213031,""value"":3}]"
8bda6fdc-923c-4ee8-8d9b-d156c028918b,BA020505,ENUM106,,ha,5,0.3.0-v2,0,false,2,true,23,normal,BA020505-r0-rain,0.8754443495605335,mid,BA020505-r0-price,0.682558159891135,10.96,1,25.96,2026-06-10T18:00:50.079Z,2026-06-10T18:01:27.116Z,37036.89999999106,"[{""t"":284979.200000003,""value"":1},{""t"":292815.59999999404,""value"":2}]"
8bda6fdc-923c-4ee8-8d9b-d156c028918b,BA020505,ENUM106,,ha,5,0.3.0-v2,1,false,4,true,21,normal,BA020505-r1-rain,0.6949639348024292,mid,BA020505-r1-price,0.2699467610445465,13.52,1,26.52,2026-06-10T18:01:58.656Z,2026-06-10T18:02:13.396Z,14740.60000000894,"[{""t"":339652.59999999404,""value"":1},{""t"":341009.299999997,""value"":2},{""t"":341302.40000000596,""value"":3},{""t"":343920.299999997,""value"":4}]"
8bda6fdc-923c-4ee8-8d9b-d156c028918b,BA020505,ENUM106,,ha,5,0.3.0-v2,2,false,5,true,20,drought,BA020505-r2-rain,0.851831382901309,low,BA020505-r2-price,0.867078715723845,2,0.6,20,2026-06-10T18:02:26.974Z,2026-06-10T18:02:36.740Z,9765.5,"[{""t"":365122.799999997,""value"":1},{""t"":365761.90000000596,""value"":2},{""t"":365988.40000000596,""value"":3},{""t"":366201.5,""value"":4},{""t"":367704.90000000596,""value"":5}]"
8bda6fdc-923c-4ee8-8d9b-d156c028918b,BA020505,ENUM106,,ha,5,0.3.0-v2,3,false,3,true,22,normal,BA020505-r3-rain,0.8915197781126707,low,BA020505-r3-price,0.77828224122608,12.29,0.6,24.573999999999998,2026-06-10T18:03:39.330Z,2026-06-10T18:03:46.578Z,7247.79999999702,"[{""t"":437464.700000003,""value"":1},{""t"":437644.40000000596,""value"":2},{""t"":437827.5,""value"":3}]"
8bda6fdc-923c-4ee8-8d9b-d156c028918b,BA020505,ENUM106,,ha,5,0.3.0-v2,4,false,2,true,23,good,BA020505-r4-rain,0.014266555367533601,high,BA020505-r4-price,0.04652845236253601,16.144,1.6,29.630399999999998,2026-06-10T18:03:57.702Z,2026-06-10T18:04:07.187Z,9484.70000000298,"[{""t"":455000.299999997,""value"":1},{""t"":456734.200000003,""value"":2}]"
8bda6fdc-923c-4ee8-8d9b-d156c028918b,BA020505,ENUM106,,ha,5,0.3.0-v2,5,false,1,true,24,good,BA020505-r5-rain,0.7360473453668052,high,BA020505-r5-price,0.047340520530176546,14.142,1.6,27.4272,2026-06-10T18:04:16.351Z,2026-06-10T18:04:24.289Z,7937.5999999940395,"[{""t"":475091.799999997,""value"":1}]"
8bda6fdc-923c-4ee8-8d9b-d156c028918b,BA020505,ENUM106,,ha,5,0.3.0-v2,6,false,2,true,23,good,BA020505-r6-rain,0.2849408600545691,high,BA020505-r6-price,0.07764432795741943,16.144,1.6,29.630399999999998,2026-06-10T18:04:33.303Z,2026-06-10T18:04:40.481Z,7178.5999999940395,"[{""t"":490369.90000000596,""value"":1},{""t"":491022.799999997,""value"":2}]"
8bda6fdc-923c-4ee8-8d9b-d156c028918b,BA020505,ENUM106,,ha,5,0.3.0-v2,7,false,3,true,22,drought,BA020505-r7-rain,0.8636430199274793,low,BA020505-r7-price,0.8355231408547156,2,0.6,22,2026-06-10T18:04:48.105Z,2026-06-10T18:04:56.530Z,8425.20000000298,"[{""t"":506076.700000003,""value"":1},{""t"":507170.299999997,""value"":2},{""t"":507952.700000003,""value"":3}]"
8bda6fdc-923c-4ee8-8d9b-d156c028918b,BA020505,ENUM106,,ha,5,0.3.0-v2,8,false,2,true,23,normal,BA020505-r8-rain,0.44007596236115715,low,BA020505-r8-price,0.9624945490262743,10.96,0.6,24.776,2026-06-10T18:05:10.124Z,2026-06-10T18:05:15.376Z,5252.29999999702,"[{""t"":527489.400000006,""value"":1},{""t"":528061.299999997,""value"":2}]"
8bda6fdc-923c-4ee8-8d9b-d156c028918b,BA020505,ENUM106,,ha,5,0.3.0-v2,9,false,2,true,23,drought,BA020505-r9-rain,0.9412919799316357,low,BA020505-r9-price,0.794209741745577,2,0.6,23,2026-06-10T18:05:25.191Z,2026-06-10T18:05:28.905Z,3713.699999988079,"[{""t"":540903.099999994,""value"":1},{""t"":541607.799999997,""value"":2}]"
a2e40721-651d-46e2-b20d-7aaa39545477,BA020503,ENUM205,,en,5,0.3.0-v2,practice,true,5,true,20,drought,BA020503-rpractice-rain,0.9677364027547969,low,BA020503-rpractice-price,0.8064999517662975,2,0.6,20,2026-06-11T06:34:56.722Z,2026-06-11T06:35:05.676Z,8953.79999999702,"[{""t"":346322.5,""value"":1},{""t"":346600.90000000596,""value"":2},{""t"":346797.3000000119,""value"":3},{""t"":347023.3000000119,""value"":4},{""t"":348336,""value"":5}]"
a2e40721-651d-46e2-b20d-7aaa39545477,BA020503,ENUM205,,en,5,0.3.0-v2,0,false,2,true,23,good,BA020503-r0-rain,0.044232545794212104,low,BA020503-r0-price,0.702067464158268,16.144,0.6,25.4864,2026-06-11T06:35:15.054Z,2026-06-11T06:35:19.168Z,4113.600000008941,"[{""t"":362642.10000000894,""value"":1},{""t"":363345.10000000894,""value"":2}]"
a2e40721-651d-46e2-b20d-7aaa39545477,BA020503,ENUM205,,en,5,0.3.0-v2,1,false,1,true,24,good,BA020503-r1-rain,0.3520436681660655,low,BA020503-r1-price,0.9254668625997494,14.142,0.6,25.2852,2026-06-11T06:35:24.664Z,2026-06-11T06:35:27.119Z,2455.0999999940395,"[{""t"":372168.8000000119,""value"":1}]"
a2e40721-651d-46e2-b20d-7aaa39545477,BA020503,ENUM205,,en,5,0.3.0-v2,2,false,0,false,25,drought,BA020503-r2-rain,0.7859475528999578,mid,BA020503-r2-price,0.658086468966705,2,1,25,2026-06-11T06:35:33.113Z,2026-06-11T06:35:37.644Z,4531.0999999940395,[]
a2e40721-651d-46e2-b20d-7aaa39545477,BA020503,ENUM205,,en,5,0.3.0-v2,3,false,1,true,24,good,BA020503-r3-rain,0.4018999247414988,mid,BA020503-r3-price,0.36023636829796196,14.142,1,26.142,2026-06-11T06:35:42.421Z,2026-06-11T06:35:46.025Z,3603.9000000059605,"[{""t"":391193.40000000596,""value"":1}]"
a2e40721-651d-46e2-b20d-7aaa39545477,BA020503,ENUM205,,en,5,0.3.0-v2,4,false,0,false,25,normal,BA020503-r4-rain,0.6335026138207773,low,BA020503-r4-price,0.9508304309608423,8,0.6,25,2026-06-11T06:35:53.967Z,2026-06-11T06:36:02.741Z,8773.40000000596,[]
a2e40721-651d-46e2-b20d-7aaa39545477,BA020503,ENUM205,,en,5,0.3.0-v2,5,false,5,true,20,drought,BA020503-r5-rain,0.9420454827032559,high,BA020503-r5-price,0.11743992093656978,2,1.6,20,2026-06-11T06:36:08.615Z,2026-06-11T06:36:11.611Z,2995.3999999910593,"[{""t"":416073,""value"":1},{""t"":416347.8000000119,""value"":2},{""t"":416528.10000000894,""value"":3},{""t"":416757.8000000119,""value"":4},{""t"":416953.60000000894,""value"":5}]"
a2e40721-651d-46e2-b20d-7aaa39545477,BA020503,ENUM205,,en,5,0.3.0-v2,6,false,1,true,24,normal,BA020503-r6-rain,0.6460992942205832,mid,BA020503-r6-price,0.5246942429091432,9.53,1,25.53,2026-06-11T06:36:17.782Z,2026-06-11T06:36:21.269Z,3487.4000000059605,"[{""t"":426432.5,""value"":1}]"
a2e40721-651d-46e2-b20d-7aaa39545477,BA020503,ENUM205,,en,5,0.3.0-v2,7,false,0,false,25,normal,BA020503-r7-rain,0.4239864537091286,mid,BA020503-r7-price,0.2525776082011691,8,1,25,2026-06-11T06:36:26.460Z,2026-06-11T06:36:28.635Z,2175,[]
a2e40721-651d-46e2-b20d-7aaa39545477,BA020503,ENUM205,,en,5,0.3.0-v2,8,false,1,true,24,normal,BA020503-r8-rain,0.6294316126066454,low,BA020503-r8-price,0.84380617357775,9.53,0.6,24.918,2026-06-11T06:36:32.367Z,2026-06-11T06:36:36.312Z,3944.5,"[{""t"":441413.5,""value"":1}]"
a2e40721-651d-46e2-b20d-7aaa39545477,BA020503,ENUM205,,en,5,0.3.0-v2,9,false,0,false,25,drought,BA020503-r9-rain,0.6139951655235517,low,BA020503-r9-price,0.6779120390604889,2,0.6,25,2026-06-11T06:36:47.181Z,2026-06-11T06:36:48.622Z,1440.5999999940395,[]
99d8b5d5-c058-46e7-af79-8aa7300cbaf3,KT0303407,ENUM107,,en,5,0.3.0-v2,practice,true,10,true,15,good,KT0303407-rpractice-rain,0.6251652576314787,mid,KT0303407-rpractice-price,0.3927463852760494,27.119999999999997,1,30.119999999999997,2026-06-11T11:43:10.497Z,2026-06-11T11:43:17.154Z,6657.29999999702,"[{""t"":87882.90000000596,""value"":1},{""t"":88127.59999999404,""value"":2},{""t"":88815.70000000298,""value"":3},{""t"":89307.59999999404,""value"":4},{""t"":89513.79999999702,""value"":5},{""t"":90043.70000000298,""value"":6},{""t"":90502,""value"":7},{""t"":91059.20000000298,""value"":8},{""t"":91283.40000000596,""value"":9},{""t"":91527.90000000596,""value"":10}]"
99d8b5d5-c058-46e7-af79-8aa7300cbaf3,KT0303407,ENUM107,,en,5,0.3.0-v2,0,false,6,true,19,good,KT0303407-r0-rain,0.6027834530121667,low,KT0303407-r0-price,0.9879506010563051,22.752,0.6,25.4512,2026-06-11T11:43:21.902Z,2026-06-11T11:43:25.681Z,3779.2999999970198,"[{""t"":98687.59999999404,""value"":1},{""t"":99161.5,""value"":2},{""t"":99372.29999999702,""value"":3},{""t"":99583.79999999702,""value"":4},{""t"":99859.5,""value"":5},{""t"":100058.70000000298,""value"":6}]"
99d8b5d5-c058-46e7-af79-8aa7300cbaf3,KT0303407,ENUM107,,en,5,0.3.0-v2,1,false,6,true,19,normal,KT0303407-r1-rain,0.6974742155865622,mid,KT0303407-r1-price,0.4040056133641863,15.68,1,26.68,2026-06-11T11:43:43.655Z,2026-06-11T11:43:49.842Z,6187.20000000298,"[{""t"":120656.09999999404,""value"":1},{""t"":120896.40000000596,""value"":2},{""t"":121141.09999999404,""value"":3},{""t"":121371.29999999702,""value"":4},{""t"":121585.70000000298,""value"":5},{""t"":121813.20000000298,""value"":6}]"
99d8b5d5-c058-46e7-af79-8aa7300cbaf3,KT0303407,ENUM107,,en,5,0.3.0-v2,2,false,3,true,22,normal,KT0303407-r2-rain,0.48123586906663673,mid,KT0303407-r2-price,0.5975722421828418,12.29,1,26.29,2026-06-11T11:43:52.971Z,2026-06-11T11:43:59.271Z,6300,"[{""t"":131558.70000000298,""value"":1},{""t"":131878.40000000596,""value"":2},{""t"":132109.20000000298,""value"":3}]"
99d8b5d5-c058-46e7-af79-8aa7300cbaf3,KT0303407,ENUM107,,en,5,0.3.0-v2,3,false,9,true,16,good,KT0303407-r3-rain,0.37925640505634534,low,KT0303407-r3-price,0.963837565323057,26.238,0.6,24.5428,2026-06-11T11:44:08.636Z,2026-06-11T11:44:14.806Z,6169.20000000298,"[{""t"":145664.09999999404,""value"":1},{""t"":145843.29999999702,""value"":2},{""t"":147369,""value"":3},{""t"":147642.90000000596,""value"":4},{""t"":147856.09999999404,""value"":5},{""t"":148085,""value"":6},{""t"":148378.59999999404,""value"":7},{""t"":148656.70000000298,""value"":8},{""t"":149643.09999999404,""value"":9}]"
99d8b5d5-c058-46e7-af79-8aa7300cbaf3,KT0303407,ENUM107,,en,5,0.3.0-v2,4,false,8,true,17,normal,KT0303407-r4-rain,0.46289563809312967,low,KT0303407-r4-price,0.8603287893963735,17.44,0.6,22.664,2026-06-11T11:44:18.261Z,2026-06-11T11:44:22.253Z,3992,"[{""t"":155196,""value"":1},{""t"":155419.29999999702,""value"":2},{""t"":155646.09999999404,""value"":3},{""t"":155909.29999999702,""value"":4},{""t"":156139.09999999404,""value"":5},{""t"":156367.40000000596,""value"":6},{""t"":156578.70000000298,""value"":7},{""t"":156777.79999999702,""value"":8}]"
99d8b5d5-c058-46e7-af79-8aa7300cbaf3,KT0303407,ENUM107,,en,5,0.3.0-v2,5,false,10,true,15,good,KT0303407-r5-rain,0.3456259225385814,mid,KT0303407-r5-price,0.4744862701656123,27.119999999999997,1,30.119999999999997,2026-06-11T11:44:26.331Z,2026-06-11T11:44:35.725Z,9394,"[{""t"":163179.59999999404,""value"":1},{""t"":163473,""value"":2},{""t"":163666.5,""value"":3},{""t"":163896.79999999702,""value"":4},{""t"":164425.40000000596,""value"":5},{""t"":167204.29999999702,""value"":6},{""t"":167780.79999999702,""value"":7},{""t"":168778.5,""value"":8},{""t"":169202.5,""value"":9},{""t"":169646.09999999404,""value"":10}]"
99d8b5d5-c058-46e7-af79-8aa7300cbaf3,KT0303407,ENUM107,,en,5,0.3.0-v2,6,false,10,true,15,good,KT0303407-r6-rain,0.5238090029250598,mid,KT0303407-r6-price,0.5842168039421322,27.119999999999997,1,30.119999999999997,2026-06-11T11:44:42.131Z,2026-06-11T11:44:48.542Z,6411.20000000298,"[{""t"":179206,""value"":1},{""t"":179730.20000000298,""value"":2},{""t"":179989,""value"":3},{""t"":180249.70000000298,""value"":4},{""t"":180877.09999999404,""value"":5},{""t"":181955.90000000596,""value"":6},{""t"":182215.09999999404,""value"":7},{""t"":182459,""value"":8},{""t"":182869.70000000298,""value"":9},{""t"":183097.40000000596,""value"":10}]"
99d8b5d5-c058-46e7-af79-8aa7300cbaf3,KT0303407,ENUM107,,en,5,0.3.0-v2,7,false,5,true,20,good,KT0303407-r7-rain,0.13616674293307163,mid,KT0303407-r7-price,0.6927469355123244,21.310000000000002,1,29.310000000000002,2026-06-11T11:44:52.047Z,2026-06-11T11:45:00.638Z,8591.20000000298,"[{""t"":189306.40000000596,""value"":1},{""t"":189792.90000000596,""value"":2},{""t"":190381.20000000298,""value"":3},{""t"":190710.70000000298,""value"":4},{""t"":191168.29999999702,""value"":5}]"
99d8b5d5-c058-46e7-af79-8aa7300cbaf3,KT0303407,ENUM107,,en,5,0.3.0-v2,8,false,9,true,16,good,KT0303407-r8-rain,0.058885333989945665,mid,KT0303407-r8-price,0.5051731600857635,26.238,1,30.238,2026-06-11T11:45:06.861Z,2026-06-11T11:45:13.113Z,6251.399999991059,"[{""t"":203710.5,""value"":1},{""t"":203922.40000000596,""value"":2},{""t"":204562,""value"":3},{""t"":205003.90000000596,""value"":4},{""t"":206166.40000000596,""value"":5},{""t"":206709,""value"":6},{""t"":207112.29999999702,""value"":7},{""t"":207602.5,""value"":8},{""t"":207982.40000000596,""value"":9}]"
99d8b5d5-c058-46e7-af79-8aa7300cbaf3,KT0303407,ENUM107,,en,5,0.3.0-v2,9,false,4,true,21,normal,KT0303407-r9-rain,0.48022868197681917,mid,KT0303407-r9-price,0.5113525189703644,13.52,1,26.52,2026-06-11T11:45:18.843Z,2026-06-11T11:45:22.049Z,3205.7999999970198,"[{""t"":215690.79999999702,""value"":1},{""t"":216015.90000000596,""value"":2},{""t"":216426.09999999404,""value"":3},{""t"":216916.70000000298,""value"":4}]"
ffe2c963-fc5a-4854-bc2b-23e288b1e079,BA020705,ENUM106,,ha,5,0.3.0-v2,practice,true,5,true,20,normal,BA020705-rpractice-rain,0.828476364002459,mid,BA020705-rpractice-price,0.2543070550088279,14.65,1,26.65,2026-06-11T11:29:19.391Z,2026-06-11T11:32:37.714Z,198323.5,"[{""t"":526047.1000000015,""value"":1},{""t"":528368.3999999985,""value"":2},{""t"":529953.5,""value"":3},{""t"":530657.6999999993,""value"":4},{""t"":531114.6999999993,""value"":5},{""t"":534109.5,""value"":6},{""t"":534616.6000000015,""value"":7},{""t"":535384.6999999993,""value"":8},{""t"":535794.1999999993,""value"":9},{""t"":536267.8999999985,""value"":10},{""t"":543435.6999999993,""value"":9},{""t"":544103.8999999985,""value"":8},{""t"":544563.6999999993,""value"":7},{""t"":544822.8000000007,""value"":6},{""t"":545034.8000000007,""value"":5},{""t"":545280.6999999993,""value"":4},{""t"":545674.3000000007,""value"":3},{""t"":545920.8000000007,""value"":2},{""t"":546083.5,""value"":1},{""t"":548864.6999999993,""value"":0},{""t"":620065.5,""value"":1},{""t"":620600.1000000015,""value"":2},{""t"":621156,""value"":3},{""t"":621942.1000000015,""value"":4},{""t"":623467,""value"":5}]"
ffe2c963-fc5a-4854-bc2b-23e288b1e079,BA020705,ENUM106,,ha,5,0.3.0-v2,0,false,5,true,20,good,BA020705-r0-rain,0.4732518552073433,low,BA020705-r0-price,0.7989384177417752,21.310000000000002,0.6,25.586000000000002,2026-06-11T11:33:26.022Z,2026-06-11T11:33:51.674Z,25651.800000000745,"[{""t"":707097.1000000015,""value"":1},{""t"":707909.1000000015,""value"":2},{""t"":708646.3999999985,""value"":3},{""t"":710134.6999999993,""value"":4},{""t"":710789.1999999993,""value"":5}]"
ffe2c963-fc5a-4854-bc2b-23e288b1e079,BA020705,ENUM106,,ha,5,0.3.0-v2,1,false,5,true,20,drought,BA020705-r1-rain,0.8213782698439026,mid,BA020705-r1-price,0.22411374291414626,2,1,20,2026-06-11T11:34:18.323Z,2026-06-11T11:34:30.085Z,11761.800000000745,"[{""t"":745309.5,""value"":1},{""t"":745896,""value"":2},{""t"":746436.3000000007,""value"":3},{""t"":746959.5,""value"":4},{""t"":747613.6000000015,""value"":5}]"
ffe2c963-fc5a-4854-bc2b-23e288b1e079,BA020705,ENUM106,,ha,5,0.3.0-v2,2,false,5,true,20,normal,BA020705-r2-rain,0.5619055168703609,low,BA020705-r2-price,0.9877442330273369,14.65,0.6,23.990000000000002,2026-06-11T11:34:51.401Z,2026-06-11T11:35:00.595Z,9193.10000000149,"[{""t"":779599.1999999993,""value"":1},{""t"":780267.5,""value"":2},{""t"":780922.6999999993,""value"":3},{""t"":781559.6000000015,""value"":4},{""t"":782180.5,""value"":5}]"
ffe2c963-fc5a-4854-bc2b-23e288b1e079,BA020705,ENUM106,,ha,5,0.3.0-v2,3,false,5,true,20,drought,BA020705-r3-rain,0.9489772167902215,low,BA020705-r3-price,0.7230770473817295,2,0.6,20,2026-06-11T11:35:07.858Z,2026-06-11T11:35:21.699Z,13840.5,"[{""t"":801242,""value"":1},{""t"":801812.3000000007,""value"":2},{""t"":802351.6999999993,""value"":3},{""t"":802907.6999999993,""value"":4},{""t"":803562.6999999993,""value"":5}]"
ffe2c963-fc5a-4854-bc2b-23e288b1e079,BA020705,ENUM106,,ha,5,0.3.0-v2,4,false,5,true,20,good,BA020705-r4-rain,0.07153231019632628,low,BA020705-r4-price,0.9521502909316192,21.310000000000002,0.6,25.586000000000002,2026-06-11T11:35:27.392Z,2026-06-11T11:35:34.917Z,7525.099999997765,"[{""t"":813985.6999999993,""value"":1},{""t"":814687.3999999985,""value"":2},{""t"":815439.3999999985,""value"":3},{""t"":816012,""value"":4},{""t"":816649.8999999985,""value"":5}]"
ffe2c963-fc5a-4854-bc2b-23e288b1e079,BA020705,ENUM106,,ha,5,0.3.0-v2,5,false,5,true,20,good,BA020705-r5-rain,0.7781753390923685,mid,BA020705-r5-price,0.6328116838014496,21.310000000000002,1,29.310000000000002,2026-06-11T11:35:41.396Z,2026-06-11T11:35:49.034Z,7638.10000000149,"[{""t"":827972.6999999993,""value"":1},{""t"":828641.8999999985,""value"":2},{""t"":829328.3999999985,""value"":3},{""t"":830097.8000000007,""value"":4},{""t"":830736.3999999985,""value"":5}]"
ffe2c963-fc5a-4854-bc2b-23e288b1e079,BA020705,ENUM106,,ha,5,0.3.0-v2,6,false,5,true,20,good,BA020705-r6-rain,0.338254954428438,mid,BA020705-r6-price,0.3579743693840146,21.310000000000002,1,29.310000000000002,2026-06-11T11:35:54.794Z,2026-06-11T11:36:03.006Z,8212.400000002235,"[{""t"":841698.1000000015,""value"":1},{""t"":842317.6000000015,""value"":2},{""t"":843136,""value"":3},{""t"":844526.8000000007,""value"":4},{""t"":845098.6999999993,""value"":5}]"
ffe2c963-fc5a-4854-bc2b-23e288b1e079,BA020705,ENUM106,,ha,5,0.3.0-v2,7,false,5,true,20,good,BA020705-r7-rain,0.042702905937572845,high,BA020705-r7-price,0.09429046545077978,21.310000000000002,1.6,34.896,2026-06-11T11:36:08.976Z,2026-06-11T11:36:17.680Z,8702.89999999851,"[{""t"":857255.6999999993,""value"":1},{""t"":857892.3000000007,""value"":2},{""t"":858513.1999999993,""value"":3},{""t"":859118,""value"":4},{""t"":859691.5,""value"":5}]"
ffe2c963-fc5a-4854-bc2b-23e288b1e079,BA020705,ENUM106,,ha,5,0.3.0-v2,8,false,5,true,20,good,BA020705-r8-rain,0.11463060378867147,mid,BA020705-r8-price,0.42914662898732625,21.310000000000002,1,29.310000000000002,2026-06-11T11:36:23.357Z,2026-06-11T11:36:36.542Z,13185.60000000149,"[{""t"":869492.3000000007,""value"":1},{""t"":870176.6000000015,""value"":2},{""t"":870848.3000000007,""value"":3},{""t"":871453.8000000007,""value"":4},{""t"":871976.8000000007,""value"":5}]"
ffe2c963-fc5a-4854-bc2b-23e288b1e079,BA020705,ENUM106,,ha,5,0.3.0-v2,9,false,6,true,19,good,BA020705-r9-rain,0.06248965368190989,mid,BA020705-r9-price,0.538078531267067,22.752,1,29.752,2026-06-11T11:36:48.926Z,2026-06-11T11:37:03.224Z,14297.39999999851,"[{""t"":900574.8999999985,""value"":1},{""t"":901374,""value"":2},{""t"":902013.6999999993,""value"":3},{""t"":902601.3999999985,""value"":4},{""t"":903255.8000000007,""value"":5},{""t"":903861.1999999993,""value"":6}]"
aeee24b9-6ca5-4674-850b-bff1f51a2e6e,BA022005,ENUM106,,ha,5,0.3.0-v2,practice,true,10,true,15,good,BA022005-rpractice-rain,0.35981250679260385,mid,BA022005-rpractice-price,0.5919124150351581,27.119999999999997,1,30.119999999999997,2026-06-11T17:10:06.582Z,2026-06-11T17:13:03.244Z,176662.3999999985,"[{""t"":16941842.999999996,""value"":1},{""t"":16944193.900000002,""value"":2},{""t"":16945567.499999996,""value"":3},{""t"":16946856.8,""value"":4},{""t"":16947105.7,""value"":5},{""t"":16947467.900000002,""value"":6},{""t"":16947644.599999998,""value"":7},{""t"":16947809.3,""value"":8},{""t"":16948430.400000002,""value"":9},{""t"":16949232.099999998,""value"":10},{""t"":16963729.2,""value"":9},{""t"":16966900.8,""value"":8},{""t"":16967160.499999996,""value"":7},{""t"":16967359.099999998,""value"":6},{""t"":16967552.599999998,""value"":5},{""t"":16967831.400000002,""value"":4},{""t"":16972019.3,""value"":3},{""t"":16972462.499999996,""value"":2},{""t"":16973313.099999998,""value"":1},{""t"":16973657.7,""value"":0},{""t"":17043070.7,""value"":1},{""t"":17043526.7,""value"":2},{""t"":17043834.900000002,""value"":3},{""t"":17044178.7,""value"":4},{""t"":17044473.400000002,""value"":5},{""t"":17044867.3,""value"":6},{""t"":17045258.599999998,""value"":7},{""t"":17048956.900000002,""value"":8},{""t"":17050591.8,""value"":9},{""t"":17092737.400000002,""value"":10}]"
aeee24b9-6ca5-4674-850b-bff1f51a2e6e,BA022005,ENUM106,,ha,5,0.3.0-v2,0,false,9,true,16,good,BA022005-r0-rain,0.2812161589782194,low,BA022005-r0-price,0.7597847969501984,26.238,0.6,24.5428,2026-06-11T17:14:28.805Z,2026-06-11T17:14:51.838Z,23033.20000000298,"[{""t"":17195293.999999996,""value"":1},{""t"":17195832.499999996,""value"":2},{""t"":17196176.099999998,""value"":3},{""t"":17196452.2,""value"":4},{""t"":17196681.3,""value"":5},{""t"":17196943.7,""value"":6},{""t"":17197188.7,""value"":7},{""t"":17197417.599999998,""value"":8},{""t"":17197713.099999998,""value"":9},{""t"":17198170.499999996,""value"":10},{""t"":17203196.2,""value"":9}]"
aeee24b9-6ca5-4674-850b-bff1f51a2e6e,BA022005,ENUM106,,ha,5,0.3.0-v2,1,false,0,false,25,good,BA022005-r1-rain,0.336465772905008,high,BA022005-r1-price,0.05804226814194354,12,1.6,25,2026-06-11T17:16:21.733Z,2026-06-11T17:16:25.969Z,4236.20000000298,[]
aeee24b9-6ca5-4674-850b-bff1f51a2e6e,BA022005,ENUM106,,ha,5,0.3.0-v2,2,false,0,false,25,normal,BA022005-r2-rain,0.43342169535913866,mid,BA022005-r2-price,0.3830341752709902,8,1,25,2026-06-11T17:17:17.648Z,2026-06-11T17:17:23.081Z,5432.5,[]
aeee24b9-6ca5-4674-850b-bff1f51a2e6e,BA022005,ENUM106,,ha,5,0.3.0-v2,3,false,0,false,25,drought,BA022005-r3-rain,0.9413279234980318,high,BA022005-r3-price,0.29175753758459866,2,1.6,25,2026-06-11T17:17:54.457Z,2026-06-11T17:17:58.874Z,4416.10000000149,[]
aeee24b9-6ca5-4674-850b-bff1f51a2e6e,BA022005,ENUM106,,ha,5,0.3.0-v2,4,false,5,true,20,good,BA022005-r4-rain,0.12936653396880257,low,BA022005-r4-price,0.902599797541469,21.310000000000002,0.6,25.586000000000002,2026-06-11T17:18:18.195Z,2026-06-11T17:18:30.234Z,12039.30000000447,"[{""t"":17421429.7,""value"":1},{""t"":17421622.900000002,""value"":2},{""t"":17421806.999999996,""value"":3},{""t"":17422064.400000002,""value"":4},{""t"":17422883.3,""value"":5},{""t"":17423275.599999998,""value"":6},{""t"":17426697.400000002,""value"":5}]"
aeee24b9-6ca5-4674-850b-bff1f51a2e6e,BA022005,ENUM106,,ha,5,0.3.0-v2,5,false,2,true,23,good,BA022005-r5-rain,0.5162008726015588,high,BA022005-r5-price,0.011502650983990075,16.144,1.6,29.630399999999998,2026-06-11T17:18:59.224Z,2026-06-11T17:19:04.114Z,4890.89999999851,"[{""t"":17458989.999999996,""value"":1},{""t"":17460460.400000002,""value"":2}]"
aeee24b9-6ca5-4674-850b-bff1f51a2e6e,BA022005,ENUM106,,ha,5,0.3.0-v2,6,false,2,true,23,good,BA022005-r6-rain,0.36312251101769116,low,BA022005-r6-price,0.7627062248718205,16.144,0.6,25.4864,2026-06-11T17:19:36.817Z,2026-06-11T17:19:50.821Z,14004,"[{""t"":17496943.8,""value"":1},{""t"":17497085.999999996,""value"":2},{""t"":17498446.8,""value"":3},{""t"":17506055.999999996,""value"":2}]"
aeee24b9-6ca5-4674-850b-bff1f51a2e6e,BA022005,ENUM106,,ha,5,0.3.0-v2,7,false,8,true,17,good,BA022005-r7-rain,0.07371309198105243,high,BA022005-r7-price,0.10173256321890248,25.216,1.6,38.1456,2026-06-11T17:20:11.335Z,2026-06-11T17:20:17.716Z,6380.60000000149,"[{""t"":17530987.2,""value"":1},{""t"":17531196.499999996,""value"":2},{""t"":17531362.2,""value"":3},{""t"":17531557.2,""value"":4},{""t"":17531785.2,""value"":5},{""t"":17532045.099999998,""value"":6},{""t"":17534371.499999996,""value"":7},{""t"":17534731.499999996,""value"":8}]"
aeee24b9-6ca5-4674-850b-bff1f51a2e6e,BA022005,ENUM106,,ha,5,0.3.0-v2,8,false,8,true,17,drought,BA022005-r8-rain,0.9784706921948352,mid,BA022005-r8-price,0.7814419597934119,2,1,17,2026-06-11T17:20:38.361Z,2026-06-11T17:20:44.676Z,6314.79999999702,"[{""t"":17559570.3,""value"":1},{""t"":17559776.499999996,""value"":2},{""t"":17559973.999999996,""value"":3},{""t"":17560183.2,""value"":4},{""t"":17560352.099999998,""value"":5},{""t"":17560544.499999996,""value"":6},{""t"":17560774.2,""value"":7},{""t"":17561298.900000002,""value"":8}]"
aeee24b9-6ca5-4674-850b-bff1f51a2e6e,BA022005,ENUM106,,ha,5,0.3.0-v2,9,false,2,true,23,good,BA022005-r9-rain,0.0702425749936142,low,BA022005-r9-price,0.9337400336658989,16.144,0.6,25.4864,2026-06-11T17:21:14.206Z,2026-06-11T17:21:19.389Z,5182.80000000447,"[{""t"":17594492.2,""value"":1},{""t"":17595637.400000002,""value"":2}]"
cc25e2e9-ce9e-4fde-929f-1eb68f2285ed,BA020704,Enum306,,ha,5,0.3.0-v2,practice,true,10,true,15,good,BA020704-rpractice-rain,0.47743768546752674,mid,BA020704-rpractice-price,0.24796294578059658,27.119999999999997,1,30.119999999999997,2026-06-11T11:37:08.778Z,2026-06-11T11:38:22.014Z,73236.20000000298,"[{""t"":422661.5,""value"":1},{""t"":422904,""value"":2},{""t"":423115.6000000015,""value"":3},{""t"":423311.90000000596,""value"":4},{""t"":423496,""value"":5},{""t"":423675.700000003,""value"":6},{""t"":423857.1000000015,""value"":7},{""t"":424034.5,""value"":8},{""t"":424198,""value"":9},{""t"":424359.90000000596,""value"":10},{""t"":426164.80000000447,""value"":9},{""t"":426355.30000000447,""value"":8},{""t"":426502.200000003,""value"":7},{""t"":426671,""value"":6},{""t"":426813.40000000596,""value"":5},{""t"":426960.80000000447,""value"":4},{""t"":427129.1000000015,""value"":3},{""t"":427289.30000000447,""value"":2},{""t"":427473.700000003,""value"":1},{""t"":427781.1000000015,""value"":0},{""t"":450341,""value"":1},{""t"":451468.5,""value"":2},{""t"":452041.200000003,""value"":3},{""t"":452562.5,""value"":4},{""t"":453025.5,""value"":5},{""t"":453579.90000000596,""value"":6},{""t"":454136.200000003,""value"":7},{""t"":454644,""value"":8},{""t"":455298.700000003,""value"":9},{""t"":455806.5,""value"":10}]"
cc25e2e9-ce9e-4fde-929f-1eb68f2285ed,BA020704,Enum306,,ha,5,0.3.0-v2,0,false,10,true,15,good,BA020704-r0-rain,0.3290937879145882,mid,BA020704-r0-price,0.5099355981376326,27.119999999999997,1,30.119999999999997,2026-06-11T11:39:22.908Z,2026-06-11T11:39:46.608Z,23699.80000000447,"[{""t"":536295.400000006,""value"":1},{""t"":536867.700000003,""value"":2},{""t"":537226.8000000045,""value"":3},{""t"":537559.6000000015,""value"":4},{""t"":537880.200000003,""value"":5},{""t"":538228.900000006,""value"":6},{""t"":538962.1000000015,""value"":7},{""t"":539420.900000006,""value"":8},{""t"":539863.3000000045,""value"":9},{""t"":540795.6000000015,""value"":10}]"
cc25e2e9-ce9e-4fde-929f-1eb68f2285ed,BA020704,Enum306,,ha,5,0.3.0-v2,1,false,8,true,17,normal,BA020704-r1-rain,0.7968441538812041,mid,BA020704-r1-price,0.47038828127054766,17.44,1,26.44,2026-06-11T11:39:56.365Z,2026-06-11T11:40:23.260Z,26894.60000000149,"[{""t"":575286,""value"":1},{""t"":575858.900000006,""value"":2},{""t"":576333.8000000045,""value"":3},{""t"":576791.8000000045,""value"":4},{""t"":577200.900000006,""value"":5},{""t"":577675,""value"":6},{""t"":578165.900000006,""value"":7},{""t"":578756.3000000045,""value"":8}]"
cc25e2e9-ce9e-4fde-929f-1eb68f2285ed,BA020704,Enum306,,ha,5,0.3.0-v2,2,false,6,true,19,drought,BA020704-r2-rain,0.6974805094615187,low,BA020704-r2-price,0.9843719127890049,2,0.6,19,2026-06-11T11:40:45.882Z,2026-06-11T11:40:51.562Z,5679.80000000447,"[{""t"":608336.900000006,""value"":1},{""t"":608694.900000006,""value"":2},{""t"":609103.8000000045,""value"":3},{""t"":609463.8000000045,""value"":4},{""t"":609890.5,""value"":5},{""t"":610315.6000000015,""value"":6}]"
cc25e2e9-ce9e-4fde-929f-1eb68f2285ed,BA020704,Enum306,,ha,5,0.3.0-v2,3,false,9,true,16,good,BA020704-r3-rain,0.3215629117538433,high,BA020704-r3-price,0.10994755290557434,26.238,1.6,38.7808,2026-06-11T11:41:41.424Z,2026-06-11T11:42:01.835Z,20411.60000000149,"[{""t"":668613.5,""value"":1},{""t"":673499.900000006,""value"":2},{""t"":674171.900000006,""value"":3},{""t"":674663.3000000045,""value"":4},{""t"":675121.5,""value"":5},{""t"":675742.900000006,""value"":6},{""t"":676283.6000000015,""value"":7},{""t"":676791,""value"":8},{""t"":680131.200000003,""value"":9}]"
cc25e2e9-ce9e-4fde-929f-1eb68f2285ed,BA020704,Enum306,,ha,5,0.3.0-v2,4,false,7,true,18,normal,BA020704-r4-rain,0.5917092672241699,low,BA020704-r4-price,0.7228923260158223,16.61,0.6,23.166,2026-06-11T11:42:31.545Z,2026-06-11T11:42:50.173Z,18628.10000000149,"[{""t"":719417.200000003,""value"":1},{""t"":720153.5,""value"":2},{""t"":720742,""value"":3},{""t"":721331.5,""value"":4},{""t"":722002.6000000015,""value"":5},{""t"":723149,""value"":6},{""t"":723819.8000000045,""value"":7},{""t"":724460.8000000045,""value"":8},{""t"":728520.3000000045,""value"":7}]"
cc25e2e9-ce9e-4fde-929f-1eb68f2285ed,BA020704,Enum306,,ha,5,0.3.0-v2,5,false,10,true,15,good,BA020704-r5-rain,0.0011924501896446945,low,BA020704-r5-price,0.8562065734719171,27.119999999999997,0.6,24.071999999999996,2026-06-11T11:43:07.984Z,2026-06-11T11:43:26.267Z,18283.40000000596,"[{""t"":750864,""value"":1},{""t"":751470.1000000015,""value"":2},{""t"":752105.400000006,""value"":3},{""t"":752646,""value"":4},{""t"":753186.6000000015,""value"":5},{""t"":753791.6000000015,""value"":6},{""t"":754348.400000006,""value"":7},{""t"":754954.8000000045,""value"":8},{""t"":756575.200000003,""value"":9},{""t"":757409.5,""value"":10}]"
cc25e2e9-ce9e-4fde-929f-1eb68f2285ed,BA020704,Enum306,,ha,5,0.3.0-v2,6,false,8,true,17,drought,BA020704-r6-rain,0.9716755102566568,low,BA020704-r6-price,0.9434779625961499,2,0.6,17,2026-06-11T11:43:37.252Z,2026-06-11T11:43:50.690Z,13437.90000000596,"[{""t"":781948.8000000045,""value"":1},{""t"":782683.5,""value"":2},{""t"":783240.3000000045,""value"":3},{""t"":783861.400000006,""value"":4},{""t"":784582.3000000045,""value"":5},{""t"":785172.3000000045,""value"":6},{""t"":785744.5,""value"":7},{""t"":787267.6000000015,""value"":8}]"
cc25e2e9-ce9e-4fde-929f-1eb68f2285ed,BA020704,Enum306,,ha,5,0.3.0-v2,7,false,5,true,20,normal,BA020704-r7-rain,0.5589118613341162,mid,BA020704-r7-price,0.46162805414110775,14.65,1,26.65,2026-06-11T11:44:03.541Z,2026-06-11T11:44:16.670Z,13129.10000000149,"[{""t"":810527.900000006,""value"":1},{""t"":811673.3000000045,""value"":2},{""t"":812458.8000000045,""value"":3},{""t"":813654.700000003,""value"":4},{""t"":815045.5,""value"":5}]"
cc25e2e9-ce9e-4fde-929f-1eb68f2285ed,BA020704,Enum306,,ha,5,0.3.0-v2,8,false,7,true,18,good,BA020704-r8-rain,0.24382327955886743,low,BA020704-r8-price,0.9101529438290382,24.054,0.6,25.2324,2026-06-11T11:44:26.522Z,2026-06-11T11:44:33.954Z,7431.9000000059605,"[{""t"":828568.6000000015,""value"":1},{""t"":829205.1000000015,""value"":2},{""t"":829827.200000003,""value"":3},{""t"":830334.700000003,""value"":4},{""t"":830874.900000006,""value"":5},{""t"":832348,""value"":6},{""t"":832887.900000006,""value"":7}]"
cc25e2e9-ce9e-4fde-929f-1eb68f2285ed,BA020704,Enum306,,ha,5,0.3.0-v2,9,false,8,true,17,drought,BA020704-r9-rain,0.8703052268709219,low,BA020704-r9-price,0.8870466235830748,2,0.6,17,2026-06-11T11:44:48.261Z,2026-06-11T11:45:04.860Z,16598.29999999702,"[{""t"":852238.700000003,""value"":1},{""t"":854167.900000006,""value"":2},{""t"":855329.900000006,""value"":3},{""t"":856018.3000000045,""value"":4},{""t"":857752.1000000015,""value"":5},{""t"":859226.5,""value"":6},{""t"":860683.200000003,""value"":7},{""t"":863007.6000000015,""value"":8}]"
9cc16491-5e11-443a-a1b4-3bdeb9797e82,BA022004,Enum306,,ha,5,0.3.0-v2,practice,true,10,true,15,good,BA022004-rpractice-rain,0.07848769026588327,low,BA022004-rpractice-price,0.8061642280020143,27.119999999999997,0.6,24.071999999999996,2026-06-11T17:07:37.267Z,2026-06-11T17:09:15.384Z,98116.69999999553,"[{""t"":7933182.5,""value"":1},{""t"":7935291.5,""value"":2},{""t"":7936422.5,""value"":3},{""t"":7937011.3000000045,""value"":4},{""t"":7937731.3000000045,""value"":5},{""t"":7938485.1000000015,""value"":6},{""t"":7939205.1000000015,""value"":7},{""t"":7939938.6000000015,""value"":8},{""t"":7940659.5,""value"":9},{""t"":7941348.400000006,""value"":10}]"
9cc16491-5e11-443a-a1b4-3bdeb9797e82,BA022004,Enum306,,ha,5,0.3.0-v2,0,false,5,true,20,good,BA022004-r0-rain,0.2696134596420583,mid,BA022004-r0-price,0.45093191018796547,21.310000000000002,1,29.310000000000002,2026-06-11T17:10:30.696Z,2026-06-11T17:10:40.044Z,9348.10000000149,"[{""t"":8025340.8000000045,""value"":1},{""t"":8026044,""value"":2},{""t"":8026632.700000003,""value"":3},{""t"":8027320.5,""value"":4},{""t"":8028188.400000006,""value"":5}]"
9cc16491-5e11-443a-a1b4-3bdeb9797e82,BA022004,Enum306,,ha,5,0.3.0-v2,1,false,2,true,23,normal,BA022004-r1-rain,0.7563731513390766,low,BA022004-r1-price,0.6189464307068528,10.96,0.6,24.776,2026-06-11T17:11:13.176Z,2026-06-11T17:11:17.792Z,4615.89999999851,"[{""t"":8065689.8000000045,""value"":1},{""t"":8066441.400000006,""value"":2}]"
9cc16491-5e11-443a-a1b4-3bdeb9797e82,BA022004,Enum306,,ha,5,0.3.0-v2,2,false,4,true,21,good,BA022004-r2-rain,0.20835470592320596,high,BA022004-r2-price,0.2569042346450856,19.728,1.6,33.3648,2026-06-11T17:11:29.759Z,2026-06-11T17:11:58.977Z,29218,"[{""t"":8100690,""value"":1},{""t"":8101816.400000006,""value"":2},{""t"":8102487.700000003,""value"":3},{""t"":8103125.700000003,""value"":4}]"
9cc16491-5e11-443a-a1b4-3bdeb9797e82,BA022004,Enum306,,ha,5,0.3.0-v2,3,false,5,true,20,good,BA022004-r3-rain,0.5676614330435669,high,BA022004-r3-price,0.2830935503308902,21.310000000000002,1.6,34.896,2026-06-11T17:12:15.248Z,2026-06-11T17:12:38.541Z,23293.09999999404,"[{""t"":8139795.700000003,""value"":1},{""t"":8145394.400000006,""value"":2},{""t"":8145997.900000006,""value"":3},{""t"":8146666.3000000045,""value"":4},{""t"":8147339.1000000015,""value"":5}]"
9cc16491-5e11-443a-a1b4-3bdeb9797e82,BA022004,Enum306,,ha,5,0.3.0-v2,4,false,3,true,22,drought,BA022004-r4-rain,0.7321860520769599,high,BA022004-r4-price,0.0262959932769367,2,1.6,22,2026-06-11T17:12:49.362Z,2026-06-11T17:12:59.608Z,10245.60000000149,"[{""t"":8166705.3000000045,""value"":1},{""t"":8167585.3000000045,""value"":2},{""t"":8168324.200000003,""value"":3}]"
9cc16491-5e11-443a-a1b4-3bdeb9797e82,BA022004,Enum306,,ha,5,0.3.0-v2,5,false,5,true,20,drought,BA022004-r5-rain,0.9225306726813679,low,BA022004-r5-price,0.9991235343644567,2,0.6,20,2026-06-11T17:13:09.823Z,2026-06-11T17:13:21.642Z,11818.60000000149,"[{""t"":8187280.8000000045,""value"":1},{""t"":8187884.700000003,""value"":2},{""t"":8188426.3000000045,""value"":3},{""t"":8188998.8000000045,""value"":4},{""t"":8189637.8000000045,""value"":5}]"
9cc16491-5e11-443a-a1b4-3bdeb9797e82,BA022004,Enum306,,ha,5,0.3.0-v2,6,false,4,true,21,good,BA022004-r6-rain,0.11345653648614272,low,BA022004-r6-price,0.8606921475591595,19.728,0.6,25.6368,2026-06-11T17:13:34.197Z,2026-06-11T17:13:46.588Z,12390.80000000447,"[{""t"":8212295,""value"":1},{""t"":8213733,""value"":2},{""t"":8214681.3000000045,""value"":3},{""t"":8215320.400000006,""value"":4}]"
9cc16491-5e11-443a-a1b4-3bdeb9797e82,BA022004,Enum306,,ha,5,0.3.0-v2,7,false,0,false,25,drought,BA022004-r7-rain,0.7410522308457823,high,BA022004-r7-price,0.11029943931756044,2,1.6,25,2026-06-11T17:13:56.934Z,2026-06-11T17:14:07.966Z,11031.89999999851,[]
9cc16491-5e11-443a-a1b4-3bdeb9797e82,BA022004,Enum306,,ha,5,0.3.0-v2,8,false,4,true,21,good,BA022004-r8-rain,0.1686646357665442,mid,BA022004-r8-price,0.3343928790988295,19.728,1,28.728,2026-06-11T17:14:20.916Z,2026-06-11T17:14:38.953Z,18037.39999999851,"[{""t"":8265510.900000006,""value"":1},{""t"":8266163.3000000045,""value"":2},{""t"":8266864.3000000045,""value"":3},{""t"":8267554.900000006,""value"":4}]"
9cc16491-5e11-443a-a1b4-3bdeb9797e82,BA022004,Enum306,,ha,5,0.3.0-v2,9,false,3,true,22,good,BA022004-r9-rain,0.3284777968998029,mid,BA022004-r9-price,0.2193443102042984,18.006,1,28.006,2026-06-11T17:14:54.652Z,2026-06-11T17:15:07.206Z,12554.79999999702,"[{""t"":8294337.400000006,""value"":1},{""t"":8295005.900000006,""value"":2},{""t"":8295677.3000000045,""value"":3}]"
e3832ac6-2420-43ce-b14d-5caf4c06c280,KT030404,ENUM104,,ha,5,0.3.0-v2,practice,true,2,true,23,good,KT030404-rpractice-rain,0.5075295394918415,mid,KT030404-rpractice-price,0.4396750957628835,16.144,1,27.144,2026-06-11T11:46:42.879Z,2026-06-11T11:46:49.068Z,6188.5999999996275,"[{""t"":118225.39999999944,""value"":1},{""t"":119161.39999999944,""value"":2}]"
e3832ac6-2420-43ce-b14d-5caf4c06c280,KT030404,ENUM104,,ha,5,0.3.0-v2,0,false,3,true,22,good,KT030404-r0-rain,0.45365015287026755,low,KT030404-r0-price,0.9270478941964779,18.006,0.6,25.6036,2026-06-11T11:46:54.470Z,2026-06-11T11:46:58.935Z,4465.4000000003725,"[{""t"":127447.39999999944,""value"":1},{""t"":128139.20000000019,""value"":2},{""t"":129238.59999999963,""value"":3}]"
e3832ac6-2420-43ce-b14d-5caf4c06c280,KT030404,ENUM104,,ha,5,0.3.0-v2,1,false,4,true,21,normal,KT030404-r1-rain,0.5988535971145562,mid,KT030404-r1-price,0.4718721911551292,13.52,1,26.52,2026-06-11T11:47:02.770Z,2026-06-11T11:47:07.726Z,4956.4000000003725,"[{""t"":135749.89999999944,""value"":1},{""t"":136434.2000000002,""value"":2},{""t"":136965.7999999998,""value"":3},{""t"":138095.7000000002,""value"":4}]"
e3832ac6-2420-43ce-b14d-5caf4c06c280,KT030404,ENUM104,,ha,5,0.3.0-v2,2,false,3,true,22,normal,KT030404-r2-rain,0.5513261891602865,mid,KT030404-r2-price,0.6596878760877243,12.29,1,26.29,2026-06-11T11:47:11.425Z,2026-06-11T11:47:14.843Z,3418.2000000001863,"[{""t"":144243.7999999998,""value"":1},{""t"":144839.5,""value"":2},{""t"":145310.59999999963,""value"":3}]"
e3832ac6-2420-43ce-b14d-5caf4c06c280,KT030404,ENUM104,,ha,5,0.3.0-v2,3,false,3,true,22,good,KT030404-r3-rain,0.22698576776948945,mid,KT030404-r3-price,0.3848903115779757,18.006,1,28.006,2026-06-11T11:47:19.906Z,2026-06-11T11:47:25.993Z,6087.0999999996275,"[{""t"":152568.7000000002,""value"":1},{""t"":153129.59999999963,""value"":2},{""t"":153677.2999999998,""value"":3}]"
e3832ac6-2420-43ce-b14d-5caf4c06c280,KT030404,ENUM104,,ha,5,0.3.0-v2,4,false,4,true,21,good,KT030404-r4-rain,0.10612791248543281,low,KT030404-r4-price,0.794933958184574,19.728,0.6,25.6368,2026-06-11T11:47:32.323Z,2026-06-11T11:47:37.108Z,4785,"[{""t"":165302.09999999963,""value"":1},{""t"":166180.7000000002,""value"":2},{""t"":166573.5,""value"":3},{""t"":167147,""value"":4}]"
e3832ac6-2420-43ce-b14d-5caf4c06c280,KT030404,ENUM104,,ha,5,0.3.0-v2,5,false,3,true,22,normal,KT030404-r5-rain,0.8128469718365782,mid,KT030404-r5-price,0.7301824774968592,12.29,1,26.29,2026-06-11T11:47:40.482Z,2026-06-11T11:47:43.901Z,3418.2000000001863,"[{""t"":173238.2999999998,""value"":1},{""t"":173663.59999999963,""value"":2},{""t"":174260.39999999944,""value"":3}]"
e3832ac6-2420-43ce-b14d-5caf4c06c280,KT030404,ENUM104,,ha,5,0.3.0-v2,6,false,3,true,22,normal,KT030404-r6-rain,0.6182235070048095,low,KT030404-r6-price,0.9656179897694269,12.29,0.6,24.573999999999998,2026-06-11T11:47:47.324Z,2026-06-11T11:47:51.334Z,4009.5,"[{""t"":179953.7000000002,""value"":1},{""t"":180736.89999999944,""value"":2},{""t"":181294,""value"":3}]"
e3832ac6-2420-43ce-b14d-5caf4c06c280,KT030404,ENUM104,,ha,5,0.3.0-v2,7,false,4,true,21,drought,KT030404-r7-rain,0.9156831084954415,high,KT030404-r7-price,0.01579703177654932,2,1.6,21,2026-06-11T11:47:56.344Z,2026-06-11T11:48:01.432Z,5087.799999999814,"[{""t"":189103.59999999963,""value"":1},{""t"":189884.39999999944,""value"":2},{""t"":190671.09999999963,""value"":3},{""t"":191557.39999999944,""value"":4}]"
e3832ac6-2420-43ce-b14d-5caf4c06c280,KT030404,ENUM104,,ha,5,0.3.0-v2,8,false,3,true,22,good,KT030404-r8-rain,0.26064733109494026,mid,KT030404-r8-price,0.37426063125366704,18.006,1,28.006,2026-06-11T11:48:05.185Z,2026-06-11T11:48:09.798Z,4612.899999999441,"[{""t"":198203.59999999963,""value"":1},{""t"":198852.59999999963,""value"":2},{""t"":199360.7000000002,""value"":3}]"
e3832ac6-2420-43ce-b14d-5caf4c06c280,KT030404,ENUM104,,ha,5,0.3.0-v2,9,false,3,true,22,drought,KT030404-r9-rain,0.7433970244542426,high,KT030404-r9-price,0.10367113457368225,2,1.6,22,2026-06-11T11:48:13.640Z,2026-06-11T11:48:17.181Z,3541.100000000559,"[{""t"":206335.2000000002,""value"":1},{""t"":206943.7999999998,""value"":2},{""t"":207331.5,""value"":3}]"
17fb61ac-7223-4635-9736-cf509b2163c5,KT030403,Enum103,,en,5,0.3.0-v2,practice,true,4,true,21,good,KT030403-rpractice-rain,0.09500572879947272,high,KT030403-rpractice-price,0.06932010891190771,19.728,1.6,33.3648,2026-06-11T11:35:40.638Z,2026-06-11T11:36:30.612Z,49973.89999999106,"[{""t"":54702,""value"":1},{""t"":55142.5,""value"":2},{""t"":55624.10000000894,""value"":3},{""t"":56124.40000000596,""value"":4}]"
17fb61ac-7223-4635-9736-cf509b2163c5,KT030403,Enum103,,en,5,0.3.0-v2,0,false,7,true,18,normal,KT030403-r0-rain,0.8320591633868939,low,KT030403-r0-price,0.979113121422132,16.61,0.6,23.166,2026-06-11T11:36:46.887Z,2026-06-11T11:36:59.821Z,12933.70000000298,"[{""t"":92666.79999999702,""value"":1},{""t"":93077.90000000596,""value"":2},{""t"":93207.79999999702,""value"":3},{""t"":93442.79999999702,""value"":4},{""t"":93625,""value"":5},{""t"":93808.29999999702,""value"":6},{""t"":94991.70000000298,""value"":7}]"
17fb61ac-7223-4635-9736-cf509b2163c5,KT030403,Enum103,,en,5,0.3.0-v2,1,false,5,true,20,normal,KT030403-r1-rain,0.6102968212004813,low,KT030403-r1-price,0.7527341713776192,14.65,0.6,23.990000000000002,2026-06-11T11:37:15.991Z,2026-06-11T11:37:25.535Z,9543.59999999404,"[{""t"":115854.5,""value"":1},{""t"":116134.10000000894,""value"":2},{""t"":117081.20000000298,""value"":3},{""t"":117298.70000000298,""value"":4},{""t"":117479.90000000596,""value"":5}]"
17fb61ac-7223-4635-9736-cf509b2163c5,KT030403,Enum103,,en,5,0.3.0-v2,2,false,10,true,15,normal,KT030403-r2-rain,0.48572793654068297,high,KT030403-r2-price,0.26959805594251174,18.8,1.6,32.28,2026-06-11T11:37:35.295Z,2026-06-11T11:37:43.673Z,8378,"[{""t"":135754.60000000894,""value"":1},{""t"":135932.90000000596,""value"":2},{""t"":136116.40000000596,""value"":3},{""t"":136566.90000000596,""value"":4},{""t"":137079.29999999702,""value"":5},{""t"":138379.5,""value"":6},{""t"":138560.20000000298,""value"":7},{""t"":139127.40000000596,""value"":8},{""t"":139307.79999999702,""value"":9},{""t"":139808.90000000596,""value"":10}]"
17fb61ac-7223-4635-9736-cf509b2163c5,KT030403,Enum103,,en,5,0.3.0-v2,3,false,9,true,16,good,KT030403-r3-rain,0.4169356412991971,high,KT030403-r3-price,0.15072112724907596,26.238,1.6,38.7808,2026-06-11T11:37:50.819Z,2026-06-11T11:37:59.562Z,8742.5,"[{""t"":150515.90000000596,""value"":1},{""t"":150695.10000000894,""value"":2},{""t"":150878.40000000596,""value"":3},{""t"":151027.10000000894,""value"":4},{""t"":151179.60000000894,""value"":5},{""t"":151692.20000000298,""value"":6},{""t"":153454.79999999702,""value"":7},{""t"":155434.40000000596,""value"":8},{""t"":156333.29999999702,""value"":9}]"
17fb61ac-7223-4635-9736-cf509b2163c5,KT030403,Enum103,,en,5,0.3.0-v2,4,false,8,true,17,drought,KT030403-r4-rain,0.9706905997178464,low,KT030403-r4-price,0.9236538719536994,2,0.6,17,2026-06-11T11:38:05.032Z,2026-06-11T11:38:10.103Z,5070.899999991059,"[{""t"":165113.40000000596,""value"":1},{""t"":165309.90000000596,""value"":2},{""t"":165471.29999999702,""value"":3},{""t"":165673.60000000894,""value"":4},{""t"":165939.90000000596,""value"":5},{""t"":166340.90000000596,""value"":6},{""t"":166621.10000000894,""value"":7},{""t"":167321.40000000596,""value"":8}]"
17fb61ac-7223-4635-9736-cf509b2163c5,KT030403,Enum103,,en,5,0.3.0-v2,5,false,6,true,19,good,KT030403-r5-rain,0.6792944839578556,high,KT030403-r5-price,0.02890583198958647,22.752,1.6,36.203199999999995,2026-06-11T11:38:20.878Z,2026-06-11T11:38:31.932Z,11054.5,"[{""t"":180653.10000000894,""value"":1},{""t"":181249.90000000596,""value"":2},{""t"":181451.10000000894,""value"":3},{""t"":181619.10000000894,""value"":4},{""t"":181802.29999999702,""value"":5},{""t"":182216.5,""value"":6},{""t"":182681.79999999702,""value"":7},{""t"":184226.29999999702,""value"":8},{""t"":185905.40000000596,""value"":9},{""t"":187693.60000000894,""value"":8},{""t"":188068,""value"":7},{""t"":188299.5,""value"":6}]"
17fb61ac-7223-4635-9736-cf509b2163c5,KT030403,Enum103,,en,5,0.3.0-v2,6,false,10,true,15,good,KT030403-r6-rain,0.5037992870044331,low,KT030403-r6-price,0.8227748515072789,27.119999999999997,0.6,24.071999999999996,2026-06-11T11:38:37.881Z,2026-06-11T11:38:47.907Z,10025.89999999106,"[{""t"":197412.40000000596,""value"":1},{""t"":197671.90000000596,""value"":2},{""t"":198141.90000000596,""value"":3},{""t"":198340.20000000298,""value"":4},{""t"":198523.20000000298,""value"":5},{""t"":198706.60000000894,""value"":6},{""t"":198906.60000000894,""value"":7},{""t"":199971.60000000894,""value"":8},{""t"":200185.70000000298,""value"":9},{""t"":201215.90000000596,""value"":10}]"
17fb61ac-7223-4635-9736-cf509b2163c5,KT030403,Enum103,,en,5,0.3.0-v2,7,false,7,true,18,drought,KT030403-r7-rain,0.7406777662326357,low,KT030403-r7-price,0.9668260934594435,2,0.6,18,2026-06-11T11:38:52.547Z,2026-06-11T11:38:55.786Z,3238.7000000029802,"[{""t"":212142.70000000298,""value"":1},{""t"":212355.10000000894,""value"":2},{""t"":212519.20000000298,""value"":3},{""t"":212674,""value"":4},{""t"":212852.90000000596,""value"":5},{""t"":212990,""value"":6},{""t"":213153,""value"":7}]"
17fb61ac-7223-4635-9736-cf509b2163c5,KT030403,Enum103,,en,5,0.3.0-v2,8,false,5,true,20,normal,KT030403-r8-rain,0.4708272637420579,mid,KT030403-r8-price,0.6775599603786119,14.65,1,26.65,2026-06-11T11:38:59.961Z,2026-06-11T11:39:03.400Z,3439.5,"[{""t"":219440.40000000596,""value"":1},{""t"":219638.90000000596,""value"":2},{""t"":219820.29999999702,""value"":3},{""t"":219999.70000000298,""value"":4},{""t"":221050.70000000298,""value"":5}]"
17fb61ac-7223-4635-9736-cf509b2163c5,KT030403,Enum103,,en,5,0.3.0-v2,9,false,10,true,15,good,KT030403-r9-rain,0.1494639096309001,mid,KT030403-r9-price,0.4304829564437021,27.119999999999997,1,30.119999999999997,2026-06-11T11:39:07.389Z,2026-06-11T11:39:14.228Z,6838,"[{""t"":226854.40000000596,""value"":1},{""t"":227033.60000000894,""value"":2},{""t"":227218.60000000894,""value"":3},{""t"":227897.5,""value"":4},{""t"":228097.5,""value"":5},{""t"":228280.40000000596,""value"":6},{""t"":228450.70000000298,""value"":7},{""t"":229711.29999999702,""value"":8},{""t"":229927.79999999702,""value"":9},{""t"":231209,""value"":10}]"
f83f1d54-019a-4b7c-a8df-c75c8243ae4b,Kt030405,ENUM405,,ha,5,0.3.0-v2,practice,true,4,true,21,good,Kt030405-rpractice-rain,0.43750418895530974,high,Kt030405-rpractice-price,0.16595897927998027,19.728,1.6,33.3648,2026-06-11T11:50:14.749Z,2026-06-11T11:50:17.690Z,2940.5999999996275,"[{""t"":62293.09999999963,""value"":1},{""t"":62485.59999999963,""value"":2},{""t"":62667.40000000037,""value"":3},{""t"":62794.59999999963,""value"":4}]"
f83f1d54-019a-4b7c-a8df-c75c8243ae4b,Kt030405,ENUM405,,ha,5,0.3.0-v2,0,false,8,true,17,good,Kt030405-r0-rain,0.2498974369985231,high,Kt030405-r0-price,0.13213819792172654,25.216,1.6,38.1456,2026-06-11T11:50:21.677Z,2026-06-11T11:50:27.002Z,5325.0999999996275,"[{""t"":69252.5,""value"":1},{""t"":69716.80000000075,""value"":2},{""t"":70567.5,""value"":3},{""t"":70754.90000000037,""value"":4},{""t"":70930.5,""value"":5},{""t"":71098.59999999963,""value"":6},{""t"":71271.69999999925,""value"":7},{""t"":72087.09999999963,""value"":8}]"
f83f1d54-019a-4b7c-a8df-c75c8243ae4b,Kt030405,ENUM405,,ha,5,0.3.0-v2,1,false,5,true,20,good,Kt030405-r1-rain,0.00632935681970425,low,Kt030405-r1-price,0.7514790807643941,21.310000000000002,0.6,25.586000000000002,2026-06-11T11:50:31.855Z,2026-06-11T11:50:34.917Z,3061.5,"[{""t"":79381.09999999963,""value"":1},{""t"":79585,""value"":2},{""t"":79768.59999999963,""value"":3},{""t"":79910.69999999925,""value"":4},{""t"":80077.59999999963,""value"":5}]"
f83f1d54-019a-4b7c-a8df-c75c8243ae4b,Kt030405,ENUM405,,ha,5,0.3.0-v2,2,false,4,true,21,drought,Kt030405-r2-rain,0.601525642662889,high,Kt030405-r2-price,0.22720406214411076,2,1.6,21,2026-06-11T11:50:44.481Z,2026-06-11T11:50:47.154Z,2672.5999999996275,"[{""t"":91841.40000000037,""value"":1},{""t"":92016.40000000037,""value"":2},{""t"":92149.69999999925,""value"":3},{""t"":92300,""value"":4}]"
f83f1d54-019a-4b7c-a8df-c75c8243ae4b,Kt030405,ENUM405,,ha,5,0.3.0-v2,3,false,3,true,22,good,Kt030405-r3-rain,0.4346644461853276,low,Kt030405-r3-price,0.719212341836242,18.006,0.6,25.6036,2026-06-11T11:50:50.025Z,2026-06-11T11:50:52.435Z,2409.5,"[{""t"":97354.19999999925,""value"":1},{""t"":97609.30000000075,""value"":2},{""t"":97814.19999999925,""value"":3}]"
f83f1d54-019a-4b7c-a8df-c75c8243ae4b,Kt030405,ENUM405,,ha,5,0.3.0-v2,4,false,3,true,22,good,Kt030405-r4-rain,0.30585444456114125,high,Kt030405-r4-price,0.0063083713680377245,18.006,1.6,31.6096,2026-06-11T11:50:57.807Z,2026-06-11T11:51:02.932Z,5124.5999999996275,"[{""t"":105150.90000000037,""value"":1},{""t"":105312.90000000037,""value"":2},{""t"":105455.40000000037,""value"":3}]"
f83f1d54-019a-4b7c-a8df-c75c8243ae4b,Kt030405,ENUM405,,ha,5,0.3.0-v2,5,false,2,true,23,good,Kt030405-r5-rain,0.3943315767647781,mid,Kt030405-r5-price,0.4864089538151195,16.144,1,27.144,2026-06-11T11:51:06.308Z,2026-06-11T11:51:09.130Z,2821.60000000149,"[{""t"":113600.09999999963,""value"":1},{""t"":113825.40000000037,""value"":2}]"
f83f1d54-019a-4b7c-a8df-c75c8243ae4b,Kt030405,ENUM405,,ha,5,0.3.0-v2,6,false,0,false,25,normal,Kt030405-r6-rain,0.7372296350567729,mid,Kt030405-r6-price,0.38607102692606887,8,1,25,2026-06-11T11:51:50.445Z,2026-06-11T11:51:52.674Z,2228.0999999996275,[]
f83f1d54-019a-4b7c-a8df-c75c8243ae4b,Kt030405,ENUM405,,ha,5,0.3.0-v2,7,false,6,true,19,good,Kt030405-r7-rain,0.06903023868862287,mid,Kt030405-r7-price,0.2911286302374983,22.752,1,29.752,2026-06-11T11:52:27.802Z,2026-06-11T11:52:30.841Z,3038.4000000003725,"[{""t"":195138.69999999925,""value"":1},{""t"":195306.30000000075,""value"":2},{""t"":195464.5,""value"":3},{""t"":195580.59999999963,""value"":4},{""t"":195753,""value"":5},{""t"":195920.19999999925,""value"":6}]"
f83f1d54-019a-4b7c-a8df-c75c8243ae4b,Kt030405,ENUM405,,ha,5,0.3.0-v2,8,false,4,true,21,normal,Kt030405-r8-rain,0.45035011739256176,high,Kt030405-r8-price,0.13003062044999467,13.52,1.6,29.832,2026-06-11T11:52:47.900Z,2026-06-11T11:52:50.692Z,2792,"[{""t"":215510,""value"":1},{""t"":215831.09999999963,""value"":2},{""t"":216024.30000000075,""value"":3},{""t"":216204.90000000037,""value"":4}]"
f83f1d54-019a-4b7c-a8df-c75c8243ae4b,Kt030405,ENUM405,,ha,5,0.3.0-v2,9,false,1,true,24,good,Kt030405-r9-rain,0.2767548581548723,low,Kt030405-r9-price,0.7838462582329879,14.142,0.6,25.2852,2026-06-11T11:52:53.949Z,2026-06-11T11:52:56.261Z,2311.5,"[{""t"":221135.90000000037,""value"":1}]"
d5266e73-93ec-47fc-b1ce-4f6eb45e67e3,KT030401,ENUM101,,ha,5,0.3.0-v2,practice,true,3,true,22,good,KT030401-rpractice-rain,0.3377195676173497,mid,KT030401-rpractice-price,0.3271296398665657,18.006,1,28.006,2026-06-11T11:29:39.668Z,2026-06-11T11:29:48.493Z,8825.20000000298,"[{""t"":544649.1000000089,""value"":1},{""t"":544888.900000006,""value"":2},{""t"":545234.6000000089,""value"":3}]"
d5266e73-93ec-47fc-b1ce-4f6eb45e67e3,KT030401,ENUM101,,ha,5,0.3.0-v2,0,false,5,true,20,drought,KT030401-r0-rain,0.992340217855267,low,KT030401-r0-price,0.9827674515042432,2,0.6,20,2026-06-11T11:30:06.843Z,2026-06-11T11:30:12.259Z,5416.5999999940395,"[{""t"":568007.400000006,""value"":1},{""t"":568397.6000000089,""value"":2},{""t"":568625.6000000089,""value"":3},{""t"":568854.900000006,""value"":4},{""t"":569641.400000006,""value"":5}]"
d5266e73-93ec-47fc-b1ce-4f6eb45e67e3,KT030401,ENUM101,,ha,5,0.3.0-v2,1,false,6,true,19,good,KT030401-r1-rain,0.16135536368542408,low,KT030401-r1-price,0.8793262610077958,22.752,0.6,25.4512,2026-06-11T11:30:25.762Z,2026-06-11T11:30:33.375Z,7612.600000008941,"[{""t"":587389.200000003,""value"":1},{""t"":587629.900000006,""value"":2},{""t"":587858.799999997,""value"":3},{""t"":588088.1000000089,""value"":4},{""t"":588333.6000000089,""value"":5},{""t"":588809.400000006,""value"":6}]"
d5266e73-93ec-47fc-b1ce-4f6eb45e67e3,KT030401,ENUM101,,ha,5,0.3.0-v2,2,false,8,true,17,normal,KT030401-r2-rain,0.5669003945494191,low,KT030401-r2-price,0.8284471055231765,17.44,0.6,22.664,2026-06-11T11:30:44.409Z,2026-06-11T11:30:49.532Z,5122.899999991059,"[{""t"":605853.299999997,""value"":1},{""t"":606045.700000003,""value"":2},{""t"":606274.1000000089,""value"":3},{""t"":606550.900000006,""value"":4},{""t"":606763.6000000089,""value"":5},{""t"":606962.1000000089,""value"":6},{""t"":607174.700000003,""value"":7},{""t"":607418.200000003,""value"":8}]"
d5266e73-93ec-47fc-b1ce-4f6eb45e67e3,KT030401,ENUM101,,ha,5,0.3.0-v2,3,false,10,true,15,good,KT030401-r3-rain,0.05077331580783459,mid,KT030401-r3-price,0.6253582659798556,27.119999999999997,1,30.119999999999997,2026-06-11T11:30:56.394Z,2026-06-11T11:31:03.118Z,6724.20000000298,"[{""t"":617605.400000006,""value"":1},{""t"":617829.799999997,""value"":2},{""t"":618074.5,""value"":3},{""t"":618305.799999997,""value"":4},{""t"":619124,""value"":5},{""t"":619501.299999997,""value"":6},{""t"":619730,""value"":7},{""t"":619911,""value"":8},{""t"":620288.1000000089,""value"":9},{""t"":620472.400000006,""value"":10}]"
d5266e73-93ec-47fc-b1ce-4f6eb45e67e3,KT030401,ENUM101,,ha,5,0.3.0-v2,4,false,10,true,15,good,KT030401-r4-rain,0.3417412455235473,low,KT030401-r4-price,0.5910904711108563,27.119999999999997,0.6,24.071999999999996,2026-06-11T11:31:13.448Z,2026-06-11T11:31:19.555Z,6106.4000000059605,"[{""t"":635006.200000003,""value"":1},{""t"":635247.900000006,""value"":2},{""t"":635496.799999997,""value"":3},{""t"":636197.6000000089,""value"":4},{""t"":636442.299999997,""value"":5},{""t"":636671.5,""value"":6},{""t"":636884.700000003,""value"":7},{""t"":637081.6000000089,""value"":8},{""t"":637539.700000003,""value"":9},{""t"":637768.799999997,""value"":10}]"
d5266e73-93ec-47fc-b1ce-4f6eb45e67e3,KT030401,ENUM101,,ha,5,0.3.0-v2,5,false,7,true,18,good,KT030401-r5-rain,0.05675732059563114,mid,KT030401-r5-price,0.7905154891101202,24.054,1,30.054,2026-06-11T11:31:25.285Z,2026-06-11T11:31:31.030Z,5745.5,"[{""t"":647660.200000003,""value"":1},{""t"":647851.900000006,""value"":2},{""t"":648279.299999997,""value"":3},{""t"":648441.799999997,""value"":4},{""t"":648637.900000006,""value"":5},{""t"":648834.700000003,""value"":6},{""t"":649556,""value"":7}]"
d5266e73-93ec-47fc-b1ce-4f6eb45e67e3,KT030401,ENUM101,,ha,5,0.3.0-v2,6,false,7,true,18,drought,KT030401-r6-rain,0.9361551392422608,mid,KT030401-r6-price,0.31241880832862406,2,1,18,2026-06-11T11:31:36.398Z,2026-06-11T11:31:42.699Z,6301.0999999940395,"[{""t"":658592.200000003,""value"":1},{""t"":658850.400000006,""value"":2},{""t"":659098.400000006,""value"":3},{""t"":659373.5,""value"":4},{""t"":660193.400000006,""value"":5},{""t"":660391.299999997,""value"":6},{""t"":660817.400000006,""value"":7}]"
d5266e73-93ec-47fc-b1ce-4f6eb45e67e3,KT030401,ENUM101,,ha,5,0.3.0-v2,7,false,5,true,20,drought,KT030401-r7-rain,0.9301072521092002,low,KT030401-r7-price,0.7911604466913674,2,0.6,20,2026-06-11T11:31:50.228Z,2026-06-11T11:31:55.106Z,4878.20000000298,"[{""t"":671491.6000000089,""value"":1},{""t"":671735.5,""value"":2},{""t"":671963.799999997,""value"":3},{""t"":672209.6000000089,""value"":4},{""t"":672487.299999997,""value"":5}]"
d5266e73-93ec-47fc-b1ce-4f6eb45e67e3,KT030401,ENUM101,,ha,5,0.3.0-v2,8,false,8,true,17,normal,KT030401-r8-rain,0.4391606045998921,high,KT030401-r8-price,0.14730466202275067,17.44,1.6,32.104,2026-06-11T11:32:01.903Z,2026-06-11T11:32:07.648Z,5744.70000000298,"[{""t"":683324.900000006,""value"":1},{""t"":683618.200000003,""value"":2},{""t"":683894.6000000089,""value"":3},{""t"":684487.700000003,""value"":4},{""t"":685355.400000006,""value"":5},{""t"":685583.700000003,""value"":6},{""t"":685813,""value"":7},{""t"":686039.299999997,""value"":8}]"
d5266e73-93ec-47fc-b1ce-4f6eb45e67e3,KT030401,ENUM101,,ha,5,0.3.0-v2,9,false,10,true,15,normal,KT030401-r9-rain,0.4068765336412549,low,KT030401-r9-price,0.990420347169395,18.8,0.6,21.48,2026-06-11T11:32:20.056Z,2026-06-11T11:32:25.373Z,5317.699999988079,"[{""t"":701336.900000006,""value"":1},{""t"":701609.799999997,""value"":2},{""t"":701840.200000003,""value"":3},{""t"":702051.1000000089,""value"":4},{""t"":702255.400000006,""value"":5},{""t"":702430.799999997,""value"":6},{""t"":702656.799999997,""value"":7},{""t"":702837.1000000089,""value"":8},{""t"":703032.700000003,""value"":9},{""t"":703262,""value"":10}]"
593c14bc-c723-4a7a-93c1-4426821e663b,BA020707,Enum207,,ha,5,0.3.0-v2,practice,true,5,true,20,good,BA020707-rpractice-rain,0.40394762958502056,mid,BA020707-rpractice-price,0.6509384654434403,21.310000000000002,1,29.310000000000002,2026-06-11T12:39:44.156Z,2026-06-11T12:40:26.895Z,42739.09999999404,"[{""t"":288610.700000003,""value"":1},{""t"":289996.90000000596,""value"":2},{""t"":290472,""value"":3},{""t"":290847.90000000596,""value"":4},{""t"":291487.09999999404,""value"":5}]"
593c14bc-c723-4a7a-93c1-4426821e663b,BA020707,Enum207,,ha,5,0.3.0-v2,0,false,6,true,19,normal,BA020707-r0-rain,0.751894931849591,mid,BA020707-r0-price,0.3658331748729044,15.68,1,26.68,2026-06-11T12:40:41.415Z,2026-06-11T12:40:50.842Z,9427.5,"[{""t"":318550.799999997,""value"":1},{""t"":319068.59999999404,""value"":2},{""t"":319462.799999997,""value"":3},{""t"":319788.799999997,""value"":4},{""t"":320149.299999997,""value"":5},{""t"":320999.09999999404,""value"":6}]"
593c14bc-c723-4a7a-93c1-4426821e663b,BA020707,Enum207,,ha,5,0.3.0-v2,1,false,7,true,18,good,BA020707-r1-rain,0.028110636393880558,mid,BA020707-r1-price,0.1694161691491205,24.054,1,30.054,2026-06-11T12:40:59.650Z,2026-06-11T12:41:07.980Z,8330.29999999702,"[{""t"":334069,""value"":1},{""t"":334668.90000000596,""value"":2},{""t"":335129.200000003,""value"":3},{""t"":335539.59999999404,""value"":4},{""t"":336209.90000000596,""value"":5},{""t"":336895.200000003,""value"":6},{""t"":338190.59999999404,""value"":7}]"
593c14bc-c723-4a7a-93c1-4426821e663b,BA020707,Enum207,,ha,5,0.3.0-v2,2,false,4,true,21,drought,BA020707-r2-rain,0.685883021352354,low,BA020707-r2-price,0.8254643647916752,2,0.6,21,2026-06-11T12:41:13.400Z,2026-06-11T12:41:18.014Z,4614.79999999702,"[{""t"":347375.90000000596,""value"":1},{""t"":347863.299999997,""value"":2},{""t"":348206.59999999404,""value"":3},{""t"":348551.09999999404,""value"":4}]"
593c14bc-c723-4a7a-93c1-4426821e663b,BA020707,Enum207,,ha,5,0.3.0-v2,3,false,7,true,18,good,BA020707-r3-rain,0.05547669665301157,low,BA020707-r3-price,0.93770775384353,24.054,0.6,25.2324,2026-06-11T12:41:24.516Z,2026-06-11T12:41:31.224Z,6708.399999991059,"[{""t"":358081.09999999404,""value"":1},{""t"":358403.09999999404,""value"":2},{""t"":358631.09999999404,""value"":3},{""t"":358894.299999997,""value"":4},{""t"":359404,""value"":5},{""t"":360927.700000003,""value"":6},{""t"":362073,""value"":7}]"
593c14bc-c723-4a7a-93c1-4426821e663b,BA020707,Enum207,,ha,5,0.3.0-v2,4,false,7,true,18,good,BA020707-r4-rain,0.128338656496077,low,BA020707-r4-price,0.7552485518187837,24.054,0.6,25.2324,2026-06-11T12:41:35.416Z,2026-06-11T12:41:43.795Z,8378.89999999106,"[{""t"":369244.799999997,""value"":1},{""t"":370453.09999999404,""value"":2},{""t"":370944.700000003,""value"":3},{""t"":372696.700000003,""value"":4},{""t"":373269.5,""value"":5},{""t"":373744.09999999404,""value"":6},{""t"":373955.09999999404,""value"":7}]"
593c14bc-c723-4a7a-93c1-4426821e663b,BA020707,Enum207,,ha,5,0.3.0-v2,5,false,6,true,19,good,BA020707-r5-rain,0.06566864781163513,high,BA020707-r5-price,0.2194468062431181,22.752,1.6,36.203199999999995,2026-06-11T12:41:49.019Z,2026-06-11T12:41:53.846Z,4827.20000000298,"[{""t"":382566.90000000596,""value"":1},{""t"":383009.59999999404,""value"":2},{""t"":383203.90000000596,""value"":3},{""t"":383414.09999999404,""value"":4},{""t"":383874.90000000596,""value"":5},{""t"":384711.59999999404,""value"":6}]"
593c14bc-c723-4a7a-93c1-4426821e663b,BA020707,Enum207,,ha,5,0.3.0-v2,6,false,8,true,17,drought,BA020707-r6-rain,0.9015487811369336,mid,BA020707-r6-price,0.27029954080583124,2,1,17,2026-06-11T12:41:58.463Z,2026-06-11T12:42:02.489Z,4025.7000000029802,"[{""t"":391834.700000003,""value"":1},{""t"":392011.40000000596,""value"":2},{""t"":392224.700000003,""value"":3},{""t"":392452.700000003,""value"":4},{""t"":392664.799999997,""value"":5},{""t"":392847.90000000596,""value"":6},{""t"":393044.59999999404,""value"":7},{""t"":393399.799999997,""value"":8}]"
593c14bc-c723-4a7a-93c1-4426821e663b,BA020707,Enum207,,ha,5,0.3.0-v2,7,false,5,true,20,drought,BA020707-r7-rain,0.8688236677754105,mid,BA020707-r7-price,0.4228694202735104,2,1,20,2026-06-11T12:42:07.745Z,2026-06-11T12:42:12.753Z,5007.29999999702,"[{""t"":401247.799999997,""value"":1},{""t"":401552.200000003,""value"":2},{""t"":401782.09999999404,""value"":3},{""t"":402060.200000003,""value"":4},{""t"":402701.700000003,""value"":5}]"
593c14bc-c723-4a7a-93c1-4426821e663b,BA020707,Enum207,,ha,5,0.3.0-v2,8,false,3,true,22,good,BA020707-r8-rain,0.3477704607847933,low,BA020707-r8-price,0.9419506789722221,18.006,0.6,25.6036,2026-06-11T12:42:18.861Z,2026-06-11T12:42:22.443Z,3582.0999999940395,"[{""t"":412329.59999999404,""value"":1},{""t"":412553,""value"":2},{""t"":413159.40000000596,""value"":3}]"
593c14bc-c723-4a7a-93c1-4426821e663b,BA020707,Enum207,,ha,5,0.3.0-v2,9,false,6,true,19,drought,BA020707-r9-rain,0.8047359680967056,mid,BA020707-r9-price,0.38679158491052823,2,1,19,2026-06-11T12:42:27.601Z,2026-06-11T12:42:32.445Z,4844,"[{""t"":421037.90000000596,""value"":1},{""t"":421444.299999997,""value"":2},{""t"":421622.700000003,""value"":3},{""t"":421948.799999997,""value"":4},{""t"":422916.90000000596,""value"":5},{""t"":423785.59999999404,""value"":6}]"
8838b88f-4758-46ae-a0fa-2ef3c35d1395,BA022007,Enum207,,ha,5,0.3.0-v2,practice,true,0,false,25,good,BA022007-rpractice-rain,0.07662925226348792,low,BA022007-rpractice-price,0.777889887643341,12,0.6,25,2026-06-11T16:58:38.016Z,2026-06-11T17:01:44.657Z,186640.59999999404,[]
8838b88f-4758-46ae-a0fa-2ef3c35d1395,BA022007,Enum207,,ha,5,0.3.0-v2,0,false,10,true,15,drought,BA022007-r0-rain,0.9749807737427805,low,BA022007-r0-price,0.7235080141965029,2,0.6,15,2026-06-11T17:02:34.649Z,2026-06-11T17:03:39.061Z,64411.90000000596,"[{""t"":563272,""value"":1},{""t"":567407.700000003,""value"":2},{""t"":567865.3999999911,""value"":3},{""t"":568225.099999994,""value"":4},{""t"":568618.200000003,""value"":5},{""t"":569437.5,""value"":6},{""t"":570206.200000003,""value"":7},{""t"":570664.5,""value"":8},{""t"":571122.700000003,""value"":9},{""t"":571957.599999994,""value"":10}]"
8838b88f-4758-46ae-a0fa-2ef3c35d1395,BA022007,Enum207,,ha,5,0.3.0-v2,1,false,6,true,19,good,BA022007-r1-rain,0.2454827562783413,low,BA022007-r1-price,0.9696231198457962,22.752,0.6,25.4512,2026-06-11T17:04:36.504Z,2026-06-11T17:04:57.502Z,20997.5,"[{""t"":648273.799999997,""value"":1},{""t"":648761.8999999911,""value"":2},{""t"":649054.8999999911,""value"":3},{""t"":649499.099999994,""value"":4},{""t"":650071.799999997,""value"":5},{""t"":650743,""value"":6}]"
8838b88f-4758-46ae-a0fa-2ef3c35d1395,BA022007,Enum207,,ha,5,0.3.0-v2,2,false,0,false,25,drought,BA022007-r2-rain,0.8871674231224522,mid,BA022007-r2-price,0.6932938919054926,2,1,25,2026-06-11T17:06:30.746Z,2026-06-11T17:06:33.932Z,3186,[]
8838b88f-4758-46ae-a0fa-2ef3c35d1395,BA022007,Enum207,,ha,5,0.3.0-v2,3,false,10,true,15,good,BA022007-r3-rain,0.09511362456842203,mid,BA022007-r3-price,0.5335442079762791,27.119999999999997,1,30.119999999999997,2026-06-11T17:07:11.142Z,2026-06-11T17:07:31.816Z,20673.59999999404,"[{""t"":802962.799999997,""value"":1},{""t"":803155,""value"":2},{""t"":803321.799999997,""value"":3},{""t"":803499.5,""value"":4},{""t"":803665.099999994,""value"":5},{""t"":804089.599999994,""value"":6},{""t"":804662.3999999911,""value"":7},{""t"":805104.299999997,""value"":8},{""t"":805562.3999999911,""value"":9},{""t"":806233.8999999911,""value"":10}]"
8838b88f-4758-46ae-a0fa-2ef3c35d1395,BA022007,Enum207,,ha,5,0.3.0-v2,4,false,0,false,25,drought,BA022007-r4-rain,0.934564118802443,mid,BA022007-r4-price,0.22949876855635282,2,1,25,2026-06-11T17:08:15.767Z,2026-06-11T17:08:19.056Z,3288.2999999970198,[]
8838b88f-4758-46ae-a0fa-2ef3c35d1395,BA022007,Enum207,,ha,5,0.3.0-v2,5,false,5,true,20,good,BA022007-r5-rain,0.6990391698269481,mid,BA022007-r5-price,0.7054634763127201,21.310000000000002,1,29.310000000000002,2026-06-11T17:08:48.131Z,2026-06-11T17:08:57.311Z,9180.59999999404,"[{""t"":887183.099999994,""value"":1},{""t"":887440,""value"":2},{""t"":887684.3999999911,""value"":3},{""t"":888193.8999999911,""value"":4},{""t"":891861.299999997,""value"":5}]"
8838b88f-4758-46ae-a0fa-2ef3c35d1395,BA022007,Enum207,,ha,5,0.3.0-v2,6,false,9,true,16,good,BA022007-r6-rain,0.36416266551664617,mid,BA022007-r6-price,0.4612036190863242,26.238,1,30.238,2026-06-11T17:09:54.016Z,2026-06-11T17:10:04.964Z,10948.20000000298,"[{""t"":952021.200000003,""value"":1},{""t"":952199.099999994,""value"":2},{""t"":952378.700000003,""value"":3},{""t"":952557.299999997,""value"":4},{""t"":952736.8999999911,""value"":5},{""t"":952902.599999994,""value"":6},{""t"":954899.3999999911,""value"":7},{""t"":955930.700000003,""value"":8},{""t"":959106.299999997,""value"":9}]"
8838b88f-4758-46ae-a0fa-2ef3c35d1395,BA022007,Enum207,,ha,5,0.3.0-v2,7,false,0,false,25,normal,BA022007-r7-rain,0.39753137934860316,high,BA022007-r7-price,0.049423006797164194,8,1.6,25,2026-06-11T17:10:34.235Z,2026-06-11T17:10:36.574Z,2338.5,[]
8838b88f-4758-46ae-a0fa-2ef3c35d1395,BA022007,Enum207,,ha,5,0.3.0-v2,8,false,10,true,15,good,BA022007-r8-rain,0.3313410297055947,mid,BA022007-r8-price,0.3277616316146592,27.119999999999997,1,30.119999999999997,2026-06-11T17:11:22.605Z,2026-06-11T17:11:33.719Z,11113.5,"[{""t"":1040971.599999994,""value"":1},{""t"":1041179.5,""value"":2},{""t"":1041346.299999997,""value"":3},{""t"":1041510.599999994,""value"":4},{""t"":1041689.599999994,""value"":5},{""t"":1047614.799999997,""value"":6},{""t"":1047793.700000003,""value"":7},{""t"":1047974.099999994,""value"":8},{""t"":1048171.599999994,""value"":9},{""t"":1048335,""value"":10}]"
8838b88f-4758-46ae-a0fa-2ef3c35d1395,BA022007,Enum207,,ha,5,0.3.0-v2,9,false,0,false,25,normal,BA022007-r9-rain,0.5963758780654095,low,BA022007-r9-price,0.7512864617888084,8,0.6,25,2026-06-11T17:11:54.296Z,2026-06-11T17:11:57.404Z,3108.1000000089407,[]
da6000d2-078d-4881-9ba4-7214207a4273,BA020703,Enum207,,ha,5,0.3.0-v2,practice,true,4,true,21,drought,BA020703-rpractice-rain,0.9181400872331533,mid,BA020703-rpractice-price,0.34004592923521393,2,1,21,2026-06-11T11:51:41.392Z,2026-06-11T11:55:15.762Z,214370.30000001192,"[{""t"":478486.60000000894,""value"":1},{""t"":496606.90000000596,""value"":2},{""t"":497390.90000000596,""value"":3},{""t"":498388.200000003,""value"":4}]"
da6000d2-078d-4881-9ba4-7214207a4273,BA020703,Enum207,,ha,5,0.3.0-v2,0,false,8,true,17,good,BA020703-r0-rain,0.6117570158430177,high,BA020703-r0-price,0.051307487492997204,25.216,1.6,38.1456,2026-06-11T11:56:23.599Z,2026-06-11T11:56:44.826Z,21227.10000000894,"[{""t"":576998.5,""value"":1},{""t"":580844,""value"":2},{""t"":582005.6000000089,""value"":3},{""t"":583019.700000003,""value"":4},{""t"":584363.1000000089,""value"":5},{""t"":588598.799999997,""value"":6},{""t"":589107.299999997,""value"":7},{""t"":589668.799999997,""value"":8}]"
da6000d2-078d-4881-9ba4-7214207a4273,BA020703,Enum207,,ha,5,0.3.0-v2,1,false,10,true,15,normal,BA020703-r1-rain,0.5503078700458748,high,BA020703-r1-price,0.08753357789967366,18.8,1.6,32.28,2026-06-11T11:57:58.538Z,2026-06-11T11:58:33.419Z,34881.10000000894,"[{""t"":676785.799999997,""value"":1},{""t"":695020.400000006,""value"":2},{""t"":695573.299999997,""value"":3},{""t"":695867.400000006,""value"":4},{""t"":696144,""value"":5},{""t"":696473,""value"":6},{""t"":696982,""value"":7},{""t"":697637.5,""value"":8},{""t"":698226.700000003,""value"":9},{""t"":698733.799999997,""value"":10}]"
da6000d2-078d-4881-9ba4-7214207a4273,BA020703,Enum207,,ha,5,0.3.0-v2,2,false,3,true,22,normal,BA020703-r2-rain,0.5802918045577462,mid,BA020703-r2-price,0.6192031854160925,12.29,1,26.29,2026-06-11T11:59:19.697Z,2026-06-11T11:59:50.354Z,30657.39999999106,"[{""t"":769598.900000006,""value"":1},{""t"":772888.200000003,""value"":2},{""t"":776079.799999997,""value"":3}]"
da6000d2-078d-4881-9ba4-7214207a4273,BA020703,Enum207,,ha,5,0.3.0-v2,3,false,7,true,18,good,BA020703-r3-rain,0.5372363779795338,high,BA020703-r3-price,0.2180893821951819,24.054,1.6,37.2864,2026-06-11T12:00:25.698Z,2026-06-11T12:00:42.981Z,17283.70000000298,"[{""t"":824667.900000006,""value"":1},{""t"":825431,""value"":2},{""t"":826035.299999997,""value"":3},{""t"":826495.299999997,""value"":4},{""t"":827153.400000006,""value"":5},{""t"":828162.900000006,""value"":6},{""t"":830144,""value"":7}]"
da6000d2-078d-4881-9ba4-7214207a4273,BA020703,Enum207,,ha,5,0.3.0-v2,4,false,4,true,21,drought,BA020703-r4-rain,0.7357798874483393,low,BA020703-r4-price,0.9478798509853561,2,0.6,21,2026-06-11T12:01:39.752Z,2026-06-11T12:01:59.802Z,20050.10000000894,"[{""t"":896251.6000000089,""value"":1},{""t"":904004.799999997,""value"":2},{""t"":904593.900000006,""value"":3},{""t"":905494.299999997,""value"":4}]"
da6000d2-078d-4881-9ba4-7214207a4273,BA020703,Enum207,,ha,5,0.3.0-v2,5,false,10,true,15,drought,BA020703-r5-rain,0.9456308492105456,low,BA020703-r5-price,0.8062525759842077,2,0.6,15,2026-06-11T12:02:21.104Z,2026-06-11T12:02:43.967Z,22863.09999999404,"[{""t"":945762.299999997,""value"":1},{""t"":946497.900000006,""value"":2},{""t"":946742.900000006,""value"":3},{""t"":946953.5,""value"":4},{""t"":947217.299999997,""value"":5},{""t"":947428.700000003,""value"":6},{""t"":947673.799999997,""value"":7},{""t"":947918.900000006,""value"":8},{""t"":948346.400000006,""value"":9},{""t"":949233.1000000089,""value"":10}]"
da6000d2-078d-4881-9ba4-7214207a4273,BA020703,Enum207,,ha,5,0.3.0-v2,6,false,6,true,19,good,BA020703-r6-rain,0.4790373691705838,high,BA020703-r6-price,0.0473138924453212,22.752,1.6,36.203199999999995,2026-06-11T12:03:21.734Z,2026-06-11T12:03:39.818Z,18084.40000000596,"[{""t"":995936.700000003,""value"":1},{""t"":998584.200000003,""value"":2},{""t"":999304.400000006,""value"":3},{""t"":1000026.400000006,""value"":4},{""t"":1000565.1000000089,""value"":5},{""t"":1004655.799999997,""value"":6}]"
da6000d2-078d-4881-9ba4-7214207a4273,BA020703,Enum207,,ha,5,0.3.0-v2,7,false,2,true,23,normal,BA020703-r7-rain,0.5512300431970953,low,BA020703-r7-price,0.9723398384280018,10.96,0.6,24.776,2026-06-11T12:04:09.054Z,2026-06-11T12:04:13.146Z,4092.3999999910593,"[{""t"":1040182.900000006,""value"":1},{""t"":1040670.6000000089,""value"":2}]"
da6000d2-078d-4881-9ba4-7214207a4273,BA020703,Enum207,,ha,5,0.3.0-v2,8,false,6,true,19,drought,BA020703-r8-rain,0.8190318414541453,mid,BA020703-r8-price,0.41678447962189336,2,1,19,2026-06-11T12:04:31.529Z,2026-06-11T12:05:43.930Z,72400.79999999702,"[{""t"":1087062.600000009,""value"":1},{""t"":1115186.600000009,""value"":2},{""t"":1116526,""value"":3},{""t"":1123614.299999997,""value"":4},{""t"":1126920.799999997,""value"":5},{""t"":1131238.200000003,""value"":6}]"
da6000d2-078d-4881-9ba4-7214207a4273,BA020703,Enum207,,ha,5,0.3.0-v2,9,false,3,true,22,good,BA020703-r9-rain,0.16580918561278044,mid,BA020703-r9-price,0.2742059508370996,18.006,1,28.006,2026-06-11T12:05:57.436Z,2026-06-11T12:06:25.066Z,27629.59999999404,"[{""t"":1150492.100000009,""value"":1},{""t"":1150751.900000006,""value"":2},{""t"":1152456.900000006,""value"":3},{""t"":1155534.400000006,""value"":4},{""t"":1167291.5,""value"":3}]"
683ccabb-d06f-4e68-a30d-61c0c03706a3,1,2,,ha,5,0.3.0-v2,practice,true,5,true,20,good,1-rpractice-rain,0.5337972924628342,low,1-rpractice-price,0.9612583808420218,21.310000000000002,0.6,25.586000000000002,2026-06-05T09:54:08.827Z,2026-06-05T09:54:46.324Z,37496.800000000745,"[{""t"":1391877.1999999993,""value"":1},{""t"":1392430.8999999985,""value"":2},{""t"":1392905.6999999993,""value"":3},{""t"":1393396.5,""value"":4},{""t"":1393937.1999999993,""value"":5}]"
683ccabb-d06f-4e68-a30d-61c0c03706a3,1,2,,ha,5,0.3.0-v2,0,false,2,true,23,normal,1-r0-rain,0.8379665678707459,mid,1-r0-price,0.24216923365819493,10.96,1,25.96,2026-06-05T10:04:39.590Z,2026-06-05T10:04:51.692Z,12102.199999999255,"[{""t"":14386.900000002235,""value"":1},{""t"":14581.60000000149,""value"":2}]"
683ccabb-d06f-4e68-a30d-61c0c03706a3,1,2,,ha,5,0.3.0-v2,1,false,2,true,23,good,1-r1-rain,0.23706354558248954,mid,1-r1-price,0.34295338503104394,16.144,1,27.144,2026-06-05T10:04:57.105Z,2026-06-05T10:05:00.540Z,3434.5,"[{""t"":25968.900000002235,""value"":1},{""t"":26883.5,""value"":2}]"
683ccabb-d06f-4e68-a30d-61c0c03706a3,1,2,,ha,5,0.3.0-v2,2,false,3,true,22,good,1-r2-rain,0.24149382097008812,high,1-r2-price,0.07274077384941989,18.006,1.6,31.6096,2026-06-05T10:05:04.351Z,2026-06-05T10:05:07.509Z,3157.699999999255,"[{""t"":33593,""value"":1},{""t"":33786.60000000149,""value"":2},{""t"":33953.10000000149,""value"":3}]"
683ccabb-d06f-4e68-a30d-61c0c03706a3,1,2,,ha,5,0.3.0-v2,3,false,0,false,25,good,1-r3-rain,0.3320177380356095,high,1-r3-price,0.09158007471733934,12,1.6,25,2026-06-05T10:05:12.631Z,2026-06-05T10:05:16.490Z,3859,[]
683ccabb-d06f-4e68-a30d-61c0c03706a3,1,2,,ha,5,0.3.0-v2,4,false,5,true,20,drought,1-r4-rain,0.9521624049175255,low,1-r4-price,0.9199897495526025,2,0.6,20,2026-06-05T10:05:20.058Z,2026-06-05T10:05:23.115Z,3056.89999999851,"[{""t"":48921,""value"":1},{""t"":49063.800000000745,""value"":2},{""t"":49250.300000000745,""value"":3},{""t"":49458.20000000298,""value"":4},{""t"":49585.300000000745,""value"":5}]"
683ccabb-d06f-4e68-a30d-61c0c03706a3,1,2,,ha,5,0.3.0-v2,5,false,1,true,24,good,1-r5-rain,0.3259724922112453,high,1-r5-price,0.19611408880346964,14.142,1.6,27.4272,2026-06-05T10:05:27.812Z,2026-06-05T10:05:30.265Z,2452.199999999255,"[{""t"":56574.60000000149,""value"":1}]"
683ccabb-d06f-4e68-a30d-61c0c03706a3,1,2,,ha,5,0.3.0-v2,6,false,2,true,23,good,1-r6-rain,0.005184981925122793,mid,1-r6-price,0.3669371760520247,16.144,1,27.144,2026-06-05T10:05:33.521Z,2026-06-05T10:05:35.843Z,2321.300000000745,"[{""t"":62106.800000000745,""value"":1},{""t"":62321.400000002235,""value"":2}]"
683ccabb-d06f-4e68-a30d-61c0c03706a3,1,2,,ha,5,0.3.0-v2,7,false,0,false,25,normal,1-r7-rain,0.36583686676033306,high,1-r7-price,0.18971037663257187,8,1.6,25,2026-06-05T10:05:39.884Z,2026-06-05T10:05:41.929Z,2044.8999999985099,[]
683ccabb-d06f-4e68-a30d-61c0c03706a3,1,2,,ha,5,0.3.0-v2,8,false,2,true,23,good,1-r8-rain,0.12721990013067125,mid,1-r8-price,0.587859106477554,16.144,1,27.144,2026-06-05T10:05:45.005Z,2026-06-05T10:05:47.361Z,2355.39999999851,"[{""t"":73674.10000000149,""value"":1},{""t"":73782.20000000298,""value"":2}]"
683ccabb-d06f-4e68-a30d-61c0c03706a3,1,2,,ha,5,0.3.0-v2,9,false,5,true,20,good,1-r9-rain,0.149290370714575,mid,1-r9-price,0.37412963390109694,21.310000000000002,1,29.310000000000002,2026-06-05T10:05:52.203Z,2026-06-05T10:05:55.000Z,2796.800000000745,"[{""t"":80903.60000000149,""value"":1},{""t"":81081.80000000075,""value"":2},{""t"":81224.70000000298,""value"":3},{""t"":81411.10000000149,""value"":4},{""t"":81550.70000000298,""value"":5}]"
5c85afa4-209c-4628-af40-a11ecc6d878f,BA020706,ENUM407,,ha,5,0.3.0-v2,practice,true,5,true,20,good,BA020706-rpractice-rain,0.3234663406735602,low,BA020706-rpractice-price,0.7129327994813923,21.310000000000002,0.6,25.586000000000002,2026-06-11T11:34:41.471Z,2026-06-11T11:36:04.820Z,83349.5,"[{""t"":609348.1999999881,""value"":1},{""t"":609663.5999999642,""value"":2},{""t"":610046.5,""value"":3},{""t"":610472,""value"":4},{""t"":611486,""value"":5}]"
5c85afa4-209c-4628-af40-a11ecc6d878f,BA020706,ENUM407,,ha,5,0.3.0-v2,0,false,3,true,22,good,BA020706-r0-rain,0.2898032717907054,mid,BA020706-r0-price,0.45373272930815695,18.006,1,28.006,2026-06-11T11:36:35.527Z,2026-06-11T11:36:50.428Z,14900.900000035763,"[{""t"":656152.5,""value"":1},{""t"":656461,""value"":2},{""t"":656838.5,""value"":3}]"
5c85afa4-209c-4628-af40-a11ecc6d878f,BA020706,ENUM407,,ha,5,0.3.0-v2,1,false,1,true,24,good,BA020706-r1-rain,0.4685582910768185,high,BA020706-r1-price,0.09696622838698081,14.142,1.6,27.4272,2026-06-11T11:37:35.531Z,2026-06-11T11:37:40.294Z,4762.599999964237,"[{""t"":707583.5,""value"":1}]"
5c85afa4-209c-4628-af40-a11ecc6d878f,BA020706,ENUM407,,ha,5,0.3.0-v2,2,false,0,false,25,drought,BA020706-r2-rain,0.7507103694879501,low,BA020706-r2-price,0.8339567867236783,2,0.6,25,2026-06-11T11:37:49.387Z,2026-06-11T11:38:00.511Z,11123.199999988079,[]
5c85afa4-209c-4628-af40-a11ecc6d878f,BA020706,ENUM407,,ha,5,0.3.0-v2,3,false,1,true,24,normal,BA020706-r3-rain,0.6873150256844804,high,BA020706-r3-price,0.109974595491416,9.53,1.6,26.448,2026-06-11T11:38:12.929Z,2026-06-11T11:38:26.277Z,13348.699999988079,"[{""t"":753699.5,""value"":1}]"
5c85afa4-209c-4628-af40-a11ecc6d878f,BA020706,ENUM407,,ha,5,0.3.0-v2,4,false,0,false,25,normal,BA020706-r4-rain,0.6281500602850681,low,BA020706-r4-price,0.8280201334591729,8,0.6,25,2026-06-11T11:38:38.032Z,2026-06-11T11:39:00.747Z,22714.400000035763,[]
5c85afa4-209c-4628-af40-a11ecc6d878f,BA020706,ENUM407,,ha,5,0.3.0-v2,5,false,5,true,20,good,BA020706-r5-rain,0.6890651451162905,high,BA020706-r5-price,0.30280530802416944,21.310000000000002,1.6,34.896,2026-06-11T11:39:06.407Z,2026-06-11T11:39:29.539Z,23131.599999964237,"[{""t"":815652.5,""value"":1},{""t"":816014.6999999881,""value"":2},{""t"":816361.5,""value"":3},{""t"":816717.8999999762,""value"":4},{""t"":817155.2999999523,""value"":5}]"
5c85afa4-209c-4628-af40-a11ecc6d878f,BA020706,ENUM407,,ha,5,0.3.0-v2,6,false,1,true,24,good,BA020706-r6-rain,0.30772343501658495,mid,BA020706-r6-price,0.3486290014082388,14.142,1,26.142,2026-06-11T11:39:40.206Z,2026-06-11T11:40:20.351Z,40145.10000002384,"[{""t"":866459.5999999642,""value"":1},{""t"":867329.5999999642,""value"":2},{""t"":868071.5999999642,""value"":1}]"
5c85afa4-209c-4628-af40-a11ecc6d878f,BA020706,ENUM407,,ha,5,0.3.0-v2,7,false,0,false,25,good,BA020706-r7-rain,0.13277495052307298,mid,BA020706-r7-price,0.41658337011134455,12,1,25,2026-06-11T11:40:24.440Z,2026-06-11T11:40:38.363Z,13922.300000011921,[]
5c85afa4-209c-4628-af40-a11ecc6d878f,BA020706,ENUM407,,ha,5,0.3.0-v2,8,false,2,true,23,good,BA020706-r8-rain,0.1727036573070827,high,BA020706-r8-price,0.013453017576548909,16.144,1.6,29.630399999999998,2026-06-11T11:40:45.969Z,2026-06-11T11:41:01.038Z,15068.900000035763,"[{""t"":908331.2999999523,""value"":1},{""t"":908643.1999999881,""value"":2}]"
5c85afa4-209c-4628-af40-a11ecc6d878f,BA020706,ENUM407,,ha,5,0.3.0-v2,9,false,0,false,25,good,BA020706-r9-rain,0.03444366030836849,mid,BA020706-r9-price,0.3840304013576785,12,1,25,2026-06-11T11:41:10.066Z,2026-06-11T11:41:25.937Z,15870.600000023842,[]
a8950cdc-c587-4e8f-822d-452794a284a9,BA022005,ENUM407,,ha,5,0.3.0-v2,practice,true,4,true,21,good,BA022005-rpractice-rain,0.35981250679260385,mid,BA022005-rpractice-price,0.5919124150351581,19.728,1,28.728,2026-06-11T16:51:18.053Z,2026-06-11T16:52:56.023Z,97970.10000002384,"[{""t"":543161,""value"":1},{""t"":543491,""value"":2},{""t"":543848.4000000358,""value"":3},{""t"":544268.6999999881,""value"":4}]"
a8950cdc-c587-4e8f-822d-452794a284a9,BA022005,ENUM407,,ha,5,0.3.0-v2,0,false,4,true,21,good,BA022005-r0-rain,0.2812161589782194,low,BA022005-r0-price,0.7597847969501984,19.728,0.6,25.6368,2026-06-11T16:53:11.971Z,2026-06-11T16:53:25.485Z,13514.600000023842,"[{""t"":575043.9000000358,""value"":1},{""t"":575286.4000000358,""value"":2},{""t"":575579.5,""value"":3},{""t"":576071.1000000238,""value"":4}]"
a8950cdc-c587-4e8f-822d-452794a284a9,BA022005,ENUM407,,ha,5,0.3.0-v2,1,false,0,false,25,good,BA022005-r1-rain,0.336465772905008,high,BA022005-r1-price,0.05804226814194354,12,1.6,25,2026-06-11T16:53:36.200Z,2026-06-11T16:53:50.649Z,14448.399999976158,[]
a8950cdc-c587-4e8f-822d-452794a284a9,BA022005,ENUM407,,ha,5,0.3.0-v2,2,false,5,true,20,normal,BA022005-r2-rain,0.43342169535913866,mid,BA022005-r2-price,0.3830341752709902,14.65,1,26.65,2026-06-11T16:53:57.336Z,2026-06-11T16:54:08.414Z,11078.299999952316,"[{""t"":617528.1999999881,""value"":1},{""t"":617770.1000000238,""value"":2},{""t"":618000.4000000358,""value"":3},{""t"":618262.1999999881,""value"":4},{""t"":618850.6999999881,""value"":5}]"
a8950cdc-c587-4e8f-822d-452794a284a9,BA022005,ENUM407,,ha,5,0.3.0-v2,3,false,4,true,21,drought,BA022005-r3-rain,0.9413279234980318,high,BA022005-r3-price,0.29175753758459866,2,1.6,21,2026-06-11T16:54:17.523Z,2026-06-11T16:54:26.405Z,8882.600000023842,"[{""t"":636276.6000000238,""value"":1},{""t"":636518.1000000238,""value"":2},{""t"":636746.6999999881,""value"":3},{""t"":636976.6999999881,""value"":4}]"
a8950cdc-c587-4e8f-822d-452794a284a9,BA022005,ENUM407,,ha,5,0.3.0-v2,4,false,5,true,20,good,BA022005-r4-rain,0.12936653396880257,low,BA022005-r4-price,0.902599797541469,21.310000000000002,0.6,25.586000000000002,2026-06-11T16:54:35.861Z,2026-06-11T16:54:55.107Z,19245.399999976158,"[{""t"":664431.1000000238,""value"":1},{""t"":664775.8000000119,""value"":2},{""t"":665048.5,""value"":3},{""t"":665359.4000000358,""value"":4},{""t"":665653.3000000119,""value"":5}]"
a8950cdc-c587-4e8f-822d-452794a284a9,BA022005,ENUM407,,ha,5,0.3.0-v2,5,false,10,true,15,good,BA022005-r5-rain,0.5162008726015588,high,BA022005-r5-price,0.011502650983990075,27.119999999999997,1.6,39.19199999999999,2026-06-11T16:55:11.426Z,2026-06-11T16:55:22.848Z,11422.300000011921,"[{""t"":689361.6000000238,""value"":1},{""t"":689637,""value"":2},{""t"":689897.9000000358,""value"":3},{""t"":690127.1000000238,""value"":4},{""t"":690293.1999999881,""value"":5},{""t"":690534.6000000238,""value"":6},{""t"":690686.6000000238,""value"":7},{""t"":691387.6999999881,""value"":8},{""t"":692009.6000000238,""value"":9},{""t"":692598.9000000358,""value"":10}]"
a8950cdc-c587-4e8f-822d-452794a284a9,BA022005,ENUM407,,ha,5,0.3.0-v2,6,false,6,true,19,good,BA022005-r6-rain,0.36312251101769116,low,BA022005-r6-price,0.7627062248718205,22.752,0.6,25.4512,2026-06-11T16:55:29.405Z,2026-06-11T16:55:39.548Z,10142.100000023842,"[{""t"":708305.8000000119,""value"":1},{""t"":708533.1000000238,""value"":2},{""t"":708728.3000000119,""value"":3},{""t"":708958.6000000238,""value"":4},{""t"":709289.3000000119,""value"":5},{""t"":710005,""value"":6}]"
a8950cdc-c587-4e8f-822d-452794a284a9,BA022005,ENUM407,,ha,5,0.3.0-v2,7,false,3,true,22,good,BA022005-r7-rain,0.07371309198105243,high,BA022005-r7-price,0.10173256321890248,18.006,1.6,31.6096,2026-06-11T16:55:44.914Z,2026-06-11T16:55:47.498Z,2584.100000023842,"[{""t"":718105.4000000358,""value"":1},{""t"":718302.1000000238,""value"":2},{""t"":718485.8000000119,""value"":3}]"
a8950cdc-c587-4e8f-822d-452794a284a9,BA022005,ENUM407,,ha,5,0.3.0-v2,8,false,2,true,23,drought,BA022005-r8-rain,0.9784706921948352,mid,BA022005-r8-price,0.7814419597934119,2,1,23,2026-06-11T16:55:50.476Z,2026-06-11T16:55:53.535Z,3059.099999964237,"[{""t"":723540.4000000358,""value"":1},{""t"":723731,""value"":2}]"
a8950cdc-c587-4e8f-822d-452794a284a9,BA022005,ENUM407,,ha,5,0.3.0-v2,9,false,3,true,22,good,BA022005-r9-rain,0.0702425749936142,low,BA022005-r9-price,0.9337400336658989,18.006,0.6,25.6036,2026-06-11T16:55:58.247Z,2026-06-11T16:56:01.665Z,3418.100000023842,"[{""t"":731144.1999999881,""value"":1},{""t"":731338.9000000358,""value"":2},{""t"":731480.6999999881,""value"":3}]"
9ba61026-cb69-4430-9968-d7a3ad5fa68d,BA022003,ENUM205,,ha,5,0.3.0-v2,practice,true,7,true,18,good,BA022003-rpractice-rain,0.05624790072407441,low,BA022003-rpractice-price,0.9741417111326259,24.054,0.6,25.2324,2026-06-11T17:39:37.228Z,2026-06-11T17:41:22.091Z,104863.39999997616,"[{""t"":2926800.9000000358,""value"":1},{""t"":2926974.4000000358,""value"":2},{""t"":2927161.4000000358,""value"":3},{""t"":2927321.199999988,""value"":4},{""t"":2927504.699999988,""value"":5},{""t"":2929253.199999988,""value"":6},{""t"":2929543.4000000358,""value"":7}]"
9ba61026-cb69-4430-9968-d7a3ad5fa68d,BA022003,ENUM205,,ha,5,0.3.0-v2,0,false,6,true,19,drought,BA022003-r0-rain,0.9305796933996148,mid,BA022003-r0-price,0.3885455515821786,2,1,19,2026-06-11T17:41:42.755Z,2026-06-11T17:42:16.435Z,33679.5,"[{""t"":2981488.800000012,""value"":1},{""t"":2982008.100000024,""value"":2},{""t"":2982234.800000012,""value"":3},{""t"":2982530.300000012,""value"":4},{""t"":2983283,""value"":5},{""t"":2983921.199999988,""value"":6}]"
9ba61026-cb69-4430-9968-d7a3ad5fa68d,BA022003,ENUM205,,ha,5,0.3.0-v2,1,false,4,true,21,normal,BA022003-r1-rain,0.6118395123807068,high,BA022003-r1-price,0.0666071451667821,13.52,1.6,29.832,2026-06-11T17:42:32.027Z,2026-06-11T17:43:15.901Z,43874.19999998808,"[{""t"":3042130.800000012,""value"":1},{""t"":3042372.100000024,""value"":2},{""t"":3043502,""value"":3},{""t"":3043878.5,""value"":4}]"
9ba61026-cb69-4430-9968-d7a3ad5fa68d,BA022003,ENUM205,,ha,5,0.3.0-v2,2,false,3,true,22,drought,BA022003-r2-rain,0.8934849560007184,high,BA022003-r2-price,0.1380911350809459,2,1.6,22,2026-06-11T17:43:32.261Z,2026-06-11T17:44:02.494Z,30233,"[{""t"":3089212.4000000358,""value"":1},{""t"":3089472.600000024,""value"":2},{""t"":3089747.600000024,""value"":3}]"
9ba61026-cb69-4430-9968-d7a3ad5fa68d,BA022003,ENUM205,,ha,5,0.3.0-v2,3,false,7,true,18,normal,BA022003-r3-rain,0.7803191028302232,low,BA022003-r3-price,0.9034920469051723,16.61,0.6,23.166,2026-06-11T17:44:12.995Z,2026-06-11T17:44:54.745Z,41749.80000001192,"[{""t"":3138896,""value"":1},{""t"":3139084.4000000358,""value"":2},{""t"":3139232.699999988,""value"":3},{""t"":3139422.5,""value"":4},{""t"":3140332.800000012,""value"":5},{""t"":3141511.300000012,""value"":6},{""t"":3142099.9000000358,""value"":7}]"
9ba61026-cb69-4430-9968-d7a3ad5fa68d,BA022003,ENUM205,,ha,5,0.3.0-v2,4,false,1,true,24,drought,BA022003-r4-rain,0.8622539450119993,mid,BA022003-r4-price,0.12563051466987687,2,1,24,2026-06-11T17:45:04.658Z,2026-06-11T17:45:33.322Z,28664.5,"[{""t"":3178698.199999988,""value"":1}]"
9ba61026-cb69-4430-9968-d7a3ad5fa68d,BA022003,ENUM205,,ha,5,0.3.0-v2,5,false,8,true,17,drought,BA022003-r5-rain,0.9734583649096268,mid,BA022003-r5-price,0.7089990816519857,2,1,17,2026-06-11T17:45:37.720Z,2026-06-11T17:46:03.110Z,25390,"[{""t"":3206689.600000024,""value"":1},{""t"":3207051.100000024,""value"":2},{""t"":3207454.9000000358,""value"":3},{""t"":3207847.800000012,""value"":4},{""t"":3208273.800000012,""value"":5},{""t"":3208682.100000024,""value"":6},{""t"":3209093.800000012,""value"":7},{""t"":3210613.800000012,""value"":8}]"
9ba61026-cb69-4430-9968-d7a3ad5fa68d,BA022003,ENUM205,,ha,5,0.3.0-v2,6,false,7,true,18,good,BA022003-r6-rain,0.22620118727813673,mid,BA022003-r6-price,0.40660204377579406,24.054,1,30.054,2026-06-11T17:46:22.549Z,2026-06-11T17:46:43.043Z,20494.19999998808,"[{""t"":3248928.100000024,""value"":1},{""t"":3249221.5,""value"":2},{""t"":3249497.800000012,""value"":3},{""t"":3249859.699999988,""value"":4},{""t"":3250205.5,""value"":5},{""t"":3250528,""value"":6},{""t"":3250805.699999988,""value"":7}]"
9ba61026-cb69-4430-9968-d7a3ad5fa68d,BA022003,ENUM205,,ha,5,0.3.0-v2,7,false,0,false,25,normal,BA022003-r7-rain,0.263854180716963,mid,BA022003-r7-price,0.3406841524760896,8,1,25,2026-06-11T17:46:50.634Z,2026-06-11T17:47:08.123Z,17489.099999964237,[]
9ba61026-cb69-4430-9968-d7a3ad5fa68d,BA022003,ENUM205,,ha,5,0.3.0-v2,8,false,1,true,24,normal,BA022003-r8-rain,0.6583713999829899,high,BA022003-r8-price,0.259378036633318,9.53,1.6,26.448,2026-06-11T17:47:14.469Z,2026-06-11T17:47:35.491Z,21022.19999998808,"[{""t"":3303176.699999988,""value"":1}]"
9ba61026-cb69-4430-9968-d7a3ad5fa68d,BA022003,ENUM205,,ha,5,0.3.0-v2,9,false,1,true,24,good,BA022003-r9-rain,0.03641918384862137,mid,BA022003-r9-price,0.5468921034334396,14.142,1,26.142,2026-06-11T17:47:39.204Z,2026-06-11T17:47:51.834Z,12630.100000023842,"[{""t"":3319633.9000000358,""value"":1}]"
2641b2c3-5251-4781-b357-bec56d9df0d7,KN010202,ENUM402,,en,5,0.3.0-v2,practice,true,7,true,18,good,KN010202-rpractice-rain,0.6566367832850788,low,KN010202-rpractice-price,0.9054472599115961,24.054,0.6,25.2324,2026-06-11T17:27:56.434Z,2026-06-11T17:28:23.350Z,26916.200000001118,"[{""t"":172108.29999999888,""value"":1},{""t"":172397,""value"":2},{""t"":172638,""value"":3},{""t"":172938.09999999963,""value"":4},{""t"":173222,""value"":5},{""t"":173494.5,""value"":6},{""t"":173877.8999999985,""value"":7}]"
2641b2c3-5251-4781-b357-bec56d9df0d7,KN010202,ENUM402,,en,5,0.3.0-v2,0,false,10,true,15,good,KN010202-r0-rain,0.6548918372378343,low,KN010202-r0-price,0.744628570983979,27.119999999999997,0.6,24.071999999999996,2026-06-11T17:28:50.207Z,2026-06-11T17:29:04.196Z,13988.700000001118,"[{""t"":218596.8999999985,""value"":1},{""t"":218838.79999999888,""value"":2},{""t"":219043.59999999963,""value"":3},{""t"":219244.5,""value"":4},{""t"":219441.29999999888,""value"":5},{""t"":219674.59999999963,""value"":6},{""t"":219877,""value"":7},{""t"":220195.29999999888,""value"":8},{""t"":220555,""value"":9},{""t"":221145,""value"":10}]"
2641b2c3-5251-4781-b357-bec56d9df0d7,KN010202,ENUM402,,en,5,0.3.0-v2,1,false,5,true,20,good,KN010202-r1-rain,0.27079833246852203,high,KN010202-r1-price,0.04557761516690659,21.310000000000002,1.6,34.896,2026-06-11T17:29:17.010Z,2026-06-11T17:29:25.663Z,8653.699999999255,"[{""t"":241906.69999999925,""value"":1},{""t"":242136.59999999963,""value"":2},{""t"":242369.69999999925,""value"":3},{""t"":242637.59999999963,""value"":4},{""t"":242904.19999999925,""value"":5}]"
2641b2c3-5251-4781-b357-bec56d9df0d7,KN010202,ENUM402,,en,5,0.3.0-v2,2,false,7,true,18,drought,KN010202-r2-rain,0.7485765119458728,low,KN010202-r2-price,0.9038993128957501,2,0.6,18,2026-06-11T17:29:40.168Z,2026-06-11T17:29:52.656Z,12488.400000000373,"[{""t"":266796.7999999989,""value"":1},{""t"":267461.19999999925,""value"":2},{""t"":267706.5999999996,""value"":3},{""t"":267927.19999999925,""value"":4},{""t"":268228.2999999989,""value"":5},{""t"":268529.19999999925,""value"":6},{""t"":269063.19999999925,""value"":7}]"
2641b2c3-5251-4781-b357-bec56d9df0d7,KN010202,ENUM402,,en,5,0.3.0-v2,3,false,5,true,20,good,KN010202-r3-rain,0.3259148854084831,mid,KN010202-r3-price,0.5095913095854633,21.310000000000002,1,29.310000000000002,2026-06-11T17:30:00.766Z,2026-06-11T17:30:11.329Z,10563.099999999627,"[{""t"":281611.3999999985,""value"":1},{""t"":286644.0999999996,""value"":2},{""t"":288296.69999999925,""value"":3},{""t"":288544.2999999989,""value"":4},{""t"":288759.19999999925,""value"":5}]"
2641b2c3-5251-4781-b357-bec56d9df0d7,KN010202,ENUM402,,en,5,0.3.0-v2,4,false,3,true,22,normal,KN010202-r4-rain,0.4640531658294642,low,KN010202-r4-price,0.9327166177963107,12.29,0.6,24.573999999999998,2026-06-11T17:30:21.481Z,2026-06-11T17:30:36.181Z,14700.300000000745,"[{""t"":302592.5999999996,""value"":1},{""t"":312714,""value"":2},{""t"":313097.3999999985,""value"":3},{""t"":313435.7999999989,""value"":4},{""t"":314502.5,""value"":3}]"
2641b2c3-5251-4781-b357-bec56d9df0d7,KN010202,ENUM402,,en,5,0.3.0-v2,5,false,7,true,18,good,KN010202-r5-rain,0.06951376178695261,low,KN010202-r5-price,0.8664409507840862,24.054,0.6,25.2324,2026-06-11T17:30:41.453Z,2026-06-11T17:30:48.539Z,7085.60000000149,"[{""t"":322030,""value"":1},{""t"":322579.19999999925,""value"":2},{""t"":325480.19999999925,""value"":3},{""t"":325731,""value"":4},{""t"":325979.5,""value"":5},{""t"":326214.7999999989,""value"":6},{""t"":326820.3999999985,""value"":7}]"
2641b2c3-5251-4781-b357-bec56d9df0d7,KN010202,ENUM402,,en,5,0.3.0-v2,6,false,5,true,20,normal,KN010202-r6-rain,0.6899631274090653,low,KN010202-r6-price,0.9929120954932082,14.65,0.6,23.990000000000002,2026-06-11T17:30:54.618Z,2026-06-11T17:31:00.747Z,6128.9000000003725,"[{""t"":337338.69999999925,""value"":1},{""t"":337623.0999999996,""value"":2},{""t"":337895,""value"":3},{""t"":338145.5,""value"":4},{""t"":338411.5,""value"":5}]"
2641b2c3-5251-4781-b357-bec56d9df0d7,KN010202,ENUM402,,en,5,0.3.0-v2,7,false,2,true,23,drought,KN010202-r7-rain,0.7596557490969694,mid,KN010202-r7-price,0.4264250686096153,2,1,23,2026-06-11T17:31:07.998Z,2026-06-11T17:31:16.554Z,8556.400000000373,"[{""t"":348625.2999999989,""value"":1},{""t"":349397.2999999989,""value"":2},{""t"":349913.8999999985,""value"":3},{""t"":351850.2999999989,""value"":4},{""t"":352148.7999999989,""value"":5},{""t"":353118.3999999985,""value"":4},{""t"":353415.7999999989,""value"":3},{""t"":353683.8999999985,""value"":2},{""t"":354127.19999999925,""value"":1},{""t"":354793.0999999996,""value"":2}]"
2641b2c3-5251-4781-b357-bec56d9df0d7,KN010202,ENUM402,,en,5,0.3.0-v2,8,false,5,true,20,good,KN010202-r8-rain,0.02541245012617992,mid,KN010202-r8-price,0.4886573600360495,21.310000000000002,1,29.310000000000002,2026-06-11T17:31:28.984Z,2026-06-11T17:31:35.290Z,6305.5999999996275,"[{""t"":371263.5,""value"":1},{""t"":371487.7999999989,""value"":2},{""t"":371713.3999999985,""value"":3},{""t"":371951.7999999989,""value"":4},{""t"":372396.7999999989,""value"":5}]"
2641b2c3-5251-4781-b357-bec56d9df0d7,KN010202,ENUM402,,en,5,0.3.0-v2,9,false,6,true,19,good,KN010202-r9-rain,0.38076884406838657,mid,KN010202-r9-price,0.4559728287507244,22.752,1,29.752,2026-06-11T17:31:43.280Z,2026-06-11T17:31:55.280Z,11999,"[{""t"":391372.2999999989,""value"":1},{""t"":391610,""value"":2},{""t"":391859.7999999989,""value"":3},{""t"":392083.3999999985,""value"":4},{""t"":392320,""value"":5},{""t"":392978.5999999996,""value"":6}]"
0e9d4757-9d46-422a-9601-4776c67db30c,KN010206,ENUM203,,ha,5,0.3.0-v2,practice,true,5,true,20,good,KN010206-rpractice-rain,0.5969186168333901,low,KN010206-rpractice-price,0.8365458041074012,21.310000000000002,0.6,25.586000000000002,2026-06-11T16:54:47.297Z,2026-06-11T16:57:22.027Z,122322.59999999404,"[{""t"":145004.90000000596,""value"":1},{""t"":145532.20000000298,""value"":2},{""t"":145741.60000000894,""value"":3},{""t"":146117.79999999702,""value"":4},{""t"":146877,""value"":5}]"
0e9d4757-9d46-422a-9601-4776c67db30c,KN010206,ENUM203,,ha,5,0.3.0-v2,0,false,6,true,19,drought,KN010206-r0-rain,0.986242499821914,low,KN010206-r0-price,0.8878616813453274,2,0.6,19,2026-06-11T16:57:27.622Z,2026-06-11T16:57:32.667Z,5045.300000011921,"[{""t"":154809.10000000894,""value"":1},{""t"":154987.60000000894,""value"":2},{""t"":155231.90000000596,""value"":3},{""t"":155649.40000000596,""value"":4},{""t"":156134,""value"":5},{""t"":157126.10000000894,""value"":6}]"
0e9d4757-9d46-422a-9601-4776c67db30c,KN010206,ENUM203,,ha,5,0.3.0-v2,1,false,3,true,22,normal,KN010206-r1-rain,0.7976896543635652,low,KN010206-r1-price,0.7614734472587654,12.29,0.6,24.573999999999998,2026-06-11T16:57:36.929Z,2026-06-11T16:57:40.832Z,3902.7000000029802,"[{""t"":164249.40000000596,""value"":1},{""t"":164423.70000000298,""value"":2},{""t"":164629.10000000894,""value"":3}]"
0e9d4757-9d46-422a-9601-4776c67db30c,KN010206,ENUM203,,ha,5,0.3.0-v2,2,false,3,true,22,good,KN010206-r2-rain,0.13825026026554776,high,KN010206-r2-price,0.20592598339236978,18.006,1.6,31.6096,2026-06-11T16:57:44.510Z,2026-06-11T16:57:48.045Z,3535.5,"[{""t"":171779.60000000894,""value"":1},{""t"":171987.79999999702,""value"":2},{""t"":172403.10000000894,""value"":3}]"
0e9d4757-9d46-422a-9601-4776c67db30c,KN010206,ENUM203,,ha,5,0.3.0-v2,3,false,6,true,19,good,KN010206-r3-rain,0.3409922354311885,low,KN010206-r3-price,0.8506226032365426,22.752,0.6,25.4512,2026-06-11T16:57:51.756Z,2026-06-11T16:57:55.667Z,3910.9000000059605,"[{""t"":178584.5,""value"":1},{""t"":178773,""value"":2},{""t"":178933.5,""value"":3},{""t"":179107,""value"":4},{""t"":179666.90000000596,""value"":5},{""t"":180242,""value"":6}]"
0e9d4757-9d46-422a-9601-4776c67db30c,KN010206,ENUM203,,ha,5,0.3.0-v2,4,false,4,true,21,drought,KN010206-r4-rain,0.9394904623917023,high,KN010206-r4-price,0.08176777750562159,2,1.6,21,2026-06-11T16:57:58.611Z,2026-06-11T16:58:02.222Z,3611.2000000029802,"[{""t"":185447.5,""value"":1},{""t"":185637.40000000596,""value"":2},{""t"":185807.40000000596,""value"":3},{""t"":187380.70000000298,""value"":4}]"
0e9d4757-9d46-422a-9601-4776c67db30c,KN010206,ENUM203,,ha,5,0.3.0-v2,5,false,5,true,20,good,KN010206-r5-rain,0.22747812482256252,low,KN010206-r5-price,0.9513864139852325,21.310000000000002,0.6,25.586000000000002,2026-06-11T16:58:05.783Z,2026-06-11T16:58:09.878Z,4094.8999999910593,"[{""t"":192611.5,""value"":1},{""t"":192808.70000000298,""value"":2},{""t"":193001.20000000298,""value"":3},{""t"":193226.90000000596,""value"":4},{""t"":194552.70000000298,""value"":5}]"
0e9d4757-9d46-422a-9601-4776c67db30c,KN010206,ENUM203,,ha,5,0.3.0-v2,6,false,4,true,21,normal,KN010206-r6-rain,0.7505628691608374,mid,KN010206-r6-price,0.21316444388417563,13.52,1,26.52,2026-06-11T16:58:12.705Z,2026-06-11T16:58:15.281Z,2576.7000000029802,"[{""t"":199657.5,""value"":1},{""t"":199821.5,""value"":2},{""t"":199989.79999999702,""value"":3},{""t"":200128.20000000298,""value"":4}]"
0e9d4757-9d46-422a-9601-4776c67db30c,KN010206,ENUM203,,ha,5,0.3.0-v2,7,false,1,true,24,drought,KN010206-r7-rain,0.8470438448532195,mid,KN010206-r7-price,0.41653784314114306,2,1,24,2026-06-11T16:58:17.849Z,2026-06-11T16:58:21.861Z,4011.2000000029802,"[{""t"":204928.20000000298,""value"":1},{""t"":205092,""value"":2},{""t"":205231.40000000596,""value"":3},{""t"":206696.40000000596,""value"":2},{""t"":206852.29999999702,""value"":1}]"
0e9d4757-9d46-422a-9601-4776c67db30c,KN010206,ENUM203,,ha,5,0.3.0-v2,8,false,3,true,22,good,KN010206-r8-rain,0.24942847517276748,mid,KN010206-r8-price,0.339778198417592,18.006,1,28.006,2026-06-11T16:58:25.314Z,2026-06-11T16:58:27.898Z,2583.9000000059605,"[{""t"":212525.10000000894,""value"":1},{""t"":212671.79999999702,""value"":2},{""t"":212811.79999999702,""value"":3}]"
0e9d4757-9d46-422a-9601-4776c67db30c,KN010206,ENUM203,,ha,5,0.3.0-v2,9,false,3,true,22,good,KN010206-r9-rain,0.12701764903016086,mid,KN010206-r9-price,0.5996911769524704,18.006,1,28.006,2026-06-11T16:58:31.685Z,2026-06-11T16:58:33.953Z,2268.199999988079,"[{""t"":218613.10000000894,""value"":1},{""t"":218793.29999999702,""value"":2},{""t"":218951.60000000894,""value"":3}]"